Date,TOTAL PUT/CALL RATIO,INDEX PUT/CALL RATIO,EXCHANGE TRADED PRODUCTS PUT/CALL RATIO,EQUITY PUT/CALL RATIO,CBOE VOLATILITY INDEX (VIX) PUT/CALL RATIO,SPX + SPXW PUT/CALL RATIO,OEX PUT/CALL RATIO,MRUT PUT/CALL RATIO,MXEA PUT/CALL RATIO,MXEF PUT/CALL RATIO,MXACW PUT/CALL RATIO,MXWLD PUT/CALL RATIO,MXUSA PUT/CALL RATIO,CBTX PUT/CALL RATIO,MBTX PUT/CALL RATIO,SPEQX PUT/CALL RATIO,SPEQW PUT/CALL RATIO,MGTN PUT/CALL RATIO,MGTNW PUT/CALL RATIO,DJX PUT/CALL RATIO,DJXW PUT/CALL RATIO,XSPBX PUT/CALL RATIO,XSPBW PUT/CALL RATIO,KPI BINARY OPTIONS PUT/CALL RATIO,KPI BINARY OPTION PUT/CALL RATIO,DataCollectedAt
2026-03-13,0.9,1.02,1.07,0.58,0.39,1.23,0.0,2.07,5.53,7.4,0.0,0.0,0.0,0.0,311.28,2.0,0.0,3.0,0.23,,,,,,,2026-10-07
2026-03-16,1.05,1.03,1.53,0.76,0.32,1.26,0.0,2.36,0.0,69.5,0.0,0.0,0.0,0.86,2.24,0.0,0.0,0.0,0.21,,,,,,,2026-10-07
2026-03-17,1.0,0.99,1.32,0.86,0.46,1.27,1.0,1.75,0.44,0.12,0.0,0.0,0.0,6.0,0.06,0.0,0.0,0.12,1.03,,,,,,,2026-10-07
2026-03-18,1.12,1.02,1.81,0.9,0.4,1.26,2.0,4.73,136.0,0.61,0.0,0.0,0.0,9.0,1.82,0.0,0.0,0.0,0.22,,,,,,,2026-10-07
2026-03-19,0.84,1.04,0.81,0.58,0.44,1.19,0.0,13.35,17.67,4.3,0.0,0.0,0.0,4.0,28.33,0.0,0.0,0.0,2.0,,,,,,,2026-10-07
2026-03-20,1.01,1.15,1.02,0.81,0.51,1.26,22.0,0.93,4.23,11.27,0.0,0.0,0.0,1.3,168.98,2.0,0.0,0.33,0.79,,,,,,,2026-10-07
2026-03-23,0.99,1.06,1.4,0.57,0.72,1.14,1.0,1.65,1.0,7.2,0.0,0.0,0.0,0.97,74.0,1.0,0.0,0.0,0.16,,,,,,,2026-10-07
2026-03-24,0.89,0.95,1.2,0.58,0.37,1.1,0.0,3.82,1.0,1387.0,0.0,0.0,0.0,3.67,0.0,7.0,0.0,0.0,0.88,,,,,,,2026-10-07
2026-03-25,0.99,1.06,1.6,0.56,0.59,1.16,2.0,4.13,0.0,2.0,0.0,0.0,0.0,8.5,0.33,0.0,1.0,0.8,1.25,,,,,,,2026-10-07
2026-03-26,1.0,1.21,1.1,0.63,1.15,1.23,1.0,1.53,0.0,0.0,0.0,0.0,0.0,1.0,17.43,1.0,0.0,0.12,0.25,,,,,,,2026-10-07
2026-03-27,0.96,1.15,1.33,0.56,0.81,1.21,2.0,2.57,0.0,0.0,0.0,0.0,0.0,2.5,6779.0,0.0,0.33,0.37,0.68,,,,,,,2026-10-07
2026-03-30,1.07,1.16,1.51,0.66,0.7,1.21,0.0,1.66,0.0,0.0,0.0,0.0,0.0,0.97,14.43,0.0,0.0,2.1,1.01,,,,,,,2026-10-07
2026-03-31,0.96,1.1,1.07,0.56,1.11,1.11,0.0,1.53,0.0,0.0,0.0,0.0,0.0,0.62,18.25,1.0,1.0,0.05,0.44,,,,,,,2026-10-07
2026-04-01,1.03,1.07,1.54,0.63,0.48,1.32,0.0,0.68,0.0,0.0,0.0,0.0,0.0,3.0,0.41,0.0,0.0,0.25,0.46,,,,,,,2026-10-07
2026-04-02,1.05,1.16,1.48,0.59,0.52,1.28,1.0,1.38,0.0,0.0,0.0,0.0,0.0,6.0,9.0,0.0,0.0,0.38,0.57,,,,,,,2026-10-07
2026-04-06,1.02,1.08,1.43,0.68,0.4,1.26,0.0,0.32,0.0,0.0,0.0,0.0,0.0,0.88,1.2,0.0,0.0,0.66,0.23,,,,,,,2026-10-07
2026-04-07,0.96,0.98,1.2,0.72,0.55,1.07,0.0,3.7,0.0,0.0,0.0,0.0,0.0,3.67,5.0,0.0,0.0,0.62,1.91,,,,,,,2026-10-07
2026-04-08,1.03,1.08,1.69,0.56,0.5,1.31,0.0,1.3,0.0,0.0,0.0,0.0,0.0,2.8,6671.0,0.0,0.0,1.64,0.31,,,,,,,2026-10-07
2026-04-09,0.89,0.98,1.49,0.48,0.7,1.06,0.0,0.91,0.0,0.0,0.0,0.0,0.0,0.84,0.2,0.0,0.0,0.91,0.32,,,,,,,2026-10-07
2026-04-10,0.82,0.93,1.13,0.51,0.35,1.18,0.0,0.79,0.0,0.0,0.0,0.0,0.0,1.07,0.5,0.0,0.0,0.47,1.44,,,,,,,2026-10-07
2026-04-13,0.87,0.96,1.25,0.52,0.58,1.06,0.0,2.31,0.0,0.0,0.0,0.0,0.0,0.78,2.67,0.0,0.0,0.14,0.17,,,,,,,2026-10-07
2026-04-14,0.68,0.7,0.91,0.5,0.29,0.92,0.0,0.56,0.0,0.0,0.0,0.0,0.0,16.0,1.5,0.0,0.0,0.22,0.37,,,,,,,2026-10-07
2026-04-15,0.78,0.93,1.03,0.47,0.58,0.99,0.0,2.0,0.0,0.0,0.0,0.0,0.0,9.0,9.0,0.0,0.0,0.54,0.49,,,,,,,2026-10-07
2026-04-16,0.67,0.82,0.69,0.45,0.26,1.09,0.0,1.88,0.0,0.0,0.0,0.0,0.0,0.75,3357.0,0.0,0.0,0.07,0.25,,,,,,,2026-10-07
2026-04-17,0.66,0.85,0.79,0.41,0.35,0.94,10.0,1.05,0.0,0.0,0.0,0.0,0.0,223.0,49.33,0.0,0.0,0.12,0.27,,,,,,,2026-10-07
2026-04-20,0.91,1.16,1.13,0.54,0.84,1.17,1.0,0.59,0.0,0.0,0.0,0.0,0.0,1.03,11.0,0.0,0.0,0.67,0.63,,,,,,,2026-10-07
2026-04-21,0.94,1.11,1.17,0.56,0.42,1.22,0.02,1.51,0.0,0.0,0.0,0.0,0.0,0.85,4.0,0.0,0.0,0.33,0.78,,,,,,,2026-10-07
2026-04-22,0.86,1.09,1.25,0.48,0.66,1.15,0.0,1.95,0.0,0.0,0.0,0.0,0.0,6.33,570.25,0.0,0.0,0.15,0.25,,,,,,,2026-10-07
2026-04-23,0.91,1.19,1.1,0.51,0.54,1.25,1.0,9.16,0.0,0.0,0.0,0.0,0.0,1.81,291.0,0.0,0.0,0.18,1.04,,,,,,,2026-10-07
2026-04-24,0.79,0.95,1.06,0.53,0.42,1.06,0.0,1.35,0.0,0.0,0.0,0.0,0.0,1.07,0.0,0.0,0.0,0.01,0.43,,,,,,,2026-10-07
2026-04-27,0.86,1.12,1.25,0.5,0.61,1.19,0.0,2.25,0.0,0.0,0.0,0.0,0.0,0.76,15.67,0.0,0.0,0.07,0.32,,,,,,,2026-10-07
2026-04-28,0.83,1.07,0.91,0.52,0.6,1.14,1.0,3.44,0.0,0.0,0.0,0.0,0.0,6.33,0.6,0.0,0.0,0.08,0.23,,,,,,,2026-10-07
2026-04-29,0.93,1.0,1.87,0.52,0.18,1.26,0.0,2.88,0.0,0.0,0.0,0.0,0.0,3.0,1.0,0.0,0.0,0.05,0.41,,,,,,,2026-10-07
2026-04-30,0.78,0.97,0.98,0.46,0.44,1.03,1.0,0.59,0.0,0.0,0.0,0.0,0.0,0.04,6.0,0.0,0.0,0.38,0.33,,,,,,,2026-10-07
2026-05-01,0.76,0.98,0.99,0.46,0.28,1.07,0.0,1.12,0.0,0.0,0.0,0.0,0.0,0.5,1475.0,0.0,0.5,0.22,0.57,,,,,,,2026-10-07
2026-05-04,0.87,1.12,0.98,0.54,0.16,1.29,0.0,2.97,0.0,0.0,0.0,0.0,0.0,1.4,240.5,0.0,0.0,0.06,0.54,,,,,,,2026-10-07
2026-05-05,0.84,1.06,1.02,0.57,0.47,1.16,0.0,0.57,0.0,0.0,0.0,0.0,0.0,2.89,2.22,0.0,0.0,0.1,0.73,,,,,,,2026-10-07
2026-05-06,0.67,0.71,0.9,0.51,0.37,0.77,0.33,0.66,0.0,0.0,0.0,0.0,0.0,1.2,7.0,0.0,0.0,0.03,0.59,,,,,,,2026-10-07
2026-05-07,0.8,1.11,0.87,0.46,0.48,1.21,0.0,1.15,0.0,0.0,0.0,0.0,0.0,12.5,11.0,0.0,0.0,0.35,0.54,,,,,,,2026-10-07
2026-05-08,0.74,1.03,0.78,0.53,0.36,1.14,6.0,1.36,0.0,0.0,0.0,0.0,0.0,0.79,4942.0,0.0,0.0,0.31,0.41,,,,,,,2026-10-07
2026-05-11,0.74,1.18,0.79,0.43,0.65,1.28,0.0,2.76,0.0,0.0,0.0,0.0,0.0,0.88,1.05,0.0,0.0,0.32,0.36,,,,,,,2026-10-07
2026-05-12,0.84,1.13,0.98,0.49,0.68,1.21,3.0,2.11,0.0,0.0,0.0,0.0,0.0,0.27,7.33,0.0,0.0,0.14,0.64,,,,,,,2026-10-07
2026-05-13,0.73,0.89,0.93,0.5,0.3,0.99,0.0,0.44,0.0,0.0,0.0,0.0,0.0,0.62,2.75,0.0,0.0,0.17,0.33,,,,,,,2026-10-07
2026-05-14,0.67,0.93,0.51,0.51,0.7,0.96,0.0,1.18,0.0,0.0,0.0,0.0,0.0,0.32,4.17,0.0,0.0,0.11,0.28,,,,,,,2026-10-07
2026-05-15,0.93,1.03,1.35,0.59,0.37,1.15,0.0,1.18,0.0,0.0,0.0,0.0,0.0,0.86,628.75,0.0,0.0,0.07,0.44,,,,,,,2026-10-07
2026-05-18,0.82,0.91,1.2,0.51,0.49,1.07,1.0,0.96,0.0,0.0,0.0,0.0,0.0,0.62,29.33,0.0,0.0,0.0,3.08,0.93,0.91,,,,,2026-10-07
2026-05-19,0.84,0.91,1.07,0.56,0.18,1.23,0.05,0.54,0.0,0.0,0.0,0.0,0.0,4.0,0.71,0.0,0.0,0.04,3.88,4.59,0.79,,,,,2026-10-07
2026-05-20,0.75,0.77,1.18,0.49,0.19,1.0,0.0,0.17,0.0,0.0,0.0,0.0,0.0,6.0,1.25,0.0,0.0,0.22,0.42,0.99,1.27,,,,,2026-10-07
2026-05-21,0.83,0.97,1.13,0.49,0.5,1.03,0.0,1.43,0.0,0.0,0.0,0.0,0.0,0.7,0.0,0.0,0.0,0.0,0.4,0.61,0.26,,,,,2026-10-07
2026-05-22,0.85,1.18,0.94,0.55,0.75,1.2,1.0,1.93,0.0,0.0,0.0,0.0,0.0,0.69,215.0,0.0,0.0,0.5,0.16,0.4,0.96,,,,,2026-10-07
2026-05-26,0.82,1.11,1.01,0.47,0.51,1.2,0.0,0.81,0.0,0.0,0.0,0.0,0.0,20.0,0.44,0.0,0.0,1.23,0.47,0.9,1.73,,,,,2026-10-07
2026-05-27,0.83,1.08,1.28,0.43,0.28,1.18,0.0,1.36,0.0,0.0,0.0,0.0,0.0,1.46,0.12,0.0,0.0,0.05,1.3,0.85,2.89,,,,,2026-10-07
2026-05-28,0.74,1.07,1.03,0.39,0.61,1.15,5.0,1.44,0.0,0.0,0.0,0.0,0.0,8.22,8.0,0.0,0.0,0.36,0.5,1.03,0.04,,,,,2026-10-07
2026-05-29,0.64,0.84,0.73,0.42,0.34,0.88,0.09,0.58,0.0,0.0,0.0,0.0,0.0,0.01,430.5,0.0,0.0,0.25,0.36,2.2,0.09,,,,,2026-10-07
2026-06-01,0.77,0.99,1.17,0.44,0.51,1.05,0.0,1.3,0.0,0.0,0.0,0.0,0.0,0.64,9.0,0.0,0.0,0.16,0.66,0.46,0.26,0.0,0.0,,,2026-10-07
2026-06-02,0.73,1.0,0.91,0.43,0.34,1.17,0.0,1.4,0.0,0.0,0.0,0.0,0.0,1.58,289.78,0.0,1.0,0.15,0.64,0.05,0.08,0.0,0.0,,,2026-10-07
2026-06-03,0.83,1.02,1.28,0.49,0.29,1.22,7.0,0.91,0.0,0.0,0.0,0.0,0.0,57.0,1.5,0.0,0.0,1.59,0.54,0.94,1.02,0.0,0.0,,,2026-10-07
2026-06-04,0.77,1.07,0.86,0.44,0.82,1.09,2.0,1.03,0.0,0.0,0.0,0.0,0.0,122.0,5.0,0.0,0.0,0.8,0.51,1.91,0.16,0.0,0.0,,,2026-10-07
2026-06-05,0.97,1.13,1.08,0.67,0.43,1.32,5.0,2.05,0.0,0.0,0.0,0.0,0.0,31.33,215.67,0.0,0.0,1.18,0.69,3.53,1.09,0.0,0.0,,,2026-10-07
2026-06-08,0.96,1.24,1.13,0.52,0.73,1.34,1.0,1.47,0.0,0.0,0.0,0.0,0.0,5.24,11.17,0.0,0.0,1.38,0.28,0.71,0.52,0.0,0.0,,,2026-10-07
2026-06-09,0.96,1.11,1.11,0.62,0.37,1.26,2.0,2.59,0.0,0.0,0.0,0.0,0.0,3.37,10.0,0.0,0.0,0.7,0.48,2.79,1.79,0.0,0.0,,,2026-10-07
2026-06-10,0.97,1.06,1.23,0.66,0.4,1.23,1.0,1.63,0.0,0.0,0.0,0.0,0.0,24.5,3.0,0.0,0.0,1.33,1.13,6.08,0.33,0.0,0.0,,,2026-10-07
2026-06-11,0.86,0.98,1.05,0.56,0.43,1.06,0.0,0.78,0.0,0.0,0.0,0.0,0.0,1.83,22.0,0.0,0.0,0.17,0.53,0.26,0.5,0.0,0.0,,,2026-10-07
2026-06-12,0.76,1.06,0.68,0.54,0.67,1.14,0.0,0.36,0.0,0.0,0.0,0.0,0.0,1.05,889.0,0.0,0.0,0.05,1.43,2.17,0.06,0.0,0.0,,,2026-10-07
2026-06-15,0.89,1.16,0.96,0.54,1.28,1.15,0.0,0.54,0.0,0.0,0.0,0.0,0.0,0.69,2.0,0.0,0.0,1.17,0.19,22.58,0.33,0.0,0.76,,,2026-10-07
2026-06-16,0.84,0.93,1.0,0.59,0.24,1.29,0.0,2.07,0.0,0.0,0.0,0.0,0.0,0.86,0.0,0.0,0.0,0.44,1.63,0.39,0.43,0.0,0.0,,,2026-10-07
2026-06-17,0.86,1.11,0.91,0.59,0.32,1.28,0.0,1.12,0.0,0.0,0.0,0.0,0.0,1.22,26.0,0.5,0.0,0.48,1.8,2.1,22.0,0.0,3.0,,,2026-10-07
2026-06-18,0.91,1.17,1.1,0.58,0.2,1.32,1.0,0.86,0.0,0.0,0.0,0.0,0.0,2.96,29.0,0.0,0.0,1.12,0.78,0.08,0.83,0.0,0.0,,,2026-10-07
2026-06-22,0.92,1.08,1.15,0.6,0.23,1.22,0.0,0.78,0.0,0.0,0.0,0.0,0.0,1.72,2.0,0.0,0.0,0.02,1.55,0.76,1.68,0.0,0.0,,,2026-10-07
2026-06-23,0.92,1.06,1.13,0.56,0.41,1.18,3.0,1.26,0.0,0.0,0.0,0.0,0.0,2.04,7.0,0.0,0.0,0.14,2.23,1.32,7.8,0.0,5.0,,,2026-10-07
2026-06-24,1.02,1.16,1.38,0.61,0.82,1.2,1.0,2.12,0.0,0.0,0.0,0.0,0.0,2.74,45.0,0.0,0.0,1.0,1.54,2.78,1.25,0.0,0.0,,,2026-10-07
2026-06-25,0.99,1.18,1.14,0.67,0.57,1.23,0.0,0.83,0.0,0.0,0.0,0.0,0.0,9.83,1.0,0.0,0.0,0.07,1.4,0.77,1.22,0.0,0.04,,,2026-10-07
2026-06-26,1.12,1.19,1.4,0.85,0.73,1.22,0.5,1.24,0.0,0.0,0.0,0.0,0.0,3.94,5401.0,0.0,0.0,0.04,0.53,1.1,0.14,0.0,0.5,,,2026-10-07
2026-06-29,0.95,1.19,1.18,0.59,1.4,1.16,0.0,0.47,0.0,0.0,0.0,0.0,0.0,1.71,9.67,0.0,0.0,0.46,0.67,0.72,0.24,0.0,2.0,,,2026-10-07
2026-06-30,0.88,1.01,0.98,0.64,0.61,1.09,4.0,2.0,0.0,0.0,0.0,0.0,0.0,0.65,23.5,0.0,0.0,0.01,0.53,0.73,2.25,0.0,0.0,,,2026-10-07
2026-07-01,0.9,0.95,1.18,0.69,0.33,1.02,1.0,1.75,0.0,0.0,0.0,0.0,0.0,0.0,36.0,0.0,0.0,0.3,0.26,0.51,0.34,0.0,1.0,,,2026-10-07
2026-07-02,0.79,0.97,0.95,0.53,0.38,1.07,1.0,1.3,0.0,0.0,0.0,0.0,0.0,0.76,21.0,0.0,0.0,0.29,0.68,0.75,0.1,0.0,0.0,,,2026-10-07
2026-07-06,0.9,1.02,1.19,0.62,0.43,1.13,0.0,0.57,0.0,0.0,0.0,0.0,0.0,0.65,927.0,0.0,1.0,2.17,0.63,0.36,7.88,0.0,0.4,,,2026-10-07
2026-07-07,0.9,1.01,0.98,0.69,0.21,1.24,0.0,1.42,0.0,0.0,0.0,0.0,0.0,0.0,0.25,0.0,0.0,0.04,0.63,0.39,2.61,0.0,1.0,,,2026-10-07
2026-07-08,1.03,1.01,1.3,0.86,0.51,1.12,0.0,0.53,0.0,0.0,0.0,0.0,0.0,0.59,1.0,0.0,0.0,1.08,2.26,0.68,0.28,0.0,0.0,,,2026-10-07
2026-07-09,0.86,1.01,1.04,0.57,0.51,1.08,0.0,1.59,0.0,0.0,0.0,0.0,0.0,3.0,0.0,0.0,0.0,1.89,0.93,0.37,0.47,0.0,0.33,,,2026-10-07
2026-07-10,0.81,1.01,0.93,0.55,0.44,1.12,0.0,4.09,0.0,0.0,0.0,0.0,0.0,4.0,0.22,0.0,0.0,0.28,0.38,0.09,1.84,0.0,0.0,,,2026-10-07
2026-07-13,0.96,1.1,1.21,0.67,0.49,1.23,0.0,3.0,0.0,0.0,0.0,0.0,0.0,0.71,1.0,0.0,0.0,0.1,0.45,2.99,1.98,0.0,0.0,,,2026-10-07
2026-07-14,0.93,1.01,1.17,0.62,0.32,1.18,0.0,5.38,0.0,0.0,0.0,0.0,0.0,4.0,1.0,0.0,0.0,2.07,0.82,0.76,0.73,0.0,0.0,,,2026-10-07
2026-07-15,0.93,1.02,1.16,0.69,0.35,1.15,0.0,0.48,0.0,0.0,0.0,0.0,0.0,46.0,1.5,0.0,0.0,4.5,0.78,0.94,1.71,0.0,0.0,,,2026-10-07
2026-07-16,0.87,0.98,0.95,0.67,0.25,1.17,0.0,0.55,0.0,0.0,0.0,0.0,0.0,2.0,0.09,0.0,0.0,1.85,0.76,1.33,0.16,0.0,0.0,,,2026-10-07
2026-07-17,0.97,0.98,1.26,0.73,0.36,1.18,3.0,2.11,0.0,0.0,0.0,0.0,0.0,86.0,1.0,0.0,0.0,0.21,0.55,0.09,0.39,0.0,0.0,,,2026-10-07
2026-07-20,1.0,1.07,1.29,0.66,0.63,1.14,1.0,1.39,0.0,0.0,0.0,0.0,0.0,6.0,0.0,0.0,0.0,0.0,0.49,1.69,0.36,0.0,5.0,,,2026-10-07
2026-07-21,0.92,1.0,1.11,0.65,0.51,1.23,0.0,0.89,0.0,0.0,0.0,0.0,0.0,27.0,0.0,0.0,0.0,0.86,0.16,4.96,0.37,0.0,0.04,,,2026-10-07
2026-07-22,1.01,1.06,1.37,0.67,0.71,1.14,0.0,0.45,0.0,0.0,0.0,0.0,0.0,0.0,2.0,0.0,0.0,0.67,1.88,1.78,1.26,0.0,0.0,,,2026-10-07
2026-07-23,0.88,0.86,1.28,0.61,0.29,1.09,0.0,1.23,0.0,0.0,0.0,0.0,0.0,0.16,0.04,0.0,0.0,0.07,1.29,0.55,0.24,0.0,4.5,,,2026-10-07
2026-07-24,0.99,1.08,1.13,0.79,0.42,1.17,0.0,1.64,0.0,0.0,0.0,0.0,0.0,0.0,1.0,0.0,0.0,0.09,1.06,0.27,0.43,0.0,3.0,,,2026-10-07
2026-07-27,0.94,1.02,1.14,0.66,0.5,1.07,0.0,0.85,0.0,0.0,0.0,0.0,0.0,2.0,0.0,0.0,0.0,0.04,0.47,0.95,0.65,0.0,0.0,,,2026-10-07
2026-07-28,0.96,1.11,1.02,0.71,0.86,1.13,0.0,1.29,0.0,0.0,0.0,0.0,0.0,0.45,2.0,0.0,0.0,0.16,0.48,0.18,0.78,0.0,13.5,,,2026-10-07
2026-07-29,1.05,1.13,1.46,0.61,0.67,1.23,2.0,0.64,0.0,0.0,0.0,0.0,0.0,1.0,3.0,0.0,0.0,0.07,0.93,0.57,0.53,0.0,0.56,,,2026-10-07
2026-07-30,0.91,1.0,1.13,0.61,0.35,1.18,0.0,0.97,0.0,0.0,0.0,0.0,0.0,0.0,2.0,0.0,0.0,0.17,0.22,0.48,0.41,0.0,2.0,,,2026-10-07
2026-07-31,0.91,1.01,1.05,0.63,0.35,1.1,0.0,0.74,0.0,0.0,0.0,0.0,0.0,0.01,17.0,0.0,0.0,1.48,0.47,0.29,0.09,0.0,3.0,,,2026-10-07
2026-08-03,0.8,0.88,1.04,0.55,0.67,0.9,0.0,0.43,0.0,0.0,0.0,0.0,0.0,0.78,1.0,0.0,0.0,0.87,0.35,1.26,0.16,0.0,0.0,,,2026-10-07
2026-08-04,0.69,0.78,0.77,0.46,0.33,0.84,0.0,1.42,0.0,0.0,0.0,0.0,0.0,0.0,1.0,0.0,0.0,1.06,0.46,2.31,3.76,0.0,1.0,,,2026-10-07
2026-08-05,0.88,0.94,1.18,0.6,0.39,1.05,0.0,0.22,0.0,0.0,0.0,0.0,0.0,0.8,0.0,0.0,0.0,0.01,1.13,2.55,1.48,0.0,0.0,,,2026-10-07
2026-08-06,0.86,1.03,0.94,0.57,0.44,1.15,0.0,0.23,0.0,0.0,0.0,0.0,0.0,0.6,7.0,0.0,0.0,1.64,0.67,1.02,1.33,0.0,1.5,,,2026-10-07
2026-08-07,0.76,0.98,0.79,0.54,0.29,1.13,0.0,2.95,0.0,0.0,0.0,0.0,0.0,1.25,0.0,0.0,0.0,2.0,0.33,3.31,0.5,0.0,0.0,,,2026-10-07
2026-08-10,0.86,1.0,1.04,0.61,0.34,1.13,0.0,5.35,0.0,0.0,0.0,0.0,0.0,5.0,1.5,0.0,0.0,0.4,0.54,3.7,0.95,0.0,0.0,,,2026-10-07
2026-08-11,0.81,0.9,0.87,0.63,0.2,1.15,1.0,3.89,0.0,0.0,0.0,0.0,0.0,2.0,4.0,0.0,0.0,0.23,2.02,1.27,1.85,0.0,0.0,,,2026-10-07
2026-08-12,0.84,1.03,0.86,0.61,0.53,1.14,4.0,1.58,0.0,0.0,0.0,0.0,0.0,0.67,8.0,0.0,0.0,0.08,1.92,0.63,2.58,0.0,0.0,,,2026-10-07
2026-08-13,0.79,0.93,0.83,0.59,0.61,0.97,2.0,4.0,0.0,0.0,0.0,0.0,0.0,0.63,0.0,0.0,0.0,0.21,0.66,0.8,4.81,0.0,10.0,,,2026-10-07
2026-08-14,0.77,0.99,0.94,0.52,0.49,1.12,0.0,0.44,0.0,0.0,0.0,0.0,0.0,0.72,1.33,0.0,0.0,0.82,0.23,1.98,1.67,0.0,0.0,,0.0,2026-10-07
2026-08-17,0.92,1.03,1.13,0.65,0.42,1.28,21.0,0.74,0.0,0.0,0.0,0.0,0.0,0.67,16.0,0.0,0.0,0.67,1.05,17.77,1.09,0.0,0.0,,,2026-10-07
2026-08-18,0.95,1.12,1.19,0.64,0.44,1.31,0.0,1.88,0.0,0.0,0.0,0.0,0.0,0.67,0.0,0.0,0.0,1.38,0.27,1.64,0.49,0.0,0.0,,,2026-10-07
2026-08-19,0.8,0.97,1.03,0.52,0.3,1.14,0.0,3.68,0.0,0.0,0.0,0.0,0.0,0.85,2.25,0.0,0.0,1.25,0.77,1.0,5.72,0.0,0.0,,,2026-10-07
2026-08-20,0.78,0.92,0.84,0.58,0.2,1.06,2.0,1.03,0.0,0.0,0.0,0.0,0.0,7.14,0.74,0.0,0.0,0.16,0.28,0.73,1.58,0.0,2.0,,,2026-10-07
2026-08-21,0.72,0.85,0.89,0.51,0.21,1.13,1.0,2.64,0.0,0.0,0.0,0.0,0.0,10.41,0.29,0.0,0.0,2.0,0.85,0.02,0.78,0.0,0.0,,,2026-10-07
2026-08-24,0.91,1.0,1.12,0.68,0.27,1.14,1.0,5.53,0.0,0.0,0.0,0.0,0.0,7.86,1.64,0.0,0.0,8.29,0.84,15.33,0.77,0.0,0.75,,,2026-10-07
2026-08-25,0.83,0.97,0.91,0.57,0.43,1.1,0.05,2.07,0.0,0.0,0.0,0.0,0.0,0.82,0.4,0.0,0.0,0.03,0.38,1.15,1.38,0.0,3.0,,,2026-10-07
2026-08-26,0.87,0.94,1.13,0.64,0.34,1.05,0.0,0.38,0.0,0.0,0.0,0.0,0.0,4.25,1.0,0.0,0.0,0.43,0.21,15.71,1.03,0.0,4.0,,,2026-10-07
2026-08-27,0.73,0.92,1.04,0.39,0.42,1.1,1.0,2.43,0.0,0.0,0.0,0.0,0.0,2.67,0.09,0.0,0.0,0.88,0.55,0.75,1.66,0.0,10.0,,,2026-10-07
2026-08-28,0.84,0.99,0.91,0.62,0.25,1.15,1.0,1.96,0.0,0.0,0.0,0.0,0.0,9.0,2.0,0.0,0.0,19.38,0.22,25.5,0.61,0.0,0.66,,,2026-10-07
2026-08-31,0.84,0.92,0.85,0.7,0.25,1.05,1.0,0.67,0.0,0.0,0.0,0.0,0.0,0.01,8.33,0.0,0.0,3.15,0.27,0.45,0.42,0.0,0.42,,,2026-10-07
2026-09-01,0.95,1.03,1.21,0.67,0.34,1.21,0.0,3.0,0.0,0.0,0.0,0.0,0.0,0.86,13.5,0.0,0.0,0.01,0.08,3.12,1.62,0.0,0.82,,,2026-10-07
2026-09-02,0.84,0.91,1.31,0.56,0.33,1.05,0.0,0.67,0.0,0.0,0.0,0.0,0.0,0.33,1.0,0.0,0.0,8.0,0.14,0.14,0.48,0.0,0.79,,,2026-10-07
2026-09-03,0.76,0.94,0.96,0.47,0.48,0.99,0.0,3.37,0.0,0.0,0.0,0.0,0.0,0.4,0.47,0.0,0.0,0.98,0.59,4.95,0.9,0.0,0.75,,,2026-10-07
2026-09-04,0.76,0.89,0.85,0.58,0.21,1.15,0.0,0.84,0.0,0.0,0.0,0.0,0.0,0.5,1.0,0.0,0.0,5.0,0.13,2.09,0.14,0.0,1.03,,,2026-10-07
2026-09-08,0.8,0.99,0.97,0.48,0.3,1.2,1.0,4.73,0.0,0.0,0.0,0.0,0.0,0.33,4.0,0.0,0.0,1.47,0.26,0.93,0.37,0.0,2.27,,,2026-10-07
2026-09-09,0.88,0.95,1.14,0.67,0.35,1.14,0.0,1.68,0.0,0.0,0.0,0.0,0.0,0.71,3.0,0.0,0.0,0.0,0.33,0.34,0.27,0.0,54.73,,,2026-10-07
2026-09-10,0.83,0.85,1.17,0.6,0.26,1.14,0.0,2.23,0.0,0.0,0.0,0.0,0.0,4.0,11.0,0.0,0.0,0.0,0.33,0.45,0.49,0.0,6.31,,,2026-10-07
2026-09-11,0.86,1.06,0.99,0.58,0.43,1.23,0.0,3.93,0.0,0.0,0.0,0.0,0.0,0.62,3.5,0.0,0.0,7.6,0.28,13.95,0.59,0.0,2.44,0.0,,2026-10-07
2026-09-14,0.91,0.96,1.22,0.67,0.39,1.11,0.0,1.39,0.0,0.0,0.0,0.0,0.0,0.68,4.0,0.0,0.0,7.5,0.44,1.42,0.46,0.0,2.3,,,2026-10-07
2026-09-15,0.86,1.01,0.99,0.56,0.33,1.2,1.0,4.83,0.0,0.0,0.0,0.0,0.0,0.0,0.83,0.0,0.0,0.5,0.37,2.32,0.61,0.0,2.3,,,2026-10-07
2026-09-16,0.98,1.02,1.39,0.69,0.4,1.28,15.0,4.29,0.0,0.0,0.0,0.0,0.0,8.0,0.59,0.0,0.0,2.71,0.49,1.0,0.63,0.0,0.9,,,2026-10-07
2026-09-17,0.79,1.07,0.76,0.52,0.5,1.15,0.0,2.35,0.0,0.0,0.0,0.0,0.0,3.25,0.27,0.0,0.0,1.5,0.18,4.71,0.92,0.0,0.91,,,2026-10-07
2026-09-18,0.81,0.98,0.94,0.58,0.21,1.13,2.0,0.88,0.0,0.0,0.0,0.0,0.0,49.0,1.5,0.0,1.0,2.92,0.23,0.03,0.51,0.0,1.04,,,2026-10-07
2026-09-21,0.74,0.8,0.97,0.53,0.59,0.81,0.5,1.39,0.0,0.0,0.0,0.0,0.0,0.0,1.21,0.0,0.0,0.96,0.58,0.48,0.51,0.0,2.1,,,2026-10-07
2026-09-22,0.78,0.93,0.93,0.47,0.47,1.04,5.0,1.4,0.0,0.0,0.0,0.0,0.0,0.96,0.33,0.0,0.0,1.5,0.05,2.56,1.12,0.0,0.63,,,2026-10-07
2026-09-23,0.86,1.04,1.17,0.46,0.36,1.18,0.0,2.28,0.0,0.0,0.0,0.0,0.0,0.0,0.5,0.0,0.0,0.35,0.13,7.24,0.74,0.0,0.81,,,2026-10-07
2026-09-24,0.8,0.87,0.98,0.55,0.38,0.96,2.0,1.19,0.0,0.0,0.0,0.0,0.0,0.67,0.33,0.0,1.0,0.59,0.17,1.86,0.69,0.0,1.48,,,2026-10-07
2026-09-25,0.75,0.95,0.77,0.52,0.29,1.06,0.0,1.68,0.0,0.0,0.0,0.0,0.0,0.98,1.0,0.0,0.0,8.0,0.28,0.55,0.72,0.0,1.47,,,2026-10-07
2026-09-28,0.88,0.97,1.15,0.58,0.48,1.02,0.0,0.56,0.0,0.0,0.0,0.0,0.0,1.0,0.5,0.0,0.0,1.0,0.24,12.93,0.37,0.0,0.62,,,2026-10-07
2026-09-29,0.76,1.01,0.91,0.38,0.41,1.09,1.0,1.94,0.0,0.0,0.0,0.0,0.0,1.12,2.0,0.0,0.0,0.13,0.1,1.07,0.25,0.0,0.39,,,2026-10-07
2026-09-30,0.88,1.03,1.04,0.53,0.56,1.09,0.0,0.6,0.0,0.0,0.0,0.0,0.0,0.65,3.86,0.0,0.0,1.5,0.11,2.08,0.53,0.0,0.18,,,2026-10-07
2026-10-01,0.9,1.01,1.09,0.57,0.57,1.11,3.0,2.33,0.0,0.0,0.0,0.0,0.0,0.62,1.0,0.0,0.0,5.8,0.07,1.11,0.38,0.0,0.63,,,2026-10-07
2026-10-02,0.78,0.86,0.88,0.58,0.14,1.15,0.0,1.13,0.0,0.0,0.0,0.0,0.0,0.67,1.83,0.0,0.0,0.47,0.04,1.95,1.15,0.0,1.21,0.0,,2026-10-07
2026-10-05,0.83,0.91,1.05,0.59,0.31,1.03,0.0,2.35,0.0,0.0,0.0,0.0,0.0,0.62,8.27,0.0,0.0,0.21,0.06,1.52,1.37,0.0,1.57,,,2026-10-07
2026-10-06,0.82,0.88,1.04,0.57,0.22,1.03,0.0,4.25,0.0,0.0,0.0,0.0,0.0,0.66,1.0,0.0,0.0,0.65,0.38,3.88,0.56,0.0,0.49,,,2026-10-07
2026-10-07,0.87,0.93,1.09,0.63,0.39,1.1,0.0,0.81,0.0,0.0,0.0,0.0,0.0,0.67,0.33,0.0,0.0,6.5,0.21,0.77,1.5,0.0,1.63,,,2026-10-07
