Date,ShortVolume,TotalVolume,ShortRatioPct,NSymbols,DataCollectedAt
2026-04-24,3703538041.470221,7536442303.092336,49.141728849308564,11363,2026-10-07
2026-04-27,3271294112.6701183,6847750660.836803,47.77180529336567,11410,2026-10-07
2026-04-28,3204606392.256547,6696186292.465454,47.85718694628267,11279,2026-10-07
2026-04-29,3556703193.662369,7173115067.26174,49.58380229943952,11335,2026-10-07
2026-04-30,3506631153.031415,7352482526.877158,47.6931586061286,11369,2026-10-07
2026-05-01,3282003734.5504456,6875228145.86573,47.73665200512666,11423,2026-10-07
2026-05-04,3489456474.0955677,7218575366.6502285,48.33996040571709,11411,2026-10-07
2026-05-05,3473675746.822585,7194320533.48987,48.28358328840751,11395,2026-10-07
2026-05-06,3818991429.772274,8104389024.799295,47.12250877994904,11479,2026-10-07
2026-05-07,3914588437.669936,8320634071.82863,47.046756339443554,11438,2026-10-07
2026-05-08,3757022309.395429,7968990544.747786,47.14552349257853,11394,2026-10-07
2026-05-11,4287475430.1610737,9043292564.086227,47.41055760142046,11480,2026-10-07
2026-05-12,3995214404.2539487,8406183277.481021,47.52709133711805,11461,2026-10-07
2026-05-13,3988406504.387487,8236614037.121522,48.42288938649029,11422,2026-10-07
2026-05-14,4172453189.764945,8575885498.908673,48.653322042323346,11420,2026-10-07
2026-05-15,4059733955.9734178,8200126606.67222,49.50818628422301,11465,2026-10-07
2026-05-18,4340670841.057934,8956322392.864002,48.46487934061403,11490,2026-10-07
2026-05-19,3901564715.5330434,8150207209.67848,47.870742610076015,11437,2026-10-07
2026-05-20,3866918804.7259054,7936345035.1976385,48.724177030813884,11425,2026-10-07
2026-05-21,3747555947.2671237,7681866000.685902,48.7844482959285,11411,2026-10-07
2026-05-22,3680818301.0977063,7774149288.401666,47.346895004822684,11479,2026-10-07
2026-05-26,3813678187.341784,8194993349.916767,46.53668434496677,11553,2026-10-07
2026-05-27,3962159672.049376,8398939058.508032,47.17452578770354,11539,2026-10-07
2026-05-28,4194027985.973456,8921172607.862059,47.0120708378329,11555,2026-10-07
2026-05-29,4316336516.927298,9312398901.555313,46.35042551931923,11605,2026-10-07
2026-06-01,4561418691.020297,9645460983.072193,47.29083139754127,11658,2026-10-07
2026-06-02,4441539108.023312,9227761502.832905,48.13235698234906,11598,2026-10-07
2026-06-03,4306420348.592442,8930474584.548069,48.22162929665143,11599,2026-10-07
2026-06-04,3834493951.193639,8237847015.256569,46.54728285305761,11598,2026-10-07
2026-06-05,4752820778.211861,10370278421.88415,45.831178150261586,11549,2026-10-07
2026-06-08,4104958906.345376,8626728467.767338,47.58419048058632,11594,2026-10-07
2026-06-09,4673935103.022403,10370136591.833233,45.07110452820125,11514,2026-10-07
2026-06-10,4123213012.329357,8753124496.149841,47.105613705631605,11579,2026-10-07
2026-06-11,4236999446.102666,8949323462.806356,47.34435472929051,11595,2026-10-07
2026-06-12,3872027938.028842,8207665137.232946,47.17575428929134,11579,2026-10-07
2026-06-15,4403488472.356573,9179293948.410381,47.97197363005402,11682,2026-10-07
2026-06-16,4435429563.457708,9402168428.832905,47.17453848046285,11557,2026-10-07
2026-06-17,4868595526.474014,10212635255.28543,47.67227463601355,11536,2026-10-07
2026-06-18,5238857736.895953,10676350142.631674,49.06974449982396,11583,2026-10-07
2026-06-22,4551496884.672628,9554457318.76105,47.63741919423669,11620,2026-10-07
2026-06-23,5209518333.63596,10763126163.773657,48.40153552385241,11593,2026-10-07
2026-06-24,5968974157.345861,12111722379.769749,49.28262034238713,11591,2026-10-07
2026-06-25,4205671063.143631,9069497119.953308,46.371601506890194,11613,2026-10-07
2026-06-26,4259348851.149192,8873104733.02988,48.00291419184862,11973,2026-10-07
2026-06-29,4101263784.975455,8497388284.160118,48.264992110818014,12192,2026-10-07
2026-06-30,4242022161.8864517,8582951221.541687,49.423817663552924,12216,2026-10-07
2026-07-01,4112157257.9007816,8618734595.09393,47.71184461627996,12215,2026-10-07
2026-07-02,4015020588.785727,8666309290.907942,46.329071049864254,12240,2026-10-07
2026-07-06,3637374773.340845,7488579683.147181,48.57229177285308,12186,2026-10-07
2026-07-07,3879425139.810316,7916830138.437571,49.0022530731718,12174,2026-10-07
2026-07-08,3945587894.1447306,7862844376.141684,50.18016007180394,12145,2026-10-07
2026-07-09,3510845487.700367,7061236577.542215,49.719981042221036,12104,2026-10-07
2026-07-10,3310766296.326824,6585444921.802276,50.2739956926213,12092,2026-10-07
2026-07-13,3694514369.32814,7221128261.613837,51.16256401326487,12143,2026-10-07
2026-07-14,3614382985.794901,7175961158.471598,50.36792850429427,12108,2026-10-07
2026-07-15,3794799523.4465733,7571918823.924372,50.116748629904166,12118,2026-10-07
2026-07-16,4033822409.0268764,8062533844.9784,50.031695824002874,12157,2026-10-07
2026-07-17,3867251628.4158382,7900389931.479406,48.95013615728796,12149,2026-10-07
2026-07-20,3658855945.1078043,7363023397.003138,49.692303661523255,12149,2026-10-07
2026-07-21,3801775612.0813913,7529402161.838867,50.492396744988085,12156,2026-10-07
2026-07-22,3642902830.5313864,7071111107.965821,51.518110448406695,12083,2026-10-07
2026-07-23,3708748078.113385,7248715614.658403,51.16420998243508,12112,2026-10-07
2026-07-24,3377645702.14257,6869141288.55975,49.17129463864558,12141,2026-10-07
2026-07-27,3386973803.369519,6981344054.44655,48.51463811201643,12108,2026-10-07
2026-07-28,3671976243.99846,7649675099.340141,48.00172812980258,12126,2026-10-07
2026-07-29,3752817479.267585,7675302539.252634,48.894717310166214,12158,2026-10-07
2026-07-30,3879264209.950259,7708649006.084219,50.3235288944725,12129,2026-10-07
2026-07-31,4070312510.518962,7986870138.063506,50.96254778352824,12132,2026-10-07
2026-08-03,4211228760.434539,8305017164.446615,50.70704463396668,12199,2026-10-07
2026-08-04,3960592076.7222433,7928747152.117733,49.95230647081975,12215,2026-10-07
2026-08-05,3833439627.3008633,7506073392.32933,51.07117166238161,12233,2026-10-07
2026-08-06,3816506880.560542,7479725235.422796,51.02469356074965,12173,2026-10-07
2026-08-07,3683988770.4543657,7418878923.264648,49.656946939811235,12180,2026-10-07
2026-08-10,3449135109.730932,6710320303.99134,51.40045412853639,12224,2026-10-07
2026-08-11,3414029578.202263,6710215252.719489,50.878093319266306,12181,2026-10-07
2026-08-12,3427410593.51794,6761668072.702812,50.68883235121472,12199,2026-10-07
2026-08-13,3639017799.3572073,7239421158.557017,50.266695632921945,12247,2026-10-07
2026-08-14,3235085727.9157887,6315927059.3093605,51.22107487209553,12195,2026-10-07
2026-08-17,3489617608.526617,6750154302.367031,51.69685687485598,12282,2026-10-07
2026-08-18,3375197835.879982,6701546415.020329,50.36446257113244,12258,2026-10-07
2026-08-19,3759451124.1067057,7610516086.314682,49.39811021314303,12272,2026-10-07
2026-08-20,3559384190.908972,7092581102.198568,50.184610364280914,12230,2026-10-07
2026-08-21,3244559758.945605,6564367887.85224,49.42684222421262,12269,2026-10-07
2026-08-24,3242975244.49899,6488708001.742647,49.97875144987318,12293,2026-10-07
2026-08-25,3227626276.5671663,6477949420.874012,49.824814410664096,12275,2026-10-07
2026-08-26,3287237242.805628,6377243145.353941,51.546368358253716,12241,2026-10-07
2026-08-27,3356038374.615472,6701603108.073879,50.078142803954215,12243,2026-10-07
2026-08-28,3755153158.050972,7367493322.795271,50.969210198432116,12223,2026-10-07
2026-08-31,3174840390.7498846,6293849778.647203,50.44353618862958,12319,2026-10-07
2026-09-01,3331621544.370729,6623652030.792109,50.298861245769686,12261,2026-10-07
2026-09-02,3528225637.712153,6997507354.669809,50.421177983579824,12275,2026-10-07
2026-09-03,3595161244.915461,7063894376.85521,50.89488960501698,12266,2026-10-07
2026-09-04,3041976788.548147,5954641520.281694,51.08580891372016,12215,2026-10-07
2026-09-08,3567559510.2739677,7008784821.897382,50.901256079769,12325,2026-10-07
2026-09-09,3496552164.873927,6709950188.219243,52.10995710538767,12275,2026-10-07
2026-09-10,3454983632.484569,6794786549.146212,50.84756684400483,12327,2026-10-07
2026-09-11,3236480449.4425287,6332436922.421171,51.109556859274306,12274,2026-10-07
2026-09-14,3434026318.13165,6843848161.429586,50.17683380945039,12307,2026-10-07
2026-09-15,3838034334.6304226,7513709808.422068,51.08041743012747,12331,2026-10-07
2026-09-16,4246882872.3952208,8164743997.731569,52.01489322353699,12282,2026-10-07
2026-09-17,3835823915.5567245,7559939341.625492,50.73881868914532,12333,2026-10-07
2026-09-18,3920914369.4670515,7458150375.440834,52.57220855157798,12315,2026-10-07
2026-09-21,3653855502.88614,7416705550.107027,49.265209171387596,12389,2026-10-07
2026-09-22,4289984001.0877633,8391121970.603489,51.12527283141408,12322,2026-10-07
2026-09-23,3967933548.670043,7689918314.256301,51.59916382094607,12371,2026-10-07
2026-09-24,3761367811.019953,7466573571.714336,50.37608984754619,12360,2026-10-07
2026-09-25,3381517391.9763823,6621182945.00326,51.0711970967103,12349,2026-10-07
2026-09-28,3765010868.597316,7396694963.642826,50.901259104283405,12341,2026-10-07
2026-09-29,3685037542.1943445,7233455789.898973,50.94435701591274,12348,2026-10-07
2026-09-30,3942557406.594983,7630055654.063666,51.67141086966029,12372,2026-10-07
2026-10-01,3990631411.370275,7718396736.414075,51.70285420213189,12343,2026-10-07
2026-10-02,3958095820.341708,7574561407.265844,52.25511561032343,12465,2026-10-07
2026-10-05,3730759345.8048563,7205837679.167511,51.77412414646385,12337,2026-10-07
2026-10-06,3934390435.451481,7612964269.065321,51.68013793836608,12355,2026-10-07
2026-10-07,3751495136.7851944,7153670112.383623,52.44154507895229,12321,2026-10-07
