Date,FedAssets_bn,TGA_bn,ON_RRP_bn,NetLiquidity_bn,NetLiq_Chg4w_bn,NetLiq_Chg13w_bn,AvailableFrom,DataCollectedAt
2002-12-18,719.542,6.595,0.0,712.947,,,2002-12-20,2026-10-07
2002-12-25,732.059,4.662,0.0,727.3969999999999,,,2002-12-27,2026-10-07
2003-01-01,730.994,4.42,0.0,726.5740000000001,,,2003-01-03,2026-10-07
2003-01-08,723.762,5.49,0.0,718.2719999999999,,,2003-01-10,2026-10-07
2003-01-15,720.074,5.192,0.0,714.882,1.9349999999999454,,2003-01-17,2026-10-07
2003-01-22,735.953,6.119,0.0,729.834,2.437000000000012,,2003-01-24,2026-10-07
2003-01-29,712.809,7.03,0.0,705.779,-20.795000000000073,,2003-01-31,2026-10-07
2003-02-05,719.643,5.664,0.0,713.979,-4.292999999999893,,2003-02-07,2026-10-07
2003-03-19,729.923,3.607,1.25,725.066,,12.119000000000028,2003-03-21,2026-10-07
2003-04-09,727.826,6.872,2.25,718.7040000000001,,0.43200000000013006,2003-04-11,2026-10-07
2003-06-04,731.667,6.126,1.25,724.291,,,2003-06-06,2026-10-07
2003-06-18,735.926,8.086,2.25,725.59,,0.5240000000000009,2003-06-20,2026-10-07
2003-11-05,744.116,4.615,2.75,736.751,,,2003-11-07,2026-10-07
2003-12-17,753.919,7.455,1.75,744.7139999999999,,,2003-12-19,2026-10-07
2004-01-07,755.829,4.915,2.5,748.414,,,2004-01-09,2026-10-07
2007-05-02,890.857,25.35,5.75,859.757,,,2007-05-04,2026-10-07
2008-03-19,888.646,5.364,7.25,876.0319999999999,,,2008-03-21,2026-10-07
2008-04-02,883.708,6.013,3.75,873.9449999999999,,,2008-04-04,2026-10-07
2008-09-24,1211.825,5.175,25.0,1181.65,,,2008-09-26,2026-10-07
2008-10-01,1503.989,5.278,20.0,1478.711,,,2008-10-03,2026-10-07
2008-10-08,1591.587,5.544,25.0,1561.043,,,2008-10-10,2026-10-07
2008-10-15,1770.809,23.983,25.0,1721.826,,,2008-10-17,2026-10-07
2008-10-22,1802.602,55.625,25.0,1721.977,540.327,,2008-10-24,2026-10-07
2008-10-29,1969.086,19.484,25.0,1924.602,445.8910000000001,,2008-10-31,2026-10-07
2008-11-05,2074.205,18.652,25.0,2030.5529999999999,469.51,,2008-11-07,2026-10-07
2008-11-12,2212.852,52.985,25.0,2134.8669999999997,413.0409999999997,,2008-11-14,2026-10-07
2008-11-19,2187.137,68.457,25.0,2093.6800000000003,371.7030000000002,,2008-11-21,2026-10-07
2008-11-26,2106.117,17.355,25.0,2063.762,139.16000000000008,,2008-11-28,2026-10-07
2008-12-03,2136.924,57.345,25.0,2054.579,24.026000000000295,,2008-12-05,2026-10-07
2008-12-10,2250.012,41.646,25.0,2183.366,48.49900000000025,,2008-12-12,2026-10-07
2008-12-17,2254.983,120.443,25.0,2109.54,15.859999999999673,,2008-12-19,2026-10-07
2011-03-30,2622.523,59.201,0.77,2562.552,,,2011-04-01,2026-10-07
2011-06-15,2827.549,126.428,0.749,2700.3720000000003,,,2011-06-17,2026-10-07
2011-08-17,2857.906,8.905,0.02,2848.9809999999998,,,2011-08-19,2026-10-07
2012-03-07,2884.747,26.437,0.99,2857.32,,,2012-03-09,2026-10-07
2013-04-03,3215.432,60.06,0.12,3155.252,,,2013-04-05,2026-10-07
2013-08-07,3585.359,62.679,2.26,3520.4199999999996,,,2013-08-09,2026-10-07
2013-08-14,3646.323,57.157,1.21,3587.9559999999997,,,2013-08-16,2026-10-07
2013-08-21,3645.668,41.527,5.0,3599.141,,,2013-08-23,2026-10-07
2013-09-25,3734.018,46.017,6.244,3681.757,,,2013-09-27,2026-10-07
2013-10-02,3747.387,57.533,2.702,3687.152,,,2013-10-04,2026-10-07
2013-10-09,3758.663,23.393,0.425,3734.845,,,2013-10-11,2026-10-07
2013-10-16,3813.599,31.866,2.97,3778.7630000000004,,,2013-10-18,2026-10-07
2013-10-23,3839.033,35.691,15.74,3787.6020000000003,105.84500000000025,,2013-10-25,2026-10-07
2013-10-30,3843.396,30.725,5.456,3807.215,120.0630000000001,,2013-11-01,2026-10-07
2013-11-06,3851.623,30.596,6.715,3814.312,79.4670000000001,293.8920000000003,2013-11-08,2026-10-07
2013-11-13,3907.424,34.247,3.97,3869.2070000000003,90.44399999999996,281.25100000000066,2013-11-15,2026-10-07
2013-11-20,3906.62,47.871,6.121,3852.6279999999997,65.02599999999939,253.48699999999963,2013-11-22,2026-10-07
2013-11-27,3925.876,45.433,5.721,3874.722,67.50700000000006,,2013-11-29,2026-10-07
2013-12-04,3932.626,32.379,11.095,3889.1520000000005,74.8400000000006,,2013-12-06,2026-10-07
2013-12-11,3993.955,21.49,34.461,3938.0040000000004,68.79700000000003,,2013-12-13,2026-10-07
2013-12-18,4008.062,116.998,11.105,3879.959,27.33100000000013,,2013-12-20,2026-10-07
2013-12-25,4032.575,93.893,42.245,3896.437,21.71499999999969,214.67999999999984,2013-12-27,2026-10-07
2014-01-01,4023.64,162.399,197.755,3663.486,-225.66600000000062,-23.666000000000167,2014-01-03,2026-10-07
2014-01-08,4028.185,110.758,43.545,3873.882,-64.1220000000003,139.03700000000026,2014-01-10,2026-10-07
2014-01-15,4071.528,87.926,46.752,3936.85,56.891000000000076,158.08699999999953,2014-01-17,2026-10-07
2014-01-22,4097.914,96.724,93.711,3907.479,11.041999999999916,119.8769999999995,2014-01-24,2026-10-07
2014-01-29,4102.138,95.632,94.276,3912.23,248.74400000000014,105.01499999999987,2014-01-31,2026-10-07
2014-02-05,4109.285,77.423,100.382,3931.48,57.597999999999956,117.16800000000012,2014-02-07,2026-10-07
2014-02-12,4119.474,32.564,94.026,3992.8840000000005,56.03400000000056,123.67700000000013,2014-02-14,2026-10-07
2014-02-19,4149.224,49.75,83.299,4016.175,108.69600000000037,163.54700000000048,2014-02-21,2026-10-07
2014-02-26,4159.972,27.427,130.111,4002.434,90.20400000000018,127.71199999999999,2014-02-28,2026-10-07
2014-03-05,4171.762,45.744,76.183,4049.835,118.35500000000002,160.68299999999954,2014-03-07,2026-10-07
2014-03-12,4181.361,42.797,66.2,4072.3640000000005,79.48000000000002,134.36000000000013,2014-03-14,2026-10-07
2014-03-19,4222.081,118.033,76.145,4027.903,11.72799999999961,147.94399999999996,2014-03-21,2026-10-07
2014-03-26,4226.971,89.067,101.944,4035.9599999999996,33.525999999999385,139.52299999999968,2014-03-28,2026-10-07
2014-04-02,4236.441,107.199,106.045,4023.197,-26.63799999999992,359.71100000000024,2014-04-04,2026-10-07
2014-04-09,4244.188,54.528,89.023,4100.637,28.27299999999923,226.75499999999965,2014-04-11,2026-10-07
2014-04-16,4283.967,134.483,71.744,4077.7399999999993,49.836999999999534,140.88999999999942,2014-04-18,2026-10-07
2014-04-23,4296.339,150.225,147.951,3998.1629999999996,-37.797000000000025,90.68399999999974,2014-04-25,2026-10-07
2014-04-30,4296.049,148.343,208.222,3939.484,-83.71300000000019,27.253999999999905,2014-05-02,2026-10-07
2014-05-07,4303.143,96.998,193.706,4012.4390000000003,-88.19799999999941,80.95900000000029,2014-05-09,2026-10-07
2014-05-14,4336.649,62.954,183.187,4090.5080000000007,12.768000000001393,97.62400000000025,2014-05-16,2026-10-07
2014-05-21,4327.56,31.128,220.722,4075.7100000000005,77.54700000000093,59.53500000000031,2014-05-23,2026-10-07
2014-05-28,4322.654,22.95,171.269,4128.435,188.95100000000048,126.0010000000002,2014-05-30,2026-10-07
2014-06-04,4330.917,31.902,127.401,4171.6140000000005,159.17500000000018,121.77900000000045,2014-06-06,2026-10-07
2014-06-11,4340.904,42.42,110.875,4187.609,97.10099999999966,115.24499999999989,2014-06-13,2026-10-07
2014-06-18,4368.168,147.619,88.388,4132.161,56.45099999999957,104.25800000000027,2014-06-20,2026-10-07
2014-06-25,4368.348,108.064,119.673,4140.611,12.175999999999476,104.6510000000003,2014-06-27,2026-10-07
2014-07-02,4377.031,101.085,148.492,4127.454,-44.160000000000764,104.2569999999996,2014-07-04,2026-10-07
2014-07-09,4383.401,56.503,144.921,4181.977,-5.632000000000517,81.34000000000015,2014-07-11,2026-10-07
2014-07-16,4398.201,63.737,105.841,4228.623,96.46199999999953,150.88300000000027,2014-07-18,2026-10-07
2014-07-23,4410.746,55.807,136.74,4218.1990000000005,77.58800000000065,220.03600000000097,2014-07-25,2026-10-07
2014-07-30,4406.637,70.123,115.757,4220.7570000000005,93.3030000000008,281.2730000000006,2014-08-01,2026-10-07
2014-08-06,4410.111,69.324,123.782,4217.005,35.02800000000025,204.5659999999998,2014-08-08,2026-10-07
2014-08-13,4431.923,68.67,135.622,4227.630999999999,-0.9920000000001892,137.12299999999868,2014-08-15,2026-10-07
2014-08-20,4412.924,32.225,150.444,4230.254999999999,12.055999999998676,154.5449999999987,2014-08-22,2026-10-07
2014-08-27,4413.736,29.547,179.845,4204.344,-16.413000000000466,75.90899999999965,2014-08-29,2026-10-07
2014-09-03,4415.587,21.036,151.016,4243.535000000001,26.530000000000655,71.92100000000028,2014-09-05,2026-10-07
2014-09-10,4421.408,31.872,160.299,4229.237,1.6060000000006767,41.6279999999997,2014-09-12,2026-10-07
2014-09-17,4449.588,123.965,156.936,4168.687,-61.5679999999993,36.52599999999984,2014-09-19,2026-10-07
2014-09-24,4459.05,118.905,162.317,4177.828,-26.51599999999962,37.21700000000055,2014-09-26,2026-10-07
2014-10-01,4450.26,126.568,212.481,4111.211,-132.32400000000052,-16.242999999999483,2014-10-03,2026-10-07
2014-10-08,4455.403,85.309,182.531,4187.563,-41.67399999999998,5.58600000000024,2014-10-10,2026-10-07
2014-10-15,4474.36,101.413,121.915,4251.032,82.34500000000025,22.40900000000056,2014-10-17,2026-10-07
2014-10-22,4481.616,124.596,135.424,4221.5960000000005,43.76800000000003,3.3969999999999345,2014-10-24,2026-10-07
2014-10-29,4486.754,118.66,134.69,4233.404,122.19300000000021,12.646999999999935,2014-10-31,2026-10-07
2014-11-05,4486.585,104.204,122.9,4259.481000000001,71.91800000000057,42.47600000000057,2014-11-07,2026-10-07
2014-11-12,4488.895,95.008,111.681,4282.206000000001,31.174000000000888,54.57500000000164,2014-11-14,2026-10-07
2014-11-19,4492.759,79.634,167.377,4245.748,24.151999999999134,15.493000000000393,2014-11-21,2026-10-07
2014-11-26,4485.931,71.901,148.284,4265.746,32.34199999999964,61.402000000000044,2014-11-28,2026-10-07
2014-12-03,4486.19,57.606,166.328,4262.255999999999,2.7749999999987267,18.72099999999864,2014-12-05,2026-10-07
2014-12-10,4488.865,48.807,105.322,4334.736,52.529999999998836,105.4989999999998,2014-12-12,2026-10-07
2014-12-17,4502.247,171.314,31.783,4299.15,53.402000000000044,130.46299999999974,2014-12-19,2026-10-07
2014-12-24,4509.462,177.911,53.237,4278.314,12.568000000000211,100.48599999999988,2014-12-26,2026-10-07
2014-12-31,4497.66,223.452,171.12,4103.088,-159.16799999999967,-8.123000000000502,2015-01-02,2026-10-07
2015-01-07,4499.524,176.363,143.749,4179.412,-155.32399999999961,-8.15099999999984,2015-01-09,2026-10-07
2015-01-14,4516.077,159.73,95.4,4260.947000000001,-38.20299999999861,9.915000000000873,2015-01-16,2026-10-07
2015-01-21,4512.936,196.231,167.769,4148.936,-129.3780000000006,-72.66000000000076,2015-01-23,2026-10-07
2015-01-28,4500.064,194.311,163.553,4142.200000000001,39.11200000000099,-91.20399999999972,2015-01-30,2026-10-07
2015-02-04,4500.348,157.25,145.65,4197.448,18.036000000000058,-62.03300000000036,2015-02-06,2026-10-07
2015-02-11,4501.685,130.765,126.752,4244.168,-16.77900000000136,-38.038000000001375,2015-02-13,2026-10-07
2015-02-18,4496.851,73.097,157.273,4266.481,117.54500000000007,20.733000000000175,2015-02-20,2026-10-07
2015-02-25,4486.725,46.714,149.75,4290.261,148.0609999999997,24.515000000000327,2015-02-27,2026-10-07
2015-03-04,4487.583,52.446,95.1,4340.036999999999,142.58899999999903,77.78099999999995,2015-03-06,2026-10-07
2015-03-11,4489.279,27.237,84.389,4377.653,133.48500000000058,42.91700000000037,2015-03-13,2026-10-07
2015-03-18,4495.888,87.56,151.424,4256.9039999999995,-9.577000000000226,-42.246000000000095,2015-03-20,2026-10-07
2015-03-25,4480.603,71.325,65.389,4343.889,53.6279999999997,65.57499999999982,2015-03-27,2026-10-07
2015-04-01,4481.799,65.529,31.623,4384.647000000001,44.61000000000149,281.5590000000011,2015-04-03,2026-10-07
2015-04-08,4483.419,44.254,96.443,4342.722,-34.931000000000495,163.3099999999995,2015-04-10,2026-10-07
2015-04-15,4485.366,111.551,69.829,4303.986,47.082000000000335,43.03899999999885,2015-04-17,2026-10-07
2015-04-22,4489.695,201.073,114.148,4174.473999999999,-169.41500000000087,25.537999999999556,2015-04-24,2026-10-07
2015-04-29,4471.499,245.426,92.224,4133.848999999999,-250.7980000000016,-8.351000000001477,2015-05-01,2026-10-07
2015-05-06,4472.703,229.131,84.722,4158.85,-183.8719999999994,-38.597999999999956,2015-05-08,2026-10-07
2015-05-13,4501.188,205.392,92.129,4203.667,-100.3189999999995,-40.500999999999294,2015-05-15,2026-10-07
2015-05-20,4480.384,173.749,154.345,4152.29,-22.183999999999287,-114.1909999999998,2015-05-22,2026-10-07
2015-05-27,4463.981,163.581,128.828,4171.571999999999,37.722999999999956,-118.68900000000122,2015-05-29,2026-10-07
2015-06-03,4465.36,184.099,95.389,4185.871999999999,27.021999999999025,-154.16499999999996,2015-06-05,2026-10-07
2015-06-10,4468.005,172.918,80.453,4214.634,10.966999999999643,-163.01900000000023,2015-06-12,2026-10-07
2015-06-17,4487.817,251.369,110.708,4125.740000000001,-26.549999999999272,-131.16399999999885,2015-06-19,2026-10-07
2015-06-24,4495.055,240.762,136.642,4117.651000000001,-53.92099999999846,-226.23799999999937,2015-06-26,2026-10-07
2015-07-01,4479.13,212.135,93.411,4173.584,-12.287999999999556,-211.063000000001,2015-07-03,2026-10-07
2015-07-08,4481.289,173.642,145.47,4162.177,-52.457000000000335,-180.54500000000007,2015-07-10,2026-10-07
2015-07-15,4493.605,175.706,103.217,4214.682,88.9419999999991,-89.30400000000009,2015-07-17,2026-10-07
2015-07-22,4500.503,183.203,112.695,4204.605,86.95399999999881,30.131000000000313,2015-07-24,2026-10-07
2015-07-29,4485.48,203.378,86.429,4195.673,22.088999999999942,61.824000000000524,2015-07-31,2026-10-07
2015-08-05,4486.329,198.755,86.869,4200.705,38.52800000000025,41.85499999999956,2015-08-07,2026-10-07
2015-08-12,4489.25,207.989,64.411,4216.85,2.168000000000575,13.182999999999993,2015-08-14,2026-10-07
2015-08-19,4487.208,142.076,84.36,4260.772,56.16700000000037,108.48199999999997,2015-08-21,2026-10-07
2015-08-26,4475.105,119.147,68.719,4287.239,91.5659999999998,115.66700000000037,2015-08-28,2026-10-07
2015-09-02,4475.886,122.263,70.33,4283.293000000001,82.58800000000065,97.42100000000119,2015-09-04,2026-10-07
2015-09-09,4478.213,76.256,68.129,4333.8279999999995,116.97799999999916,119.1939999999995,2015-09-11,2026-10-07
2015-09-16,4487.809,179.99,82.181,4225.638000000001,-35.133999999999105,99.89800000000014,2015-09-18,2026-10-07
2015-09-23,4497.484,164.941,144.297,4188.246000000001,-98.99299999999857,70.59500000000025,2015-09-25,2026-10-07
2015-09-30,4484.111,198.716,199.614,4085.7809999999995,-197.51200000000108,-87.80300000000034,2015-10-02,2026-10-07
2015-10-07,4486.185,87.139,115.434,4283.612,-50.21599999999944,121.4350000000004,2015-10-09,2026-10-07
2015-10-14,4504.704,57.54,90.184,4356.98,131.34199999999873,142.29799999999977,2015-10-16,2026-10-07
2015-10-21,4501.372,57.086,151.082,4293.204,104.95799999999872,88.59900000000016,2015-10-23,2026-10-07
2015-10-28,4489.339,35.586,155.316,4298.437,212.6560000000004,102.76400000000012,2015-10-30,2026-10-07
2015-11-04,4489.702,44.215,107.406,4338.081,54.46900000000005,137.3760000000002,2015-11-06,2026-10-07
2015-11-11,4492.012,96.449,83.13,4312.433,-44.54699999999957,95.58299999999963,2015-11-13,2026-10-07
2015-11-18,4486.721,112.494,121.961,4252.266,-40.9380000000001,-8.506000000000313,2015-11-20,2026-10-07
2015-11-25,4477.088,154.215,100.152,4222.721,-75.71600000000035,-64.51800000000003,2015-11-27,2026-10-07
2015-12-02,4478.069,217.267,84.184,4176.618,-161.46299999999974,-106.67500000000018,2015-12-04,2026-10-07
2015-12-09,4480.436,175.746,87.963,4216.727,-95.70600000000013,-117.10099999999966,2015-12-11,2026-10-07
2015-12-16,4489.593,266.187,102.004,4121.402,-130.86399999999958,-104.23600000000079,2015-12-18,2026-10-07
2015-12-23,4496.523,266.131,178.331,4052.0609999999997,-170.65999999999985,-136.1850000000013,2015-12-25,2026-10-07
2015-12-30,4486.587,324.846,277.446,3884.295,-292.3230000000003,-201.48599999999942,2016-01-01,2026-10-07
2016-01-06,4486.606,337.737,126.584,4022.285,-194.442,-261.3270000000002,2016-01-08,2026-10-07
2016-01-13,4501.695,302.24,84.416,4115.039,-6.363000000000284,-241.9409999999998,2016-01-15,2026-10-07
2016-01-20,4488.84,318.749,106.627,4063.4640000000004,11.403000000000702,-229.73999999999933,2016-01-22,2026-10-07
2016-01-27,4482.349,337.973,89.304,4055.072,170.77700000000004,-243.36499999999978,2016-01-29,2026-10-07
2016-02-03,4483.495,312.633,62.461,4108.401,86.11599999999999,-229.6800000000003,2016-02-05,2026-10-07
2016-02-10,4486.278,276.161,47.974,4162.143,47.10400000000027,-150.28999999999996,2016-02-12,2026-10-07
2016-02-17,4483.629,242.35,52.098,4189.181,125.71699999999919,-63.085000000000036,2016-02-19,2026-10-07
2016-02-24,4489.796,216.862,41.065,4231.869000000001,176.79700000000048,9.148000000001048,2016-02-26,2026-10-07
2016-03-02,4478.485,229.388,44.546,4204.5509999999995,96.14999999999964,27.932999999999083,2016-03-04,2026-10-07
2016-03-09,4481.083,196.297,47.346,4237.4400000000005,75.29700000000048,20.713000000000648,2016-03-11,2026-10-07
2016-03-16,4486.333,279.081,48.389,4158.862999999999,-30.31800000000021,37.46099999999933,2016-03-18,2026-10-07
2016-03-23,4492.857,277.707,70.075,4145.075,-86.79400000000078,93.01400000000012,2016-03-25,2026-10-07
2016-03-30,4482.84,291.912,127.119,4063.8089999999997,-140.74199999999973,179.51399999999967,2016-04-01,2026-10-07
2016-04-06,4484.069,263.537,27.455,4193.077,-44.363000000000284,170.79200000000037,2016-04-08,2026-10-07
2016-04-13,4499.729,237.928,16.61,4245.191000000001,86.32800000000134,130.15200000000095,2016-04-15,2026-10-07
2016-04-20,4490.131,337.54,31.971,4120.620000000001,-24.454999999999018,57.156000000000404,2016-04-22,2026-10-07
2016-04-27,4474.665,372.499,31.432,4070.7340000000004,6.925000000000637,15.662000000000262,2016-04-29,2026-10-07
2016-05-04,4477.27,323.794,35.592,4117.884000000001,-75.1929999999993,9.483000000001084,2016-05-06,2026-10-07
2016-05-11,4478.411,305.842,31.533,4141.036,-104.15500000000065,-21.10699999999997,2016-05-13,2026-10-07
2016-05-18,4473.741,277.289,63.92,4132.532,11.911999999999352,-56.64899999999943,2016-05-20,2026-10-07
2016-05-25,4461.111,257.092,65.797,4138.222000000001,67.48800000000028,-93.64699999999993,2016-05-27,2026-10-07
2016-06-01,4461.393,259.693,61.186,4140.514,22.6299999999992,-64.03699999999935,2016-06-03,2026-10-07
2016-06-08,4463.542,225.116,41.445,4196.981000000001,55.94500000000062,-40.45899999999983,2016-06-10,2026-10-07
2016-06-15,4472.817,305.523,28.313,4138.981,6.448999999999614,-19.881999999999607,2016-06-17,2026-10-07
2016-06-22,4482.009,331.412,90.386,4060.211,-78.01100000000088,-84.86400000000003,2016-06-24,2026-10-07
2016-06-29,4466.482,346.632,143.206,3976.6440000000002,-163.8699999999999,-87.16499999999951,2016-07-01,2026-10-07
2016-07-06,4470.605,298.044,83.401,4089.16,-107.82100000000082,-103.91700000000037,2016-07-08,2026-10-07
2016-07-13,4472.202,307.707,48.357,4116.138,-22.842999999999847,-129.0530000000008,2016-07-15,2026-10-07
2016-07-20,4480.973,327.138,79.368,4074.467,14.256000000000313,-46.1530000000007,2016-07-22,2026-10-07
2016-07-27,4464.498,316.238,67.687,4080.5729999999994,103.92899999999918,9.838999999999032,2016-07-29,2026-10-07
2016-08-03,4466.793,245.682,68.075,4153.036,63.876000000000204,35.151999999999134,2016-08-05,2026-10-07
2016-08-10,4468.929,252.095,80.174,4136.66,20.521999999999935,-4.376000000000204,2016-08-12,2026-10-07
2016-08-17,4466.476,241.426,81.337,4143.712999999999,69.24599999999873,11.180999999998676,2016-08-19,2026-10-07
2016-08-24,4473.84,244.881,95.35,4133.6089999999995,53.03600000000006,-4.613000000001193,2016-08-26,2026-10-07
2016-08-31,4457.907,288.946,171.368,3997.5930000000003,-155.44299999999976,-142.92099999999982,2016-09-02,2026-10-07
2016-09-07,4459.394,238.152,79.08,4142.162,5.5020000000004075,-54.819000000000415,2016-09-09,2026-10-07
2016-09-14,4481.635,252.691,64.485,4164.459000000001,20.746000000001914,25.478000000000975,2016-09-16,2026-10-07
2016-09-21,4473.032,358.603,176.835,3937.594,-196.01499999999942,-122.61699999999973,2016-09-23,2026-10-07
2016-09-28,4452.002,339.619,272.277,3840.1060000000007,-157.48699999999963,-136.53799999999956,2016-09-30,2026-10-07
2016-10-05,4459.407,342.208,297.964,3819.2350000000006,-322.9269999999997,-269.9249999999993,2016-10-07,2026-10-07
2016-10-12,4457.698,342.875,188.671,3926.1520000000005,-238.30700000000024,-189.98599999999942,2016-10-14,2026-10-07
2016-10-19,4467.382,409.693,191.81,3865.8789999999995,-71.7150000000006,-208.58800000000065,2016-10-21,2026-10-07
2016-10-26,4454.326,420.256,142.065,3892.005,51.89899999999943,-188.5679999999993,2016-10-28,2026-10-07
2016-11-02,4453.087,371.894,176.232,3904.9610000000002,85.72599999999966,-248.07499999999982,2016-11-04,2026-10-07
2016-11-09,4455.087,365.454,130.993,3958.6400000000003,32.48799999999983,-178.01999999999953,2016-11-11,2026-10-07
2016-11-16,4453.633,375.908,116.044,3961.681,95.80200000000059,-182.0319999999988,2016-11-18,2026-10-07
2016-11-23,4465.782,386.683,119.371,3959.728,67.72299999999996,-173.8809999999994,2016-11-25,2026-10-07
2016-11-30,4446.307,422.034,208.524,3815.749,-89.21200000000044,-181.8440000000005,2016-12-02,2026-10-07
2016-12-07,4448.618,344.032,185.812,3918.7740000000003,-39.865999999999985,-223.38799999999992,2016-12-09,2026-10-07
2016-12-14,4470.973,325.271,169.563,3976.139,14.458000000000084,-188.32000000000062,2016-12-16,2026-10-07
2016-12-21,4469.089,387.014,307.477,3774.598,-185.1300000000001,-162.9960000000001,2016-12-23,2026-10-07
2016-12-28,4451.451,372.825,323.912,3754.7140000000004,-61.0349999999994,-85.39200000000028,2016-12-30,2026-10-07
2017-01-04,4453.101,371.833,266.468,3814.7999999999997,-103.97400000000061,-4.435000000000855,2017-01-06,2026-10-07
2017-01-11,4452.509,369.01,158.82,3924.6789999999996,-51.46000000000049,-1.4730000000008658,2017-01-13,2026-10-07
2017-01-18,4460.758,396.916,130.118,3933.7239999999997,159.12599999999975,67.84500000000025,2017-01-20,2026-10-07
2017-01-25,4452.838,401.735,108.36,3942.7429999999995,188.0289999999991,50.737999999999374,2017-01-27,2026-10-07
2017-02-01,4453.881,339.229,133.73,3980.922,166.1220000000003,75.96099999999979,2017-02-03,2026-10-07
2017-02-08,4456.236,287.035,122.934,4046.267,121.58800000000019,87.6269999999995,2017-02-10,2026-10-07
2017-02-15,4454.676,274.178,105.123,4075.3750000000005,141.65100000000075,113.69400000000041,2017-02-17,2026-10-07
2017-02-22,4468.702,228.171,177.833,4062.698,119.95500000000038,102.9699999999998,2017-02-24,2026-10-07
2017-03-01,4458.018,148.385,156.01,4153.623,172.70099999999957,337.8739999999998,2017-03-03,2026-10-07
2017-03-08,4459.84,66.163,212.124,4181.553000000001,135.28600000000097,262.77900000000045,2017-03-10,2026-10-07
2017-03-15,4469.577,23.416,226.51,4219.651,144.27599999999939,243.51199999999972,2017-03-17,2026-10-07
2017-03-22,4478.236,54.245,251.013,4172.978,110.2800000000002,398.3800000000001,2017-03-24,2026-10-07
2017-03-29,4469.618,63.101,260.357,4146.160000000001,-7.462999999998829,391.44600000000037,2017-03-31,2026-10-07
2017-04-05,4474.634,82.953,174.644,4217.036999999999,35.48399999999856,402.2369999999996,2017-04-07,2026-10-07
2017-04-12,4484.492,119.157,105.528,4259.807,40.15599999999995,335.12800000000016,2017-04-14,2026-10-07
2017-04-19,4479.27,229.485,116.567,4133.218000000001,-39.75999999999931,199.49400000000105,2017-04-21,2026-10-07
2017-04-26,4470.142,270.845,122.323,4076.9739999999997,-69.18600000000106,134.23100000000022,2017-04-28,2026-10-07
2017-05-03,4471.246,203.408,186.667,4081.171,-135.86599999999953,100.2489999999998,2017-05-05,2026-10-07
2017-05-10,4473.459,188.256,187.269,4097.933999999999,-161.8730000000005,51.66699999999946,2017-05-12,2026-10-07
2017-05-17,4467.108,172.891,167.158,4127.059,-6.15900000000056,51.68399999999974,2017-05-19,2026-10-07
2017-05-24,4470.852,163.058,184.946,4122.848,45.87400000000025,60.15000000000009,2017-05-26,2026-10-07
2017-05-31,4459.914,189.831,256.176,4013.9069999999997,-67.26400000000012,-139.7159999999999,2017-06-02,2026-10-07
2017-06-07,4462.443,154.76,165.138,4142.545,44.611000000000786,-39.00800000000072,2017-06-09,2026-10-07
2017-06-14,4476.269,163.941,163.056,4149.272000000001,22.213000000000648,-70.378999999999,2017-06-16,2026-10-07
2017-06-21,4474.257,225.126,198.769,4050.361999999999,-72.48600000000079,-122.6160000000009,2017-06-23,2026-10-07
2017-06-28,4463.347,197.597,263.699,4002.051,-11.855999999999767,-144.10900000000083,2017-06-30,2026-10-07
2017-07-05,4467.272,165.044,240.029,4062.199,-80.346,-154.83799999999928,2017-07-07,2026-10-07
2017-07-12,4466.702,162.156,179.172,4125.374000000001,-23.89800000000014,-134.43299999999908,2017-07-14,2026-10-07
2017-07-19,4476.903,189.282,144.731,4142.89,92.52800000000116,9.67199999999957,2017-07-21,2026-10-07
2017-07-26,4465.284,183.534,103.311,4178.439,176.38800000000037,101.4650000000006,2017-07-28,2026-10-07
2017-08-02,4466.846,165.407,119.334,4182.105,119.9059999999995,100.93399999999974,2017-08-04,2026-10-07
2017-08-09,4469.083,139.553,103.95,4225.58,100.20599999999922,127.64600000000064,2017-08-11,2026-10-07
2017-08-16,4462.871,96.029,92.84,4274.002,131.11200000000008,146.9430000000002,2017-08-18,2026-10-07
2017-08-23,4463.837,67.93,169.793,4226.1140000000005,47.67500000000018,103.26600000000053,2017-08-25,2026-10-07
2017-08-30,4452.36,66.877,146.086,4239.396999999999,57.29199999999946,225.48999999999933,2017-09-01,2026-10-07
2017-09-06,4453.474,38.662,145.128,4269.684,44.10400000000027,127.13900000000012,2017-09-08,2026-10-07
2017-09-13,4471.174,73.22,125.668,4272.286,-1.7160000000003492,123.01399999999921,2017-09-15,2026-10-07
2017-09-20,4458.576,151.204,168.025,4139.347000000001,-86.76699999999983,88.98500000000149,2017-09-22,2026-10-07
2017-09-27,4455.661,155.159,220.083,4080.4190000000003,-158.9779999999987,78.3680000000004,2017-09-29,2026-10-07
2017-10-04,4460.422,154.619,178.738,4127.065,-142.6190000000006,64.86599999999953,2017-10-06,2026-10-07
2017-10-11,4459.415,155.307,129.805,4174.303,-97.98300000000017,48.92899999999918,2017-10-13,2026-10-07
2017-10-18,4469.723,196.106,121.457,4152.16,12.812999999999192,9.269999999999527,2017-10-20,2026-10-07
2017-10-25,4461.117,185.092,112.057,4163.968000000001,83.54900000000043,-14.470999999999549,2017-10-27,2026-10-07
2017-11-01,4455.887,181.764,87.165,4186.958,59.89300000000003,4.8530000000000655,2017-11-03,2026-10-07
2017-11-08,4458.552,160.437,74.546,4223.5689999999995,49.26599999999962,-2.011000000000422,2017-11-10,2026-10-07
2017-11-15,4448.289,148.165,35.038,4265.086,112.92600000000039,-8.916000000000167,2017-11-17,2026-10-07
2017-11-22,4450.615,151.783,51.634,4247.197999999999,83.22999999999865,21.083999999998923,2017-11-24,2026-10-07
2017-11-29,4438.592,178.685,67.019,4192.887999999999,5.9299999999993815,-46.509000000000015,2017-12-01,2026-10-07
2017-12-06,4437.148,122.127,76.368,4238.652999999999,15.083999999999833,-31.03100000000086,2017-12-08,2026-10-07
2017-12-13,4452.726,64.734,143.392,4244.599999999999,-20.486000000000786,-27.686000000000604,2017-12-15,2026-10-07
2017-12-20,4447.47,170.817,127.582,4149.071,-98.1269999999995,9.72399999999925,2017-12-22,2026-10-07
2017-12-27,4448.68,186.486,147.749,4114.445000000001,-78.44299999999839,34.026000000000295,2017-12-29,2026-10-07
2018-01-03,4443.718,169.957,131.622,4142.138999999999,-96.51400000000012,15.073999999999614,2018-01-05,2026-10-07
2018-01-10,4446.062,198.573,57.954,4189.535,-55.0649999999996,15.231999999999971,2018-01-12,2026-10-07
2018-01-17,4439.145,256.72,20.548,4161.877,12.806000000000495,9.717000000000553,2018-01-19,2026-10-07
2018-01-24,4441.317,275.963,36.371,4128.983,14.537999999999556,-34.98500000000058,2018-01-26,2026-10-07
2018-01-31,4419.225,275.794,65.797,4077.6340000000005,-64.50499999999874,-109.32399999999916,2018-02-02,2026-10-07
2018-02-07,4420.745,202.221,48.12,4170.4039999999995,-19.131000000000313,-53.164999999999964,2018-02-09,2026-10-07
2018-02-14,4434.863,180.845,38.518,4215.5,53.62299999999959,-49.58600000000024,2018-02-16,2026-10-07
2018-02-21,4411.66,208.817,45.171,4157.672,28.688999999999396,-89.52599999999984,2018-02-23,2026-10-07
2018-02-28,4393.401,199.39,44.51,4149.500999999999,71.86699999999882,-43.386999999999716,2018-03-02,2026-10-07
2018-03-07,4396.097,187.515,14.295,4194.286999999999,23.88299999999981,-44.365999999999985,2018-03-09,2026-10-07
2018-03-14,4407.258,236.16,4.97,4166.128,-49.3720000000003,-78.47199999999975,2018-03-16,2026-10-07
2018-03-21,4401.222,298.973,20.586,4081.663,-76.00899999999956,-67.4079999999999,2018-03-23,2026-10-07
2018-03-28,4392.198,300.355,17.898,4073.945,-75.55599999999913,-40.500000000000455,2018-03-30,2026-10-07
2018-04-04,4386.104,300.604,4.57,4080.9300000000003,-113.35699999999906,-61.20899999999892,2018-04-06,2026-10-07
2018-04-11,4383.684,287.804,2.361,4093.5190000000002,-72.60899999999947,-96.01599999999962,2018-04-13,2026-10-07
2018-04-18,4385.903,350.943,14.021,4020.939,-60.72400000000016,-140.93800000000056,2018-04-20,2026-10-07
2018-04-25,4372.886,403.067,3.57,3966.2490000000003,-107.69599999999991,-162.73399999999992,2018-04-27,2026-10-07
2018-05-02,4356.129,384.961,6.52,3964.6479999999997,-116.28200000000061,-112.98600000000079,2018-05-04,2026-10-07
2018-05-09,4358.207,338.377,2.72,4017.1100000000006,-76.40899999999965,-153.29399999999896,2018-05-11,2026-10-07
2018-05-16,4337.609,327.748,2.545,4007.3160000000003,-13.622999999999593,-208.18399999999974,2018-05-18,2026-10-07
2018-05-23,4337.301,312.169,2.929,4022.2030000000004,55.95400000000018,-135.46899999999914,2018-05-25,2026-10-07
2018-05-30,4327.519,332.712,3.92,3990.887,26.239000000000487,-158.61399999999912,2018-06-01,2026-10-07
2018-06-06,4319.191,289.454,16.772,4012.9649999999997,-4.145000000000891,-181.32199999999966,2018-06-08,2026-10-07
2018-06-13,4324.906,282.968,3.025,4038.913,31.596999999999753,-127.21499999999969,2018-06-15,2026-10-07
2018-06-20,4315.896,380.09,0.32,3935.4859999999994,-86.71700000000101,-146.1770000000006,2018-06-22,2026-10-07
2018-06-27,4305.491,362.175,20.68,3922.636,-68.2510000000002,-151.3090000000002,2018-06-29,2026-10-07
2018-07-04,4289.764,325.543,4.852,3959.369,-53.59599999999955,-121.56100000000015,2018-07-06,2026-10-07
2018-07-11,4291.201,316.434,1.23,3973.537,-65.3760000000002,-119.98200000000043,2018-07-13,2026-10-07
2018-07-18,4291.615,335.801,6.021,3949.7929999999997,14.307000000000244,-71.14600000000019,2018-07-20,2026-10-07
2018-07-25,4277.681,338.978,0.72,3937.9829999999997,15.346999999999753,-28.26600000000053,2018-07-27,2026-10-07
2018-08-01,4255.653,310.204,0.795,3944.654,-14.715000000000146,-19.993999999999687,2018-08-03,2026-10-07
2018-08-08,4258.03,311.69,1.659,3944.6809999999996,-28.856000000000222,-72.429000000001,2018-08-10,2026-10-07
2018-08-15,4228.924,318.117,0.315,3910.4919999999997,-39.30099999999993,-96.82400000000052,2018-08-17,2026-10-07
2018-08-22,4228.818,334.992,1.126,3892.7,-45.2829999999999,-129.5030000000006,2018-08-24,2026-10-07
2018-08-29,4218.914,345.255,0.84,3872.8189999999995,-71.83500000000049,-118.06800000000067,2018-08-31,2026-10-07
2018-09-05,4208.496,324.437,0.01,3884.049,-60.63199999999961,-128.9159999999997,2018-09-07,2026-10-07
2018-09-12,4210.812,297.697,1.315,3911.7999999999997,1.3079999999999927,-127.11300000000028,2018-09-14,2026-10-07
2018-09-19,4208.059,399.519,8.915,3799.625,-93.07499999999982,-135.86099999999942,2018-09-21,2026-10-07
2018-09-26,4192.909,367.243,5.625,3820.0409999999997,-52.77799999999979,-102.59500000000025,2018-09-28,2026-10-07
2018-10-03,4174.704,350.281,2.954,3821.4689999999996,-62.58000000000038,-137.90000000000055,2018-10-05,2026-10-07
2018-10-10,4176.906,308.869,2.39,3865.647,-46.15299999999979,-107.88999999999987,2018-10-12,2026-10-07
2018-10-17,4175.446,360.638,0.174,3814.634,15.009000000000015,-135.15899999999965,2018-10-19,2026-10-07
2018-10-24,4173.07,360.681,6.444,3805.9449999999997,-14.096000000000004,-132.038,2018-10-26,2026-10-07
2018-10-31,4139.731,366.596,4.815,3768.3199999999997,-53.14899999999989,-176.3340000000003,2018-11-02,2026-10-07
2018-11-07,4141.936,316.157,1.875,3823.9039999999995,-41.74300000000039,-120.77700000000004,2018-11-09,2026-10-07
2018-11-14,4145.892,328.686,0.66,3816.546,1.9119999999998072,-93.94599999999991,2018-11-16,2026-10-07
2018-11-21,4106.198,317.331,16.205,3772.6620000000003,-33.28299999999945,-120.03799999999956,2018-11-23,2026-10-07
2018-11-28,4097.17,332.336,1.464,3763.37,-4.949999999999818,-109.44899999999961,2018-11-30,2026-10-07
2018-12-05,4086.044,328.613,2.21,3755.221,-68.68299999999954,-128.82799999999997,2018-12-07,2026-10-07
2018-12-12,4088.314,322.663,0.461,3765.19,-51.35599999999977,-146.60999999999967,2018-12-14,2026-10-07
2018-12-19,4084.274,396.293,5.982,3681.999,-90.66300000000047,-117.6260000000002,2018-12-21,2026-10-07
2018-12-26,4075.636,368.236,1.005,3706.395,-56.97499999999991,-113.64599999999973,2018-12-28,2026-10-07
2019-01-02,4058.378,382.616,19.481,3656.281,-98.94000000000005,-165.18799999999965,2019-01-04,2026-10-07
2019-01-09,4056.563,349.443,2.537,3704.583,-60.60699999999997,-161.06399999999985,2019-01-11,2026-10-07
2019-01-16,4050.044,396.414,1.316,3652.3140000000003,-29.68499999999949,-162.3199999999997,2019-01-18,2026-10-07
2019-01-23,4047.052,402.227,11.415,3633.4100000000003,-72.98499999999967,-172.5349999999994,2019-01-25,2026-10-07
2019-01-30,4039.678,411.384,0.99,3627.304,-28.97699999999986,-141.01599999999962,2019-02-01,2026-10-07
2019-02-06,4026.35,353.896,1.926,3670.528,-34.05500000000029,-153.37599999999975,2019-02-08,2026-10-07
2019-02-13,4028.431,375.119,1.697,3651.615,-0.6990000000005239,-164.93100000000004,2019-02-15,2026-10-07
2019-02-20,3981.42,331.003,2.275,3648.142,14.731999999999516,-124.52000000000044,2019-02-22,2026-10-07
2019-02-27,3974.59,266.024,1.915,3706.6510000000003,79.34700000000021,-56.718999999999596,2019-03-01,2026-10-07
2019-03-06,3969.134,213.611,2.115,3753.4080000000004,82.88000000000056,-1.8129999999996471,2019-03-08,2026-10-07
2019-03-13,3971.559,238.381,0.016,3733.1620000000003,81.54700000000048,-32.02799999999979,2019-03-15,2026-10-07
2019-03-20,3962.748,314.749,0.617,3647.3819999999996,-0.7600000000002183,-34.61700000000019,2019-03-22,2026-10-07
2019-03-27,3955.617,295.593,0.166,3659.858,-46.79300000000012,-46.53699999999981,2019-03-29,2026-10-07
2019-04-03,3935.509,270.47,0.016,3665.0229999999997,-88.38500000000067,8.741999999999734,2019-04-05,2026-10-07
2019-04-10,3936.784,245.664,2.731,3688.3889999999997,-44.77300000000059,-16.194000000000415,2019-04-12,2026-10-07
2019-04-17,3931.827,369.365,0.015,3562.4470000000006,-84.93499999999904,-89.86699999999973,2019-04-19,2026-10-07
2019-04-24,3928.273,398.916,9.515,3519.842,-140.01600000000008,-113.56800000000021,2019-04-26,2026-10-07
2019-05-01,3889.691,368.764,0.027,3520.8999999999996,-144.12300000000005,-106.40400000000045,2019-05-03,2026-10-07
2019-05-08,3892.216,344.461,0.021,3547.734,-140.65499999999975,-122.79399999999987,2019-05-10,2026-10-07
2019-05-15,3864.749,294.969,0.46,3569.3199999999997,6.872999999999138,-82.29500000000007,2019-05-17,2026-10-07
2019-05-22,3860.435,264.581,3.751,3592.1029999999996,72.26099999999951,-56.039000000000215,2019-05-24,2026-10-07
2019-05-29,3851.444,249.011,2.226,3600.207,79.30700000000024,-106.44400000000041,2019-05-31,2026-10-07
2019-06-05,3847.645,207.647,2.255,3637.743,90.00900000000001,-115.66500000000042,2019-06-07,2026-10-07
2019-06-12,3849.955,173.062,1.705,3675.188,105.8680000000004,-57.97400000000016,2019-06-14,2026-10-07
2019-06-19,3844.016,258.641,22.357,3563.018,-29.08499999999958,-84.36399999999958,2019-06-21,2026-10-07
2019-06-26,3826.817,240.909,7.784,3578.124,-22.083000000000084,-81.73400000000038,2019-06-28,2026-10-07
2019-07-03,3813.198,220.911,6.849,3585.4379999999996,-52.30500000000029,-79.58500000000004,2019-07-05,2026-10-07
2019-07-10,3815.038,195.226,6.252,3613.56,-61.628000000000156,-74.82899999999972,2019-07-12,2026-10-07
2019-07-17,3808.11,206.203,1.96,3599.947,36.92900000000009,37.499999999999545,2019-07-19,2026-10-07
2019-07-24,3803.436,178.227,8.255,3616.954,38.83000000000038,97.11200000000008,2019-07-26,2026-10-07
2019-07-31,3779.102,176.662,7.367,3595.073,9.635000000000218,74.17300000000023,2019-08-02,2026-10-07
2019-08-07,3781.543,133.077,3.622,3644.8440000000005,31.28400000000056,97.11000000000058,2019-08-09,2026-10-07
2019-08-14,3786.018,130.981,2.744,3652.293,52.346000000000004,82.97300000000041,2019-08-16,2026-10-07
2019-08-21,3764.866,131.447,15.153,3618.266,1.3119999999998981,26.163000000000466,2019-08-23,2026-10-07
2019-08-28,3759.946,150.146,4.255,3605.5449999999996,10.471999999999753,5.337999999999738,2019-08-30,2026-10-07
2019-09-04,3761.508,174.779,1.425,3585.3039999999996,-59.54000000000087,-52.439000000000306,2019-09-06,2026-10-07
2019-09-11,3769.673,183.581,3.612,3582.4799999999996,-69.81300000000056,-92.70800000000054,2019-09-13,2026-10-07
2019-09-18,3844.695,303.057,18.91,3522.728,-95.53800000000001,-40.289999999999964,2019-09-20,2026-10-07
2019-09-25,3857.715,305.81,0.133,3551.7720000000004,-53.77299999999923,-26.351999999999407,2019-09-27,2026-10-07
2019-10-02,3945.831,335.185,3.054,3607.592,22.288000000000466,22.15400000000045,2019-10-04,2026-10-07
2019-10-09,3949.955,297.389,1.469,3651.0969999999998,68.61700000000019,37.53699999999981,2019-10-11,2026-10-07
2019-10-16,3966.471,361.497,1.803,3603.1710000000003,80.44300000000021,3.22400000000016,2019-10-18,2026-10-07
2019-10-23,3968.7,375.17,18.29,3575.24,23.467999999999392,-41.7140000000004,2019-10-25,2026-10-07
2019-10-30,4019.823,400.616,0.196,3619.011,11.418999999999869,23.938000000000102,2019-11-01,2026-10-07
2019-11-06,4039.443,378.184,1.65,3659.609,8.512000000000171,14.764999999999418,2019-11-08,2026-10-07
2019-11-13,4047.882,370.185,1.762,3675.935,72.76399999999967,23.641999999999825,2019-11-15,2026-10-07
2019-11-20,4030.249,357.551,26.026,3646.672,71.43200000000024,28.40599999999995,2019-11-22,2026-10-07
2019-11-27,4052.875,358.896,0.506,3693.473,74.46199999999999,87.92800000000034,2019-11-29,2026-10-07
2019-12-04,4065.696,338.453,0.0,3727.243,67.63400000000001,141.9390000000003,2019-12-06,2026-10-07
2019-12-11,4095.491,304.16,0.605,3790.726,114.79100000000017,208.24600000000055,2019-12-13,2026-10-07
2019-12-18,4137.052,378.573,13.362,3745.1169999999997,98.44499999999971,222.38899999999967,2019-12-20,2026-10-07
2019-12-25,4165.591,351.934,4.423,3809.2340000000004,115.76100000000042,257.462,2019-12-27,2026-10-07
2020-01-01,4173.626,403.853,64.087,3705.686,-21.55699999999979,98.09400000000005,2020-01-03,2026-10-07
2020-01-08,4149.544,350.84,0.876,3797.8279999999995,7.101999999999407,146.73099999999977,2020-01-10,2026-10-07
2020-01-15,4175.85,380.802,0.675,3794.373,49.25600000000031,191.20199999999977,2020-01-17,2026-10-07
2020-01-22,4145.912,411.708,15.604,3718.6000000000004,-90.63400000000001,143.36000000000058,2020-01-24,2026-10-07
2020-01-29,4151.63,450.537,0.3,3700.793,-4.893000000000029,81.78200000000015,2020-01-31,2026-10-07
2020-02-05,4166.707,416.585,4.112,3746.01,-51.8179999999993,86.4010000000003,2020-02-07,2026-10-07
2020-02-12,4182.689,404.341,0.309,3778.039,-16.333999999999833,102.10400000000027,2020-02-14,2026-10-07
2020-02-19,4171.57,421.051,0.095,3750.424,31.823999999999614,103.75199999999995,2020-02-21,2026-10-07
2020-02-26,4158.637,387.615,2.3,3768.7219999999998,67.92899999999963,75.2489999999998,2020-02-28,2026-10-07
2020-03-04,4241.507,381.302,5.025,3855.1799999999994,109.16999999999916,127.93699999999944,2020-03-06,2026-10-07
2020-03-11,4311.911,372.337,1.325,3938.2490000000003,160.21000000000004,147.52300000000014,2020-03-13,2026-10-07
2020-03-18,4668.212,401.354,0.477,4266.381,515.9570000000003,521.2640000000006,2020-03-20,2026-10-07
2020-03-25,5254.278,384.89,97.411,4771.977,1003.2550000000001,962.7429999999995,2020-03-27,2026-10-07
2020-04-01,5811.607,506.933,207.828,5096.846,1241.6660000000002,1391.1599999999994,2020-04-03,2026-10-07
2020-04-08,6083.141,827.178,53.483,5202.48,1264.2309999999993,1404.652,2020-04-10,2026-10-07
2020-04-15,6367.887,856.155,3.15,5508.582,1242.201,1714.2090000000003,2020-04-17,2026-10-07
2020-04-22,6573.136,949.999,10.825,5612.312000000001,840.335000000001,1893.7120000000004,2020-04-24,2026-10-07
2020-04-29,6655.929,1076.232,1.45,5578.247,481.40100000000075,1877.4540000000002,2020-05-01,2026-10-07
2020-05-06,6721.42,1143.268,1.175,5576.977,374.4970000000003,1830.9669999999996,2020-05-08,2026-10-07
2020-05-13,6934.227,1138.172,13.825,5782.2300000000005,273.64800000000014,2004.1910000000003,2020-05-15,2026-10-07
2020-05-20,7037.258,1193.297,9.726,5834.235,221.92299999999886,2083.8109999999997,2020-05-22,2026-10-07
2020-05-27,7097.316,1326.897,4.326,5766.093,187.84599999999955,1997.371,2020-05-29,2026-10-07
2020-06-03,7165.217,1431.462,0.013,5733.741999999999,156.76499999999942,1878.562,2020-06-05,2026-10-07
2020-06-10,7168.936,1504.569,0.012,5664.3550000000005,-117.875,1726.1060000000002,2020-06-12,2026-10-07
2020-06-17,7094.69,1565.306,0.001,5529.383,-304.85199999999986,1263.0019999999995,2020-06-19,2026-10-07
2020-06-24,7082.302,1586.573,0.001,5495.727999999999,-270.3650000000007,723.7509999999993,2020-06-26,2026-10-07
2020-07-01,7009.04,1656.747,0.002,5352.290999999999,-381.451,255.4449999999997,2020-07-03,2026-10-07
2020-07-08,6920.716,1624.404,0.001,5296.311,-368.0440000000008,93.83100000000013,2020-07-10,2026-10-07
2020-07-15,6958.604,1740.455,0.001,5218.148,-311.2349999999997,-290.4340000000002,2020-07-17,2026-10-07
2020-07-22,6964.755,1777.18,0.0,5187.575,-308.15299999999934,-424.737000000001,2020-07-24,2026-10-07
2020-07-29,6949.032,1792.434,0.001,5156.597,-195.6939999999995,-421.65000000000055,2020-07-31,2026-10-07
2020-08-05,6945.237,1706.637,0.0,5238.6,-57.71099999999933,-338.3769999999995,2020-08-07,2026-10-07
2020-08-12,6957.277,1635.143,0.103,5322.031,103.88299999999981,-460.1990000000005,2020-08-14,2026-10-07
2020-08-19,7010.637,1636.393,0.112,5374.132,186.5569999999998,-460.10300000000007,2020-08-21,2026-10-07
2020-08-26,6990.418,1607.449,0.009,5382.959999999999,226.36299999999937,-383.1330000000007,2020-08-28,2026-10-07
2020-09-02,7017.492,1651.823,0.014,5365.655,127.05499999999938,-368.08699999999953,2020-09-04,2026-10-07
2020-09-09,7010.614,1570.533,0.001,5440.08,118.04899999999998,-224.27500000000055,2020-09-11,2026-10-07
2020-09-16,7064.475,1692.809,0.055,5371.611,-2.520999999999731,-157.77199999999993,2020-09-18,2026-10-07
2020-09-23,7093.161,1661.732,0.001,5431.428,48.46800000000076,-64.29999999999927,2020-09-25,2026-10-07
2020-09-30,7056.129,1781.679,0.85,5273.599999999999,-92.05500000000029,-78.6909999999998,2020-10-02,2026-10-07
2020-10-07,7074.649,1687.434,0.011,5387.204,-52.876000000000204,90.89300000000003,2020-10-09,2026-10-07
2020-10-14,7151.426,1647.937,0.0,5503.4890000000005,131.8780000000006,285.34100000000035,2020-10-16,2026-10-07
2020-10-21,7177.265,1699.497,0.0,5477.768,46.340000000000146,290.1930000000002,2020-10-23,2026-10-07
2020-10-28,7146.306,1653.039,0.005,5493.262,219.66200000000026,336.66499999999996,2020-10-30,2026-10-07
2020-11-04,7157.479,1618.568,0.0,5538.911,151.70700000000033,300.3109999999997,2020-11-06,2026-10-07
2020-11-11,7175.417,1570.768,0.0,5604.649,101.15999999999985,282.6180000000004,2020-11-13,2026-10-07
2020-11-18,7243.08,1546.924,0.103,5696.053,218.28499999999985,321.9210000000003,2020-11-20,2026-10-07
2020-11-25,7216.48,1484.036,0.0,5732.4439999999995,239.1819999999998,349.4840000000004,2020-11-27,2026-10-07
2020-12-02,7222.414,1557.239,0.001,5665.173999999999,126.26299999999901,299.5189999999993,2020-12-04,2026-10-07
2020-12-09,7242.658,1502.361,0.003,5740.294000000001,135.64500000000044,300.21400000000085,2020-12-11,2026-10-07
2020-12-16,7362.592,1615.873,0.026,5746.692999999999,50.63999999999942,375.0819999999994,2020-12-18,2026-10-07
2020-12-23,7404.039,1583.308,0.857,5819.874,87.43000000000029,388.4459999999999,2020-12-25,2026-10-07
2020-12-30,7363.351,1613.514,0.652,5749.1849999999995,84.01100000000042,475.58500000000004,2021-01-01,2026-10-07
2021-01-06,7334.809,1607.396,0.004,5727.409000000001,-12.885000000000218,340.20500000000084,2021-01-08,2026-10-07
2021-01-13,7333.968,1575.875,0.0,5758.093,11.400000000000546,254.60399999999936,2021-01-15,2026-10-07
2021-01-20,7414.942,1638.331,1.806,5774.805,-45.068999999999505,297.03700000000026,2021-01-22,2026-10-07
2021-01-27,7404.926,1613.377,1.152,5790.397000000001,41.21200000000135,297.1350000000011,2021-01-29,2026-10-07
2021-02-03,7410.598,1629.729,0.178,5780.691,53.28199999999924,241.77999999999975,2021-02-05,2026-10-07
2021-02-10,7442.225,1576.744,0.0,5865.481000000001,107.38800000000083,260.83200000000033,2021-02-12,2026-10-07
2021-02-17,7557.402,1568.893,0.05,5988.459,213.65399999999954,292.40599999999995,2021-02-19,2026-10-07
2021-02-24,7590.111,1439.646,0.001,6150.464,360.0669999999991,418.02000000000044,2021-02-26,2026-10-07
2021-03-03,7557.524,1420.238,0.507,6136.779,356.08800000000065,471.6050000000014,2021-03-05,2026-10-07
2021-03-10,7579.901,1310.273,0.1,6269.527999999999,404.04699999999866,529.2339999999986,2021-03-12,2026-10-07
2021-03-17,7693.506,1089.501,0.0,6604.005,615.5460000000003,857.3120000000008,2021-03-19,2026-10-07
2021-03-24,7719.622,1031.908,21.902,6665.812,515.348,845.9380000000001,2021-03-26,2026-10-07
2021-03-31,7688.988,1121.951,134.307,6432.7300000000005,295.951,683.545000000001,2021-04-02,2026-10-07
2021-04-07,7708.882,954.968,35.035,6718.879,449.35100000000057,991.4699999999993,2021-04-09,2026-10-07
2021-04-14,7793.104,921.685,50.856,6820.563,216.558,1062.4700000000003,2021-04-16,2026-10-07
2021-04-21,7820.948,1003.443,81.329,6736.176,70.36400000000049,961.3710000000001,2021-04-23,2026-10-07
2021-04-28,7780.962,932.287,166.732,6681.943,249.21299999999974,891.5459999999994,2021-04-30,2026-10-07
2021-05-05,7810.486,946.134,162.8,6701.552,-17.327000000000226,920.8609999999999,2021-05-07,2026-10-07
2021-05-12,7830.663,864.253,209.257,6757.153,-63.409999999999854,891.6719999999996,2021-05-14,2026-10-07
2021-05-19,7922.883,860.833,293.998,6768.052000000001,31.876000000000204,779.5930000000008,2021-05-21,2026-10-07
2021-05-26,7903.541,778.912,450.283,6674.346,-7.597000000000662,523.8819999999996,2021-05-28,2026-10-07
2021-06-02,7935.703,812.087,438.778,6684.838,-16.713999999999942,548.0589999999993,2021-06-04,2026-10-07
2021-06-09,7952.327,673.555,502.904,6775.868,18.715000000000146,506.34000000000106,2021-06-11,2026-10-07
2021-06-16,8064.257,765.114,520.942,6778.201,10.148999999999432,174.1959999999999,2021-06-18,2026-10-07
2021-06-23,8101.945,733.877,813.65,6554.418,-119.92799999999988,-111.39400000000023,2021-06-25,2026-10-07
2021-06-30,8078.544,851.929,991.939,6234.6759999999995,-450.16200000000026,-198.054000000001,2021-07-02,2026-10-07
2021-07-07,8097.773,724.898,785.72,6587.155,-188.71300000000065,-131.72400000000016,2021-07-09,2026-10-07
2021-07-14,8201.651,657.542,859.975,6684.133999999999,-94.06700000000092,-136.429000000001,2021-07-16,2026-10-07
2021-07-21,8240.53,616.294,886.206,6738.030000000001,183.612000000001,1.8540000000002692,2021-07-23,2026-10-07
2021-07-28,8221.473,536.966,965.189,6719.317999999999,484.6419999999998,37.37499999999909,2021-07-30,2026-10-07
2021-08-04,8235.073,505.871,931.755,6797.447,210.29200000000037,95.89500000000044,2021-08-06,2026-10-07
2021-08-11,8257.159,389.747,1000.46,6866.951999999999,182.8180000000002,109.79899999999907,2021-08-13,2026-10-07
2021-08-18,8342.598,313.651,1115.656,6913.291,175.2609999999995,145.23899999999958,2021-08-20,2026-10-07
2021-08-25,8332.743,258.2,1147.089,6927.454000000001,208.13600000000133,253.10800000000108,2021-08-27,2026-10-07
2021-09-01,8349.173,296.934,1084.115,6968.124000000001,170.6770000000006,283.28600000000097,2021-09-03,2026-10-07
2021-09-08,8357.314,200.702,1115.229,7041.383,174.4310000000005,265.5149999999994,2021-09-10,2026-10-07
2021-09-15,8448.77,344.668,1081.342,7022.76,109.46900000000005,244.5590000000002,2021-09-17,2026-10-07
2021-09-22,8489.824,272.679,1283.281,6933.8640000000005,6.4099999999998545,379.4460000000008,2021-09-24,2026-10-07
2021-09-29,8447.981,173.745,1415.84,6858.395999999999,-109.72800000000188,623.7199999999993,2021-10-01,2026-10-07
2021-10-06,8464.032,95.854,1451.175,6917.003,-124.38000000000011,329.84799999999996,2021-10-08,2026-10-07
2021-10-13,8480.942,72.46,1364.701,7043.781,21.02099999999973,359.64700000000084,2021-10-15,2026-10-07
2021-10-20,8564.943,117.364,1493.961,6953.6179999999995,19.753999999998996,215.58799999999883,2021-10-22,2026-10-07
2021-10-27,8556.181,236.495,1433.37,6886.316,27.920000000000982,166.9980000000005,2021-10-29,2026-10-07
2021-11-03,8574.871,286.959,1343.985,6943.926999999999,26.92399999999907,146.47999999999865,2021-11-05,2026-10-07
2021-11-10,8663.117,231.421,1448.623,6983.073,-60.70799999999963,116.121000000001,2021-11-12,2026-10-07
2021-11-17,8674.97,178.972,1520.0,6975.998,22.38000000000011,62.706999999999425,2021-11-19,2026-10-07
2021-11-24,8681.771,141.042,1452.897,7087.832000000001,201.51600000000144,160.3780000000006,2021-11-26,2026-10-07
2021-12-01,8650.402,159.148,1427.347,7063.907000000001,119.98000000000229,95.78300000000036,2021-12-03,2026-10-07
2021-12-08,8664.524,125.144,1484.192,7055.187999999999,72.11499999999887,13.804999999999382,2021-12-10,2026-10-07
2021-12-15,8756.666,58.294,1621.097,7077.275,101.27700000000004,54.51499999999942,2021-12-17,2026-10-07
2021-12-22,8790.495,197.516,1699.277,6893.702000000001,-194.1300000000001,-40.16199999999935,2021-12-24,2026-10-07
2021-12-29,8757.46,283.995,1642.506,6830.958999999998,-232.94800000000305,-27.437000000000808,2021-12-31,2026-10-07
2022-01-05,8765.721,434.757,1492.787,6838.177,-217.0109999999995,-78.82600000000002,2022-01-07,2026-10-07
2022-01-12,8788.278,489.679,1536.981,6761.618,-315.65699999999924,-282.16299999999956,2022-01-14,2026-10-07
2022-01-19,8867.834,580.171,1656.576,6631.087,-262.6150000000007,-322.53099999999904,2022-01-21,2026-10-07
2022-01-26,8860.485,639.62,1613.046,6607.8189999999995,-223.1399999999985,-278.4970000000003,2022-01-28,2026-10-07
2022-02-02,8873.211,710.267,1626.895,6536.048999999999,-302.1280000000006,-407.8779999999997,2022-02-04,2026-10-07
2022-02-09,8878.009,679.019,1653.153,6545.8369999999995,-215.78100000000086,-437.2360000000008,2022-02-11,2026-10-07
2022-02-16,8911.033,709.261,1644.134,6557.637999999999,-73.44900000000143,-418.3600000000006,2022-02-18,2026-10-07
2022-02-23,8928.129,674.797,1738.322,6515.01,-92.80899999999929,-572.822000000001,2022-02-25,2026-10-07
2022-03-02,8904.455,685.491,1526.211,6692.753,156.70400000000063,-371.15400000000136,2022-03-04,2026-10-07
2022-03-09,8910.748,609.369,1542.504,6758.874999999999,213.03799999999956,-296.3130000000001,2022-03-11,2026-10-07
2022-03-16,8954.306,621.527,1613.637,6719.142000000001,161.50400000000172,-358.1329999999989,2022-03-18,2026-10-07
2022-03-23,8962.474,576.442,1803.186,6582.846,67.83599999999933,-310.8560000000016,2022-03-25,2026-10-07
2022-03-30,8937.142,556.791,1785.939,6594.412,-98.34099999999944,-236.54699999999775,2022-04-01,2026-10-07
2022-04-06,8937.592,545.584,1731.472,6660.536,-98.33899999999903,-177.64099999999962,2022-04-08,2026-10-07
2022-04-13,8965.487,543.536,1815.555,6606.395999999999,-112.74600000000191,-155.22200000000157,2022-04-15,2026-10-07
2022-04-20,8955.851,907.526,1866.56,6181.765000000001,-401.0809999999983,-449.3219999999992,2022-04-22,2026-10-07
2022-04-27,8939.199,957.419,1803.162,6178.618,-415.79399999999987,-429.2009999999991,2022-04-29,2026-10-07
2022-05-04,8939.972,964.412,1815.656,6159.9039999999995,-500.6320000000005,-376.1449999999995,2022-05-06,2026-10-07
2022-05-11,8942.008,919.331,1876.119,6146.558,-459.83799999999883,-399.27899999999954,2022-05-13,2026-10-07
2022-05-18,8945.898,866.726,1973.373,6105.798999999999,-75.96600000000217,-451.83899999999994,2022-05-20,2026-10-07
2022-05-25,8914.281,801.714,1995.75,6116.817000000001,-61.800999999999476,-398.1929999999993,2022-05-27,2026-10-07
2022-06-01,8915.05,780.575,1965.015,6169.459999999999,9.555999999999585,-523.2930000000006,2022-06-03,2026-10-07
2022-06-08,8918.254,683.892,2140.277,6094.085000000001,-52.47299999999905,-664.7899999999981,2022-06-10,2026-10-07
2022-06-15,8932.42,769.937,2162.924,5999.559,-106.23999999999887,-719.5830000000005,2022-06-17,2026-10-07
2022-06-22,8934.346,745.052,2259.458,5929.835999999999,-186.9810000000016,-653.0100000000002,2022-06-24,2026-10-07
2022-06-29,8913.553,759.845,2226.976,5926.732,-242.72799999999916,-667.6800000000003,2022-07-01,2026-10-07
2022-07-06,8891.851,687.943,2168.026,6035.882000000001,-58.20299999999952,-624.6539999999986,2022-07-08,2026-10-07
2022-07-13,8895.867,618.74,2155.29,6121.837,122.27800000000025,-484.5589999999984,2022-07-15,2026-10-07
2022-07-20,8899.213,616.348,2240.204,6042.661,112.82500000000073,-139.10400000000118,2022-07-22,2026-10-07
2022-07-27,8890.004,615.515,2188.994,6085.495000000001,158.76300000000083,-93.12299999999959,2022-07-29,2026-10-07
2022-08-03,8874.62,566.577,2182.238,6125.805000000002,89.92300000000068,-34.09899999999743,2022-08-05,2026-10-07
2022-08-10,8879.138,561.14,2177.646,6140.352000000001,18.515000000000327,-6.2059999999992215,2022-08-12,2026-10-07
2022-08-17,8849.762,539.278,2199.631,6110.853000000001,68.19200000000092,5.054000000001906,2022-08-19,2026-10-07
2022-08-24,8851.436,530.196,2237.072,6084.168,-1.327000000001135,-32.64900000000125,2022-08-26,2026-10-07
2022-08-31,8826.093,669.911,2251.025,5905.157000000001,-220.64800000000105,-264.30299999999806,2022-09-02,2026-10-07
2022-09-07,8822.401,582.921,2206.987,6032.4929999999995,-107.85900000000129,-61.59200000000146,2022-09-09,2026-10-07
2022-09-14,8832.759,617.997,2225.579,5989.183000000001,-121.67000000000007,-10.375999999999294,2022-09-16,2026-10-07
2022-09-21,8816.802,690.286,2315.9,5810.616,-273.5519999999997,-119.21999999999935,2022-09-23,2026-10-07
2022-09-28,8795.567,661.92,2366.798,5766.848999999999,-138.3080000000018,-159.88300000000072,2022-09-30,2026-10-07
2022-10-05,8759.053,622.131,2230.799,5906.123,-126.36999999999989,-129.75900000000183,2022-10-07,2026-10-07
2022-10-12,8758.969,583.513,2247.206,5928.249999999999,-60.93300000000181,-193.58700000000135,2022-10-14,2026-10-07
2022-10-19,8743.922,640.613,2241.835,5861.474,50.858000000000175,-181.1869999999999,2022-10-21,2026-10-07
2022-10-26,8723.09,636.327,2186.856,5899.906999999999,133.058,-185.58800000000156,2022-10-28,2026-10-07
2022-11-02,8676.87,552.089,2229.861,5894.920000000001,-11.20299999999861,-230.88500000000113,2022-11-04,2026-10-07
2022-11-09,8678.886,517.34,2237.812,5923.734,-4.515999999998712,-216.6180000000004,2022-11-11,2026-10-07
2022-11-16,8625.62,472.185,2099.07,6054.365,192.89099999999962,-56.48800000000119,2022-11-18,2026-10-07
2022-11-23,8621.39,492.754,2069.174,6059.4619999999995,159.5550000000003,-24.70600000000013,2022-11-25,2026-10-07
2022-11-30,8584.576,532.791,2115.913,5935.871999999999,40.95199999999841,30.714999999998327,2022-12-02,2026-10-07
2022-12-07,8582.735,410.853,2151.549,6020.3330000000005,96.59900000000016,-12.159999999998945,2022-12-09,2026-10-07
2022-12-14,8583.413,342.104,2192.864,6048.4450000000015,-5.919999999998254,59.262000000000626,2022-12-16,2026-10-07
2022-12-21,8564.411,434.922,2206.965,5922.523999999999,-136.9380000000001,111.90799999999945,2022-12-23,2026-10-07
2022-12-28,8551.169,409.809,2293.003,5848.357,-87.51499999999942,81.50800000000072,2022-12-30,2026-10-07
2023-01-04,8507.429,379.62,2229.542,5898.267,-122.06600000000071,-7.855999999999767,2023-01-06,2026-10-07
2023-01-11,8508.587,346.426,2199.17,5962.990999999999,-85.45400000000245,34.740999999999985,2023-01-13,2026-10-07
2023-01-18,8489.039,377.5,2131.678,5979.861000000001,57.33700000000135,118.38700000000063,2023-01-20,2026-10-07
2023-01-25,8470.557,572.622,2031.561,5866.374000000001,18.017000000000735,-33.53299999999854,2023-01-27,2026-10-07
2023-02-01,8433.61,500.852,2038.262,5894.496000000001,-3.7709999999988213,-0.42399999999997817,2023-02-03,2026-10-07
2023-02-08,8435.369,495.838,2059.604,5879.9270000000015,-83.06399999999758,-43.80699999999888,2023-02-10,2026-10-07
2023-02-15,8384.767,439.703,2011.998,5933.066000000001,-46.79500000000007,-121.29899999999907,2023-02-17,2026-10-07
2023-02-22,8382.19,451.307,2113.849,5817.034000000001,-49.340000000000146,-242.42799999999897,2023-02-24,2026-10-07
2023-03-01,8339.684,351.015,2133.95,5854.718999999999,-39.77700000000186,-81.15300000000025,2023-03-03,2026-10-07
2023-03-08,8342.283,311.731,2193.237,5837.315,-42.6120000000019,-183.01800000000094,2023-03-10,2026-10-07
2023-03-15,8639.3,277.643,2055.823,6305.833999999999,372.7679999999982,257.3889999999974,2023-03-17,2026-10-07
2023-03-22,8733.787,199.856,2279.608,6254.323,437.28899999999976,331.7990000000009,2023-03-24,2026-10-07
2023-03-29,8705.942,162.758,2264.862,6278.321999999999,423.60300000000007,429.96499999999924,2023-03-31,2026-10-07
2023-04-05,8632.384,140.688,2243.011,6248.6849999999995,411.3699999999999,350.41799999999967,2023-04-07,2026-10-07
2023-04-12,8614.797,86.554,2303.862,6224.381,-81.45299999999861,261.39000000000124,2023-04-14,2026-10-07
2023-04-19,8593.263,265.095,2294.677,6033.491000000002,-220.83199999999852,53.63000000000102,2023-04-21,2026-10-07
2023-04-26,8562.768,296.209,2279.561,5986.998,-291.3239999999996,120.62399999999889,2023-04-28,2026-10-07
2023-05-03,8503.994,188.309,2258.222,6057.463000000002,-191.22199999999793,162.96700000000055,2023-05-05,2026-10-07
2023-05-10,8503.017,154.808,2233.149,6115.0599999999995,-109.32100000000082,235.132999999998,2023-05-12,2026-10-07
2023-05-17,8456.76,68.332,2213.676,6174.752,141.2609999999986,241.6859999999997,2023-05-19,2026-10-07
2023-05-24,8436.255,49.473,2250.709,6136.072999999999,149.07499999999982,319.03899999999885,2023-05-26,2026-10-07
2023-05-31,8385.854,48.512,2254.859,6082.482999999998,25.0199999999968,227.7639999999992,2023-06-02,2026-10-07
2023-06-07,8389.325,77.5,2161.556,6150.269,35.20900000000074,312.95400000000063,2023-06-09,2026-10-07
2023-06-14,8388.323,134.857,2109.105,6144.361000000001,-30.39099999999962,-161.47299999999814,2023-06-16,2026-10-07
2023-06-21,8362.06,292.106,2037.102,6032.852,-103.22099999999955,-221.47100000000046,2023-06-23,2026-10-07
2023-06-28,8340.914,408.561,1945.211,5987.142000000001,-95.34099999999762,-291.1799999999985,2023-06-30,2026-10-07
2023-07-05,8298.312,446.864,1867.061,5984.387000000001,-165.8819999999996,-264.29799999999886,2023-07-07,2026-10-07
2023-07-12,8296.923,517.418,1820.146,5959.359000000001,-185.0019999999995,-265.021999999999,2023-07-14,2026-10-07
2023-07-19,8274.552,537.441,1732.804,6004.307,-28.545000000000073,-29.184000000002015,2023-07-21,2026-10-07
2023-07-26,8243.344,549.897,1749.733,5943.713999999999,-43.4280000000017,-43.28400000000056,2023-07-28,2026-10-07
2023-08-02,8206.764,460.926,1770.186,5975.651999999999,-8.735000000001492,-81.81100000000242,2023-08-04,2026-10-07
2023-08-09,8208.241,432.262,1796.519,5979.46,20.10099999999875,-135.59999999999945,2023-08-11,2026-10-07
2023-08-16,8145.727,384.814,1796.725,5964.188,-40.11899999999969,-210.5640000000003,2023-08-18,2026-10-07
2023-08-23,8139.066,416.031,1816.533,5906.502,-37.211999999998625,-229.570999999999,2023-08-25,2026-10-07
2023-08-30,8121.316,500.702,1696.819,5923.795,-51.85699999999906,-158.68799999999828,2023-09-01,2026-10-07
2023-09-06,8101.318,481.552,1606.244,6013.522000000001,34.06200000000081,-136.7469999999994,2023-09-08,2026-10-07
2023-09-13,8098.779,537.364,1546.225,6015.1900000000005,51.00200000000041,-129.17100000000028,2023-09-15,2026-10-07
2023-09-20,8024.09,661.717,1486.984,5875.389000000001,-31.112999999999374,-157.46299999999883,2023-09-22,2026-10-07
2023-09-27,8002.064,672.142,1442.805,5887.117,-36.677999999999884,-100.02500000000055,2023-09-29,2026-10-07
2023-10-04,7955.782,678.959,1342.031,5934.792,-78.73000000000047,-49.595000000000255,2023-10-06,2026-10-07
2023-10-11,7952.054,713.0,1239.382,5999.6720000000005,-15.518000000000029,40.31299999999919,2023-10-13,2026-10-07
2023-10-18,7933.162,841.103,1150.781,5941.278,65.88899999999921,-63.02899999999954,2023-10-20,2026-10-07
2023-10-25,7907.83,847.717,1100.617,5959.496,72.3789999999999,15.782000000001062,2023-10-27,2026-10-07
2023-11-01,7866.664,753.008,1079.462,6034.1939999999995,99.40199999999913,58.54200000000037,2023-11-03,2026-10-07
2023-11-08,7860.691,763.459,1024.451,6072.781,73.10899999999947,93.32099999999991,2023-11-10,2026-10-07
2023-11-15,7814.991,669.976,944.241,6200.774,259.4960000000001,236.58600000000024,2023-11-17,2026-10-07
2023-11-22,7810.814,693.007,931.604,6186.203,226.70700000000033,279.701,2023-11-24,2026-10-07
2023-11-29,7796.145,753.57,914.187,6128.388000000001,94.19400000000132,204.59300000000076,2023-12-01,2026-10-07
2023-12-06,7737.385,667.678,846.498,6223.209000000001,150.4280000000008,209.6869999999999,2023-12-08,2026-10-07
2023-12-13,7739.566,630.618,823.329,6285.619,84.84499999999935,270.4289999999992,2023-12-15,2026-10-07
2023-12-20,7724.063,732.721,779.143,6212.1990000000005,25.996000000000095,336.8099999999995,2023-12-22,2026-10-07
2023-12-27,7712.781,713.064,818.869,6180.848,52.45999999999913,293.73099999999977,2023-12-29,2026-10-07
2024-01-03,7681.024,743.464,719.897,6217.6630000000005,-5.5460000000002765,282.8710000000001,2024-01-05,2026-10-07
2024-01-10,7686.71,727.856,679.961,6278.893,-6.725999999999658,279.22099999999955,2024-01-12,2026-10-07
2024-01-17,7673.741,773.544,590.191,6310.006,97.80699999999979,368.72800000000007,2024-01-19,2026-10-07
2024-01-24,7677.23,815.159,639.56,6222.511,41.663000000000466,263.0150000000003,2024-01-26,2026-10-07
2024-01-31,7630.124,865.481,615.379,6149.264,-68.39900000000034,115.07000000000062,2024-02-02,2026-10-07
2024-02-07,7631.3,821.575,553.055,6256.67,-22.222999999999956,183.88900000000012,2024-02-09,2026-10-07
2024-02-14,7633.874,831.88,575.332,6226.661999999999,-83.34400000000096,25.88799999999901,2024-02-16,2026-10-07
2024-02-21,7581.683,788.759,574.882,6218.042,-4.469000000000051,31.838999999999942,2024-02-23,2026-10-07
2024-02-28,7567.807,767.672,569.855,6230.280000000001,81.01600000000053,101.89199999999983,2024-03-01,2026-10-07
2024-03-06,7538.857,760.55,456.847,6321.46,64.78999999999996,98.2509999999993,2024-03-08,2026-10-07
2024-03-13,7541.969,748.388,521.738,6271.843,45.181000000000495,-13.77599999999984,2024-03-15,2026-10-07
2024-03-20,7514.348,812.605,496.245,6205.4980000000005,-12.543999999999869,-6.701000000000022,2024-03-22,2026-10-07
2024-03-27,7484.739,772.26,518.357,6194.121999999999,-36.158000000001266,13.273999999999432,2024-03-29,2026-10-07
2024-04-03,7439.558,732.828,436.631,6270.098999999999,-51.361000000000786,52.435999999998785,2024-04-05,2026-10-07
2024-04-10,7438.176,672.537,445.816,6319.823,47.98000000000047,40.93000000000029,2024-04-12,2026-10-07
2024-04-17,7405.506,929.932,440.508,6035.066000000001,-170.4319999999998,-274.9399999999996,2024-04-19,2026-10-07
2024-04-24,7402.434,929.379,441.215,6031.84,-162.28199999999924,-190.67100000000028,2024-04-26,2026-10-07
2024-05-01,7362.474,890.442,438.148,6033.884,-236.21499999999924,-115.38000000000011,2024-05-03,2026-10-07
2024-05-08,7353.408,816.809,493.427,6043.1720000000005,-276.65099999999984,-213.4979999999996,2024-05-10,2026-10-07
2024-05-15,7304.272,706.108,443.779,6154.385,119.3189999999995,-72.27699999999913,2024-05-17,2026-10-07
2024-05-22,7299.566,710.882,496.382,6092.302000000001,60.462000000000444,-125.73999999999978,2024-05-24,2026-10-07
2024-05-29,7284.319,716.02,459.314,6108.985000000001,75.10100000000057,-121.29500000000007,2024-05-31,2026-10-07
2024-06-05,7255.687,703.314,371.841,6180.531999999999,137.35999999999876,-140.9280000000008,2024-06-07,2026-10-07
2024-06-12,7258.974,650.212,447.574,6161.188000000001,6.803000000000793,-110.65499999999884,2024-06-14,2026-10-07
2024-06-19,7252.542,782.158,375.542,6094.842,2.539999999999054,-110.65600000000086,2024-06-21,2026-10-07
2024-06-26,7231.163,744.206,490.156,5996.8009999999995,-112.1840000000011,-197.3209999999999,2024-06-28,2026-10-07
2024-07-03,7221.52,745.608,425.898,6050.014,-130.51799999999912,-220.08499999999913,2024-07-05,2026-10-07
2024-07-10,7224.079,722.328,422.147,6079.604,-81.58400000000074,-240.21900000000005,2024-07-12,2026-10-07
2024-07-17,7208.247,766.779,399.401,6042.067000000001,-52.77499999999873,7.001000000000204,2024-07-19,2026-10-07
2024-07-24,7205.455,767.419,399.121,6038.915,42.11400000000049,7.074999999999818,2024-07-26,2026-10-07
2024-07-31,7178.391,854.001,413.2,5911.19,-138.82400000000052,-122.69400000000041,2024-08-02,2026-10-07
2024-08-07,7175.256,785.233,286.66,6103.363,23.759000000000015,60.1909999999998,2024-08-09,2026-10-07
2024-08-14,7177.688,788.823,328.472,6060.393,18.325999999999112,-93.99200000000019,2024-08-16,2026-10-07
2024-08-21,7139.952,734.727,321.329,6083.896000000001,44.98100000000068,-8.405999999999949,2024-08-23,2026-10-07
2024-08-28,7123.238,757.077,388.89,5977.271,66.08100000000013,-131.71400000000085,2024-08-30,2026-10-07
2024-09-04,7112.567,771.047,337.312,6004.2080000000005,-99.15499999999975,-176.3239999999987,2024-09-06,2026-10-07
2024-09-11,7115.001,725.577,279.215,6110.209,49.8159999999998,-50.97900000000118,2024-09-13,2026-10-07
2024-09-18,7109.137,839.398,305.831,5963.907999999999,-119.9880000000012,-130.9340000000002,2024-09-20,2026-10-07
2024-09-25,7080.059,778.91,416.193,5884.956,-92.3149999999996,-111.84499999999935,2024-09-27,2026-10-07
2024-10-02,7046.925,823.412,383.398,5840.115,-164.09300000000076,-209.89900000000034,2024-10-04,2026-10-07
2024-10-09,7046.84,787.395,343.448,5915.996999999999,-194.21200000000044,-163.60700000000088,2024-10-11,2026-10-07
2024-10-16,7039.284,814.751,272.028,5952.504999999999,-11.403000000000247,-89.56200000000172,2024-10-18,2026-10-07
2024-10-23,7029.408,817.41,270.839,5941.159000000001,56.20300000000043,-97.7559999999994,2024-10-25,2026-10-07
2024-10-30,7013.49,847.137,228.946,5937.407,97.29200000000037,26.217000000000553,2024-11-01,2026-10-07
2024-11-06,6994.299,840.227,177.871,5976.201,60.20400000000063,-127.16200000000026,2024-11-08,2026-10-07
2024-11-13,6967.108,808.857,238.106,5920.145,-32.35999999999876,-140.2479999999996,2024-11-15,2026-10-07
2024-11-20,6923.731,737.834,217.793,5968.104,26.94499999999971,-115.79200000000037,2024-11-22,2026-10-07
2024-11-27,6905.14,782.704,169.815,5952.621000000001,15.214000000000851,-24.649999999998727,2024-11-29,2026-10-07
2024-12-04,6895.827,815.011,162.866,5917.950000000001,-58.250999999999294,-86.25799999999981,2024-12-06,2026-10-07
2024-12-11,6897.485,711.354,180.12,6006.0109999999995,85.86599999999908,-104.19800000000032,2024-12-13,2026-10-07
2024-12-18,6889.332,803.975,131.651,5953.706,-14.398000000000138,-10.201999999999316,2024-12-20,2026-10-07
2024-12-25,6885.963,735.039,180.989,5969.935,17.313999999999396,84.97900000000027,2024-12-27,2026-10-07
2025-01-01,6852.491,721.892,473.46,5657.139,-260.8110000000006,-182.97599999999966,2025-01-03,2026-10-07
2025-01-08,6853.554,620.531,185.144,6047.879,41.86800000000039,131.88200000000052,2025-01-10,2026-10-07
2025-01-15,6834.07,651.187,119.977,6062.906,109.19999999999982,110.40100000000075,2025-01-17,2026-10-07
2025-01-22,6831.76,665.485,123.981,6042.294000000001,72.35900000000038,101.13500000000022,2025-01-24,2026-10-07
2025-01-29,6818.186,811.549,121.842,5884.795,227.65599999999995,-52.61200000000008,2025-01-31,2026-10-07
2025-02-05,6810.935,817.953,78.788,5914.194,-133.6849999999995,-62.00699999999961,2025-02-07,2026-10-07
2025-02-12,6813.513,809.154,67.67,5936.689,-126.21699999999964,16.54399999999987,2025-02-14,2026-10-07
2025-02-19,6782.332,738.938,73.196,5970.198,-72.09600000000046,2.094000000000051,2025-02-21,2026-10-07
2025-02-26,6766.101,568.55,126.058,6071.4929999999995,186.6979999999994,118.87199999999848,2025-02-28,2026-10-07
2025-03-05,6756.764,522.818,139.493,6094.4529999999995,180.2589999999991,176.5029999999988,2025-03-07,2026-10-07
2025-03-12,6759.571,450.713,131.055,6177.803,241.11399999999958,171.79200000000037,2025-03-14,2026-10-07
2025-03-19,6755.982,415.799,193.378,6146.805,176.60699999999997,193.09900000000016,2025-03-21,2026-10-07
2025-03-26,6740.253,315.97,241.371,6182.911999999999,111.41899999999987,212.97699999999895,2025-03-28,2026-10-07
2025-04-02,6723.452,301.624,233.488,6188.34,93.88700000000063,531.201,2025-04-04,2026-10-07
2025-04-09,6727.416,315.189,168.115,6244.112,66.3090000000002,196.23300000000017,2025-04-11,2026-10-07
2025-04-16,6727.113,638.783,54.772,6033.558,-113.2470000000003,-29.347999999999956,2025-04-18,2026-10-07
2025-04-23,6726.93,576.159,171.78,5978.991000000001,-203.92099999999846,-63.302999999999884,2025-04-25,2026-10-07
2025-04-30,6709.277,677.657,250.601,5781.019,-407.3209999999999,-103.77599999999984,2025-05-02,2026-10-07
2025-05-07,6710.889,595.86,154.859,5960.17,-283.942,45.97599999999966,2025-05-09,2026-10-07
2025-05-14,6713.27,562.433,165.024,5985.813,-47.74499999999989,49.123999999999796,2025-05-16,2026-10-07
2025-05-21,6688.726,475.886,162.802,6050.038,71.04699999999866,79.83999999999924,2025-05-23,2026-10-07
2025-05-28,6673.244,436.627,173.641,6062.976,281.9569999999994,-8.516999999999825,2025-05-30,2026-10-07
2025-06-04,6672.885,376.16,168.882,6127.843000000001,167.67300000000068,33.39000000000124,2025-06-06,2026-10-07
2025-06-11,6677.155,277.025,204.625,6195.505,209.692,17.702000000000226,2025-06-13,2026-10-07
2025-06-18,6681.056,383.851,205.05,6092.155,42.11700000000019,-54.650000000000546,2025-06-20,2026-10-07
2025-06-25,6662.2,334.579,210.879,6116.742,53.76600000000053,-66.16999999999916,2025-06-27,2026-10-07
2025-07-02,6659.598,372.232,237.307,6050.059,-77.78400000000056,-138.28099999999995,2025-07-04,2026-10-07
2025-07-09,6661.912,311.048,227.273,6123.591,-71.91399999999976,-120.52099999999973,2025-07-11,2026-10-07
2025-07-16,6659.273,312.085,197.086,6150.102,57.947000000000116,116.54399999999987,2025-07-18,2026-10-07
2025-07-23,6657.715,333.538,189.632,6134.545,17.802999999999884,155.55399999999918,2025-07-25,2026-10-07
2025-07-30,6642.578,419.446,155.481,6067.651000000001,17.592000000000553,286.6320000000005,2025-08-01,2026-10-07
2025-08-06,6640.843,464.315,91.966,6084.562,-39.02900000000045,124.39199999999983,2025-08-08,2026-10-07
2025-08-13,6643.615,515.469,57.202,6070.9439999999995,-79.15800000000036,85.1309999999994,2025-08-15,2026-10-07
2025-08-20,6618.415,526.063,34.999,6057.353,-77.19200000000001,7.315000000000509,2025-08-22,2026-10-07
2025-08-27,6603.384,595.798,34.744,5972.842000000001,-94.8090000000002,-90.1339999999991,2025-08-29,2026-10-07
2025-09-03,6602.071,661.939,17.923,5922.209,-162.35300000000007,-205.63400000000092,2025-09-05,2026-10-07
2025-09-10,6605.962,667.585,29.4,5908.977000000001,-161.96699999999873,-286.52799999999934,2025-09-12,2026-10-07
2025-09-17,6608.597,807.142,13.963,5787.492,-269.8609999999999,-304.66299999999956,2025-09-19,2026-10-07
2025-09-24,6608.395,757.97,29.172,5821.253000000001,-151.58899999999994,-295.4889999999996,2025-09-26,2026-10-07
2025-10-01,6587.119,819.378,10.179,5757.562,-164.64699999999993,-292.4970000000003,2025-10-03,2026-10-07
2025-10-08,6590.815,794.054,5.231,5791.53,-117.44700000000103,-332.0610000000006,2025-10-10,2026-10-07
2025-10-15,6596.454,851.952,5.484,5739.017999999999,-48.47400000000107,-411.08400000000074,2025-10-17,2026-10-07
2025-10-22,6589.533,905.074,4.005,5680.454000000001,-140.79899999999998,-454.09099999999944,2025-10-24,2026-10-07
2025-10-29,6587.034,983.859,19.504,5583.670999999999,-173.89100000000053,-483.9800000000014,2025-10-31,2026-10-07
2025-11-05,6572.732,942.7,12.814,5617.218,-174.3119999999999,-467.34400000000005,2025-11-07,2026-10-07
2025-11-12,6580.462,943.145,5.886,5631.4310000000005,-107.58699999999862,-439.512999999999,2025-11-14,2026-10-07
2025-11-19,6555.283,900.832,1.129,5653.322,-27.132000000000517,-404.03099999999995,2025-11-21,2026-10-07
2025-11-26,6552.419,899.678,2.217,5650.524,66.85300000000097,-322.3180000000002,2025-11-28,2026-10-07
2025-12-03,6535.781,908.523,2.514,5624.744,7.52599999999984,-297.46500000000015,2025-12-05,2026-10-07
2025-12-10,6539.303,805.827,5.045,5728.431,96.99999999999909,-180.5460000000012,2025-12-12,2026-10-07
2025-12-17,6556.861,861.417,10.361,5685.083,31.760999999999513,-102.40900000000056,2025-12-19,2026-10-07
2025-12-24,6581.231,801.537,4.803,5774.891,124.36699999999928,-46.36200000000099,2025-12-26,2026-10-07
2025-12-31,6640.618,872.853,105.993,5661.772,37.02800000000025,-95.78999999999996,2026-01-02,2026-10-07
2026-01-07,6573.602,783.571,4.582,5785.449,57.01800000000003,-6.081000000000131,2026-01-09,2026-10-07
2026-01-14,6581.7,777.061,3.223,5801.416,116.33300000000054,62.39800000000105,2026-01-16,2026-10-07
2026-01-21,6584.58,871.169,3.344,5710.067,-64.82399999999961,29.612999999999374,2026-01-23,2026-10-07
2026-01-28,6587.568,952.705,1.103,5633.76,-28.011999999999716,50.08900000000085,2026-01-30,2026-10-07
2026-02-04,6605.909,907.737,2.414,5695.758,-89.6909999999998,78.53999999999996,2026-02-06,2026-10-07
2026-02-11,6622.382,910.533,1.048,5710.8009999999995,-90.61500000000069,79.36999999999898,2026-02-13,2026-10-07
2026-02-18,6613.395,888.854,0.856,5723.685,13.618000000000393,70.36300000000028,2026-02-20,2026-10-07
2026-02-25,6613.797,838.975,1.159,5773.663,139.90299999999934,123.13899999999921,2026-02-27,2026-10-07
2026-03-04,6628.894,846.979,0.877,5781.038,85.27999999999975,156.29399999999987,2026-03-06,2026-10-07
2026-03-11,6646.344,805.806,0.552,5839.986000000001,129.1850000000013,111.5550000000012,2026-03-13,2026-10-07
2026-03-18,6655.939,875.833,0.698,5779.408,55.722999999999956,94.32500000000073,2026-03-20,2026-10-07
2026-03-25,6657.161,837.412,0.777,5818.972,45.3090000000002,44.08100000000013,2026-03-27,2026-10-07
2026-04-01,6675.344,803.553,2.107,5869.684,88.64600000000064,207.91200000000026,2026-04-03,2026-10-07
2026-04-08,6693.871,697.079,0.177,5996.615000000001,156.6289999999999,211.16600000000108,2026-04-10,2026-10-07
2026-04-15,6705.696,924.435,0.223,5781.0380000000005,1.6300000000001091,-20.3779999999997,2026-04-17,2026-10-07
2026-04-22,6707.419,1007.172,0.538,5699.709,-119.26299999999992,-10.358000000000175,2026-04-24,2026-10-07
2026-04-29,6699.95,988.102,0.747,5711.101,-158.58300000000054,77.34099999999944,2026-05-01,2026-10-07
2026-05-06,6709.505,862.757,1.633,5845.115000000001,-151.5,149.35700000000088,2026-05-08,2026-10-07
2026-05-13,6728.502,807.42,3.719,5917.363,136.32499999999982,206.5620000000008,2026-05-15,2026-10-07
2026-05-20,6713.643,781.979,24.867,5906.797,207.08799999999974,183.11199999999917,2026-05-22,2026-10-07
2026-05-27,6704.383,842.66,1.853,5859.87,148.76900000000023,86.20700000000033,2026-05-29,2026-10-07
2026-06-03,6711.495,845.722,2.062,5863.711,18.59599999999955,82.67300000000068,2026-06-05,2026-10-07
2026-06-10,6725.397,801.084,0.387,5923.926,6.563000000000102,83.9399999999996,2026-06-12,2026-10-07
2026-06-17,6736.424,956.502,6.828,5773.094,-133.70299999999952,-6.314000000000306,2026-06-19,2026-10-07
2026-06-24,6735.645,901.845,4.534,5829.2660000000005,-30.60399999999936,10.294000000000779,2026-06-26,2026-10-07
2026-07-01,6724.564,807.359,1.001,5916.204,52.49299999999948,46.51999999999953,2026-07-03,2026-10-07
2026-07-08,6735.609,749.244,3.347,5983.018000000001,59.09200000000055,-13.596999999999753,2026-07-10,2026-10-07
2026-07-15,6743.028,795.976,0.151,5946.901000000001,173.8070000000007,165.86300000000028,2026-07-17,2026-10-07
2026-07-22,6747.378,835.417,0.376,5911.584999999999,82.3189999999986,211.8759999999993,2026-07-24,2026-10-07
2026-07-29,6738.19,970.442,2.576,5765.172,-151.03200000000015,54.07099999999991,2026-07-31,2026-10-07
2026-08-05,6748.567,929.325,1.65,5817.592000000001,-165.42600000000039,-27.52300000000014,2026-08-07,2026-10-07
2026-08-12,6759.955,959.405,0.725,5799.825,-147.07600000000093,-117.53800000000047,2026-08-14,2026-10-07
2026-08-19,6745.699,936.406,0.317,5808.976,-102.60899999999947,-97.82099999999991,2026-08-21,2026-10-07
2026-08-26,6730.912,959.435,0.702,5770.775000000001,5.603000000000975,-89.09499999999935,2026-08-28,2026-10-07
2026-09-02,6737.204,944.364,0.525,5792.3150000000005,-25.277000000000044,-71.39599999999973,2026-09-04,2026-10-07
2026-09-09,6740.619,843.705,0.432,5896.482,96.65700000000015,-27.444000000000415,2026-09-11,2026-10-07
2026-09-16,6746.548,991.708,5.375,5749.465,-59.51099999999951,-23.628999999999905,2026-09-18,2026-10-07
2026-09-23,6747.704,947.317,0.461,5799.9259999999995,29.15099999999893,-29.340000000001055,2026-09-25,2026-10-07
2026-09-30,6743.031,984.046,11.539,5747.446,-44.8690000000006,-168.7579999999998,2026-10-02,2026-10-07
2026-10-07,6747.56,885.783,2.338,5859.439,-37.042999999999665,-123.57900000000063,2026-10-09,2026-10-07
