Date,Value,DataCollectedAt
1971-01-08,0.602,2026-09-25
1971-01-15,0.634,2026-09-25
1971-01-22,0.672,2026-09-25
1971-01-29,0.713,2026-09-25
1971-02-05,0.756,2026-09-25
1971-02-12,0.798,2026-09-25
1971-02-19,0.84,2026-09-25
1971-02-26,0.881,2026-09-25
1971-03-05,0.923,2026-09-25
1971-03-12,0.969,2026-09-25
1971-03-19,1.02,2026-09-25
1971-03-26,1.079,2026-09-25
1971-04-02,1.146,2026-09-25
1971-04-09,1.22,2026-09-25
1971-04-16,1.296,2026-09-25
1971-04-23,1.367,2026-09-25
1971-04-30,1.427,2026-09-25
1971-05-07,1.467,2026-09-25
1971-05-14,1.478,2026-09-25
1971-05-21,1.457,2026-09-25
1971-05-28,1.404,2026-09-25
1971-06-04,1.324,2026-09-25
1971-06-11,1.224,2026-09-25
1971-06-18,1.121,2026-09-25
1971-06-25,1.032,2026-09-25
1971-07-02,0.974,2026-09-25
1971-07-09,0.961,2026-09-25
1971-07-16,1.004,2026-09-25
1971-07-23,1.105,2026-09-25
1971-07-30,1.258,2026-09-25
1971-08-06,1.449,2026-09-25
1971-08-13,1.659,2026-09-25
1971-08-20,1.864,2026-09-25
1971-08-27,2.039,2026-09-25
1971-09-03,2.169,2026-09-25
1971-09-10,2.239,2026-09-25
1971-09-17,2.249,2026-09-25
1971-09-24,2.202,2026-09-25
1971-10-01,2.108,2026-09-25
1971-10-08,1.981,2026-09-25
1971-10-15,1.841,2026-09-25
1971-10-22,1.702,2026-09-25
1971-10-29,1.58,2026-09-25
1971-11-05,1.484,2026-09-25
1971-11-12,1.418,2026-09-25
1971-11-19,1.38,2026-09-25
1971-11-26,1.365,2026-09-25
1971-12-03,1.364,2026-09-25
1971-12-10,1.368,2026-09-25
1971-12-17,1.367,2026-09-25
1971-12-24,1.351,2026-09-25
1971-12-31,1.319,2026-09-25
1972-01-07,1.261,2026-09-25
1972-01-14,1.185,2026-09-25
1972-01-21,1.092,2026-09-25
1972-01-28,0.99,2026-09-25
1972-02-04,0.886,2026-09-25
1972-02-11,0.786,2026-09-25
1972-02-18,0.692,2026-09-25
1972-02-25,0.609,2026-09-25
1972-03-03,0.538,2026-09-25
1972-03-10,0.478,2026-09-25
1972-03-17,0.428,2026-09-25
1972-03-24,0.383,2026-09-25
1972-03-31,0.341,2026-09-25
1972-04-07,0.297,2026-09-25
1972-04-14,0.251,2026-09-25
1972-04-21,0.203,2026-09-25
1972-04-28,0.155,2026-09-25
1972-05-05,0.109,2026-09-25
1972-05-12,0.071,2026-09-25
1972-05-19,0.045,2026-09-25
1972-05-26,0.034,2026-09-25
1972-06-02,0.041,2026-09-25
1972-06-09,0.067,2026-09-25
1972-06-16,0.109,2026-09-25
1972-06-23,0.161,2026-09-25
1972-06-30,0.217,2026-09-25
1972-07-07,0.27,2026-09-25
1972-07-14,0.311,2026-09-25
1972-07-21,0.335,2026-09-25
1972-07-28,0.339,2026-09-25
1972-08-04,0.32,2026-09-25
1972-08-11,0.281,2026-09-25
1972-08-18,0.226,2026-09-25
1972-08-25,0.16,2026-09-25
1972-09-01,0.091,2026-09-25
1972-09-08,0.025,2026-09-25
1972-09-15,-0.032,2026-09-25
1972-09-22,-0.078,2026-09-25
1972-09-29,-0.111,2026-09-25
1972-10-06,-0.135,2026-09-25
1972-10-13,-0.151,2026-09-25
1972-10-20,-0.164,2026-09-25
1972-10-27,-0.177,2026-09-25
1972-11-03,-0.191,2026-09-25
1972-11-10,-0.209,2026-09-25
1972-11-17,-0.229,2026-09-25
1972-11-24,-0.251,2026-09-25
1972-12-01,-0.269,2026-09-25
1972-12-08,-0.279,2026-09-25
1972-12-15,-0.277,2026-09-25
1972-12-22,-0.256,2026-09-25
1972-12-29,-0.21,2026-09-25
1973-01-05,-0.137,2026-09-25
1973-01-12,-0.035,2026-09-25
1973-01-19,0.095,2026-09-25
1973-01-26,0.248,2026-09-25
1973-02-02,0.416,2026-09-25
1973-02-09,0.591,2026-09-25
1973-02-16,0.761,2026-09-25
1973-02-23,0.917,2026-09-25
1973-03-02,1.048,2026-09-25
1973-03-09,1.151,2026-09-25
1973-03-16,1.223,2026-09-25
1973-03-23,1.265,2026-09-25
1973-03-30,1.283,2026-09-25
1973-04-06,1.28,2026-09-25
1973-04-13,1.263,2026-09-25
1973-04-20,1.238,2026-09-25
1973-04-27,1.21,2026-09-25
1973-05-04,1.182,2026-09-25
1973-05-11,1.157,2026-09-25
1973-05-18,1.138,2026-09-25
1973-05-25,1.127,2026-09-25
1973-06-01,1.127,2026-09-25
1973-06-08,1.141,2026-09-25
1973-06-15,1.171,2026-09-25
1973-06-22,1.219,2026-09-25
1973-06-29,1.288,2026-09-25
1973-07-06,1.376,2026-09-25
1973-07-13,1.483,2026-09-25
1973-07-20,1.603,2026-09-25
1973-07-27,1.734,2026-09-25
1973-08-03,1.866,2026-09-25
1973-08-10,1.996,2026-09-25
1973-08-17,2.118,2026-09-25
1973-08-24,2.225,2026-09-25
1973-08-31,2.314,2026-09-25
1973-09-07,2.378,2026-09-25
1973-09-14,2.416,2026-09-25
1973-09-21,2.429,2026-09-25
1973-09-28,2.418,2026-09-25
1973-10-05,2.386,2026-09-25
1973-10-12,2.34,2026-09-25
1973-10-19,2.287,2026-09-25
1973-10-26,2.236,2026-09-25
1973-11-02,2.192,2026-09-25
1973-11-09,2.159,2026-09-25
1973-11-16,2.136,2026-09-25
1973-11-23,2.118,2026-09-25
1973-11-30,2.096,2026-09-25
1973-12-07,2.057,2026-09-25
1973-12-14,1.994,2026-09-25
1973-12-21,1.898,2026-09-25
1973-12-28,1.769,2026-09-25
1974-01-04,1.608,2026-09-25
1974-01-11,1.425,2026-09-25
1974-01-18,1.229,2026-09-25
1974-01-25,1.033,2026-09-25
1974-02-01,0.849,2026-09-25
1974-02-08,0.688,2026-09-25
1974-02-15,0.562,2026-09-25
1974-02-22,0.478,2026-09-25
1974-03-01,0.441,2026-09-25
1974-03-08,0.457,2026-09-25
1974-03-15,0.525,2026-09-25
1974-03-22,0.646,2026-09-25
1974-03-29,0.817,2026-09-25
1974-04-05,1.034,2026-09-25
1974-04-12,1.291,2026-09-25
1974-04-19,1.584,2026-09-25
1974-04-26,1.905,2026-09-25
1974-05-03,2.249,2026-09-25
1974-05-10,2.609,2026-09-25
1974-05-17,2.977,2026-09-25
1974-05-24,3.345,2026-09-25
1974-05-31,3.705,2026-09-25
1974-06-07,4.049,2026-09-25
1974-06-14,4.366,2026-09-25
1974-06-21,4.647,2026-09-25
1974-06-28,4.882,2026-09-25
1974-07-05,5.06,2026-09-25
1974-07-12,5.175,2026-09-25
1974-07-19,5.227,2026-09-25
1974-07-26,5.22,2026-09-25
1974-08-02,5.164,2026-09-25
1974-08-09,5.068,2026-09-25
1974-08-16,4.945,2026-09-25
1974-08-23,4.804,2026-09-25
1974-08-30,4.654,2026-09-25
1974-09-06,4.499,2026-09-25
1974-09-13,4.34,2026-09-25
1974-09-20,4.179,2026-09-25
1974-09-27,4.01,2026-09-25
1974-10-04,3.835,2026-09-25
1974-10-11,3.653,2026-09-25
1974-10-18,3.471,2026-09-25
1974-10-25,3.299,2026-09-25
1974-11-01,3.143,2026-09-25
1974-11-08,3.009,2026-09-25
1974-11-15,2.901,2026-09-25
1974-11-22,2.813,2026-09-25
1974-11-29,2.743,2026-09-25
1974-12-06,2.68,2026-09-25
1974-12-13,2.616,2026-09-25
1974-12-20,2.544,2026-09-25
1974-12-27,2.454,2026-09-25
1975-01-03,2.345,2026-09-25
1975-01-10,2.214,2026-09-25
1975-01-17,2.066,2026-09-25
1975-01-24,1.907,2026-09-25
1975-01-31,1.742,2026-09-25
1975-02-07,1.577,2026-09-25
1975-02-14,1.42,2026-09-25
1975-02-21,1.272,2026-09-25
1975-02-28,1.135,2026-09-25
1975-03-07,1.009,2026-09-25
1975-03-14,0.893,2026-09-25
1975-03-21,0.786,2026-09-25
1975-03-28,0.684,2026-09-25
1975-04-04,0.585,2026-09-25
1975-04-11,0.489,2026-09-25
1975-04-18,0.393,2026-09-25
1975-04-25,0.299,2026-09-25
1975-05-02,0.209,2026-09-25
1975-05-09,0.124,2026-09-25
1975-05-16,0.047,2026-09-25
1975-05-23,-0.021,2026-09-25
1975-05-30,-0.076,2026-09-25
1975-06-06,-0.118,2026-09-25
1975-06-13,-0.147,2026-09-25
1975-06-20,-0.165,2026-09-25
1975-06-27,-0.173,2026-09-25
1975-07-04,-0.175,2026-09-25
1975-07-11,-0.171,2026-09-25
1975-07-18,-0.166,2026-09-25
1975-07-25,-0.158,2026-09-25
1975-08-01,-0.148,2026-09-25
1975-08-08,-0.134,2026-09-25
1975-08-15,-0.118,2026-09-25
1975-08-22,-0.097,2026-09-25
1975-08-29,-0.071,2026-09-25
1975-09-05,-0.042,2026-09-25
1975-09-12,-0.009,2026-09-25
1975-09-19,0.026,2026-09-25
1975-09-26,0.061,2026-09-25
1975-10-03,0.093,2026-09-25
1975-10-10,0.12,2026-09-25
1975-10-17,0.14,2026-09-25
1975-10-24,0.152,2026-09-25
1975-10-31,0.156,2026-09-25
1975-11-07,0.149,2026-09-25
1975-11-14,0.133,2026-09-25
1975-11-21,0.104,2026-09-25
1975-11-28,0.065,2026-09-25
1975-12-05,0.015,2026-09-25
1975-12-12,-0.045,2026-09-25
1975-12-19,-0.113,2026-09-25
1975-12-26,-0.185,2026-09-25
1976-01-02,-0.261,2026-09-25
1976-01-09,-0.336,2026-09-25
1976-01-16,-0.408,2026-09-25
1976-01-23,-0.474,2026-09-25
1976-01-30,-0.533,2026-09-25
1976-02-06,-0.585,2026-09-25
1976-02-13,-0.629,2026-09-25
1976-02-20,-0.665,2026-09-25
1976-02-27,-0.695,2026-09-25
1976-03-05,-0.717,2026-09-25
1976-03-12,-0.733,2026-09-25
1976-03-19,-0.742,2026-09-25
1976-03-26,-0.743,2026-09-25
1976-04-02,-0.736,2026-09-25
1976-04-09,-0.72,2026-09-25
1976-04-16,-0.695,2026-09-25
1976-04-23,-0.664,2026-09-25
1976-04-30,-0.626,2026-09-25
1976-05-07,-0.586,2026-09-25
1976-05-14,-0.547,2026-09-25
1976-05-21,-0.511,2026-09-25
1976-05-28,-0.483,2026-09-25
1976-06-04,-0.465,2026-09-25
1976-06-11,-0.458,2026-09-25
1976-06-18,-0.462,2026-09-25
1976-06-25,-0.476,2026-09-25
1976-07-02,-0.499,2026-09-25
1976-07-09,-0.528,2026-09-25
1976-07-16,-0.56,2026-09-25
1976-07-23,-0.592,2026-09-25
1976-07-30,-0.623,2026-09-25
1976-08-06,-0.651,2026-09-25
1976-08-13,-0.674,2026-09-25
1976-08-20,-0.694,2026-09-25
1976-08-27,-0.708,2026-09-25
1976-09-03,-0.718,2026-09-25
1976-09-10,-0.723,2026-09-25
1976-09-17,-0.725,2026-09-25
1976-09-24,-0.724,2026-09-25
1976-10-01,-0.72,2026-09-25
1976-10-08,-0.714,2026-09-25
1976-10-15,-0.707,2026-09-25
1976-10-22,-0.698,2026-09-25
1976-10-29,-0.689,2026-09-25
1976-11-05,-0.68,2026-09-25
1976-11-12,-0.672,2026-09-25
1976-11-19,-0.667,2026-09-25
1976-11-26,-0.666,2026-09-25
1976-12-03,-0.672,2026-09-25
1976-12-10,-0.684,2026-09-25
1976-12-17,-0.704,2026-09-25
1976-12-24,-0.73,2026-09-25
1976-12-31,-0.762,2026-09-25
1977-01-07,-0.798,2026-09-25
1977-01-14,-0.835,2026-09-25
1977-01-21,-0.87,2026-09-25
1977-01-28,-0.901,2026-09-25
1977-02-04,-0.925,2026-09-25
1977-02-11,-0.942,2026-09-25
1977-02-18,-0.948,2026-09-25
1977-02-25,-0.946,2026-09-25
1977-03-04,-0.934,2026-09-25
1977-03-11,-0.913,2026-09-25
1977-03-18,-0.886,2026-09-25
1977-03-25,-0.853,2026-09-25
1977-04-01,-0.815,2026-09-25
1977-04-08,-0.775,2026-09-25
1977-04-15,-0.734,2026-09-25
1977-04-22,-0.692,2026-09-25
1977-04-29,-0.65,2026-09-25
1977-05-06,-0.611,2026-09-25
1977-05-13,-0.575,2026-09-25
1977-05-20,-0.545,2026-09-25
1977-05-27,-0.521,2026-09-25
1977-06-03,-0.503,2026-09-25
1977-06-10,-0.492,2026-09-25
1977-06-17,-0.487,2026-09-25
1977-06-24,-0.487,2026-09-25
1977-07-01,-0.491,2026-09-25
1977-07-08,-0.497,2026-09-25
1977-07-15,-0.503,2026-09-25
1977-07-22,-0.508,2026-09-25
1977-07-29,-0.511,2026-09-25
1977-08-05,-0.509,2026-09-25
1977-08-12,-0.504,2026-09-25
1977-08-19,-0.495,2026-09-25
1977-08-26,-0.483,2026-09-25
1977-09-02,-0.468,2026-09-25
1977-09-09,-0.449,2026-09-25
1977-09-16,-0.426,2026-09-25
1977-09-23,-0.401,2026-09-25
1977-09-30,-0.373,2026-09-25
1977-10-07,-0.345,2026-09-25
1977-10-14,-0.317,2026-09-25
1977-10-21,-0.29,2026-09-25
1977-10-28,-0.265,2026-09-25
1977-11-04,-0.244,2026-09-25
1977-11-11,-0.228,2026-09-25
1977-11-18,-0.217,2026-09-25
1977-11-25,-0.211,2026-09-25
1977-12-02,-0.212,2026-09-25
1977-12-09,-0.217,2026-09-25
1977-12-16,-0.227,2026-09-25
1977-12-23,-0.241,2026-09-25
1977-12-30,-0.257,2026-09-25
1978-01-06,-0.273,2026-09-25
1978-01-13,-0.286,2026-09-25
1978-01-20,-0.294,2026-09-25
1978-01-27,-0.296,2026-09-25
1978-02-03,-0.289,2026-09-25
1978-02-10,-0.274,2026-09-25
1978-02-17,-0.25,2026-09-25
1978-02-24,-0.217,2026-09-25
1978-03-03,-0.176,2026-09-25
1978-03-10,-0.128,2026-09-25
1978-03-17,-0.074,2026-09-25
1978-03-24,-0.017,2026-09-25
1978-03-31,0.043,2026-09-25
1978-04-07,0.105,2026-09-25
1978-04-14,0.168,2026-09-25
1978-04-21,0.232,2026-09-25
1978-04-28,0.297,2026-09-25
1978-05-05,0.359,2026-09-25
1978-05-12,0.42,2026-09-25
1978-05-19,0.477,2026-09-25
1978-05-26,0.528,2026-09-25
1978-06-02,0.573,2026-09-25
1978-06-09,0.61,2026-09-25
1978-06-16,0.637,2026-09-25
1978-06-23,0.653,2026-09-25
1978-06-30,0.657,2026-09-25
1978-07-07,0.649,2026-09-25
1978-07-14,0.631,2026-09-25
1978-07-21,0.604,2026-09-25
1978-07-28,0.572,2026-09-25
1978-08-04,0.537,2026-09-25
1978-08-11,0.507,2026-09-25
1978-08-18,0.486,2026-09-25
1978-08-25,0.483,2026-09-25
1978-09-01,0.503,2026-09-25
1978-09-08,0.553,2026-09-25
1978-09-15,0.635,2026-09-25
1978-09-22,0.749,2026-09-25
1978-09-29,0.894,2026-09-25
1978-10-06,1.061,2026-09-25
1978-10-13,1.244,2026-09-25
1978-10-20,1.431,2026-09-25
1978-10-27,1.61,2026-09-25
1978-11-03,1.767,2026-09-25
1978-11-10,1.896,2026-09-25
1978-11-17,1.989,2026-09-25
1978-11-24,2.039,2026-09-25
1978-12-01,2.048,2026-09-25
1978-12-08,2.018,2026-09-25
1978-12-15,1.951,2026-09-25
1978-12-22,1.855,2026-09-25
1978-12-29,1.734,2026-09-25
1979-01-05,1.596,2026-09-25
1979-01-12,1.446,2026-09-25
1979-01-19,1.292,2026-09-25
1979-01-26,1.138,2026-09-25
1979-02-02,0.99,2026-09-25
1979-02-09,0.851,2026-09-25
1979-02-16,0.723,2026-09-25
1979-02-23,0.608,2026-09-25
1979-03-02,0.508,2026-09-25
1979-03-09,0.423,2026-09-25
1979-03-16,0.354,2026-09-25
1979-03-23,0.301,2026-09-25
1979-03-30,0.264,2026-09-25
1979-04-06,0.243,2026-09-25
1979-04-13,0.236,2026-09-25
1979-04-20,0.242,2026-09-25
1979-04-27,0.262,2026-09-25
1979-05-04,0.294,2026-09-25
1979-05-11,0.336,2026-09-25
1979-05-18,0.389,2026-09-25
1979-05-25,0.451,2026-09-25
1979-06-01,0.521,2026-09-25
1979-06-08,0.596,2026-09-25
1979-06-15,0.676,2026-09-25
1979-06-22,0.757,2026-09-25
1979-06-29,0.839,2026-09-25
1979-07-06,0.92,2026-09-25
1979-07-13,1.002,2026-09-25
1979-07-20,1.086,2026-09-25
1979-07-27,1.173,2026-09-25
1979-08-03,1.266,2026-09-25
1979-08-10,1.365,2026-09-25
1979-08-17,1.472,2026-09-25
1979-08-24,1.586,2026-09-25
1979-08-31,1.706,2026-09-25
1979-09-07,1.831,2026-09-25
1979-09-14,1.957,2026-09-25
1979-09-21,2.082,2026-09-25
1979-09-28,2.2,2026-09-25
1979-10-05,2.307,2026-09-25
1979-10-12,2.398,2026-09-25
1979-10-19,2.468,2026-09-25
1979-10-26,2.512,2026-09-25
1979-11-02,2.529,2026-09-25
1979-11-09,2.514,2026-09-25
1979-11-16,2.471,2026-09-25
1979-11-23,2.4,2026-09-25
1979-11-30,2.309,2026-09-25
1979-12-07,2.204,2026-09-25
1979-12-14,2.093,2026-09-25
1979-12-21,1.986,2026-09-25
1979-12-28,1.89,2026-09-25
1980-01-04,1.813,2026-09-25
1980-01-11,1.765,2026-09-25
1980-01-18,1.754,2026-09-25
1980-01-25,1.787,2026-09-25
1980-02-01,1.871,2026-09-25
1980-02-08,2.007,2026-09-25
1980-02-15,2.194,2026-09-25
1980-02-22,2.427,2026-09-25
1980-02-29,2.695,2026-09-25
1980-03-07,2.982,2026-09-25
1980-03-14,3.27,2026-09-25
1980-03-21,3.536,2026-09-25
1980-03-28,3.757,2026-09-25
1980-04-04,3.921,2026-09-25
1980-04-11,4.01,2026-09-25
1980-04-18,4.017,2026-09-25
1980-04-25,3.944,2026-09-25
1980-05-02,3.796,2026-09-25
1980-05-09,3.584,2026-09-25
1980-05-16,3.323,2026-09-25
1980-05-23,3.029,2026-09-25
1980-05-30,2.714,2026-09-25
1980-06-06,2.395,2026-09-25
1980-06-13,2.081,2026-09-25
1980-06-20,1.782,2026-09-25
1980-06-27,1.508,2026-09-25
1980-07-04,1.271,2026-09-25
1980-07-11,1.075,2026-09-25
1980-07-18,0.928,2026-09-25
1980-07-25,0.829,2026-09-25
1980-08-01,0.774,2026-09-25
1980-08-08,0.761,2026-09-25
1980-08-15,0.78,2026-09-25
1980-08-22,0.822,2026-09-25
1980-08-29,0.882,2026-09-25
1980-09-05,0.955,2026-09-25
1980-09-12,1.035,2026-09-25
1980-09-19,1.125,2026-09-25
1980-09-26,1.224,2026-09-25
1980-10-03,1.336,2026-09-25
1980-10-10,1.464,2026-09-25
1980-10-17,1.617,2026-09-25
1980-10-24,1.792,2026-09-25
1980-10-31,1.991,2026-09-25
1980-11-07,2.21,2026-09-25
1980-11-14,2.437,2026-09-25
1980-11-21,2.665,2026-09-25
1980-11-28,2.883,2026-09-25
1980-12-05,3.068,2026-09-25
1980-12-12,3.209,2026-09-25
1980-12-19,3.303,2026-09-25
1980-12-26,3.328,2026-09-25
1981-01-02,3.295,2026-09-25
1981-01-09,3.204,2026-09-25
1981-01-16,3.067,2026-09-25
1981-01-23,2.895,2026-09-25
1981-01-30,2.703,2026-09-25
1981-02-06,2.501,2026-09-25
1981-02-13,2.304,2026-09-25
1981-02-20,2.126,2026-09-25
1981-02-27,1.968,2026-09-25
1981-03-06,1.84,2026-09-25
1981-03-13,1.746,2026-09-25
1981-03-20,1.687,2026-09-25
1981-03-27,1.667,2026-09-25
1981-04-03,1.685,2026-09-25
1981-04-10,1.736,2026-09-25
1981-04-17,1.821,2026-09-25
1981-04-24,1.929,2026-09-25
1981-05-01,2.059,2026-09-25
1981-05-08,2.207,2026-09-25
1981-05-15,2.368,2026-09-25
1981-05-22,2.534,2026-09-25
1981-05-29,2.709,2026-09-25
1981-06-05,2.878,2026-09-25
1981-06-12,3.043,2026-09-25
1981-06-19,3.192,2026-09-25
1981-06-26,3.321,2026-09-25
1981-07-03,3.422,2026-09-25
1981-07-10,3.494,2026-09-25
1981-07-17,3.536,2026-09-25
1981-07-24,3.544,2026-09-25
1981-07-31,3.527,2026-09-25
1981-08-07,3.485,2026-09-25
1981-08-14,3.423,2026-09-25
1981-08-21,3.349,2026-09-25
1981-08-28,3.272,2026-09-25
1981-09-04,3.194,2026-09-25
1981-09-11,3.122,2026-09-25
1981-09-18,3.055,2026-09-25
1981-09-25,2.992,2026-09-25
1981-10-02,2.936,2026-09-25
1981-10-09,2.881,2026-09-25
1981-10-16,2.828,2026-09-25
1981-10-23,2.773,2026-09-25
1981-10-30,2.713,2026-09-25
1981-11-06,2.643,2026-09-25
1981-11-13,2.566,2026-09-25
1981-11-20,2.48,2026-09-25
1981-11-27,2.391,2026-09-25
1981-12-04,2.305,2026-09-25
1981-12-11,2.222,2026-09-25
1981-12-18,2.145,2026-09-25
1981-12-25,2.076,2026-09-25
1982-01-01,2.014,2026-09-25
1982-01-08,1.963,2026-09-25
1982-01-15,1.928,2026-09-25
1982-01-22,1.908,2026-09-25
1982-01-29,1.908,2026-09-25
1982-02-05,1.92,2026-09-25
1982-02-12,1.943,2026-09-25
1982-02-19,1.975,2026-09-25
1982-02-26,2.008,2026-09-25
1982-03-05,2.039,2026-09-25
1982-03-12,2.065,2026-09-25
1982-03-19,2.089,2026-09-25
1982-03-26,2.11,2026-09-25
1982-04-02,2.128,2026-09-25
1982-04-09,2.151,2026-09-25
1982-04-16,2.179,2026-09-25
1982-04-23,2.216,2026-09-25
1982-04-30,2.265,2026-09-25
1982-05-07,2.329,2026-09-25
1982-05-14,2.408,2026-09-25
1982-05-21,2.501,2026-09-25
1982-05-28,2.599,2026-09-25
1982-06-04,2.697,2026-09-25
1982-06-11,2.789,2026-09-25
1982-06-18,2.866,2026-09-25
1982-06-25,2.925,2026-09-25
1982-07-02,2.964,2026-09-25
1982-07-09,2.988,2026-09-25
1982-07-16,3.004,2026-09-25
1982-07-23,3.023,2026-09-25
1982-07-30,3.054,2026-09-25
1982-08-06,3.107,2026-09-25
1982-08-13,3.18,2026-09-25
1982-08-20,3.266,2026-09-25
1982-08-27,3.356,2026-09-25
1982-09-03,3.431,2026-09-25
1982-09-10,3.474,2026-09-25
1982-09-17,3.467,2026-09-25
1982-09-24,3.395,2026-09-25
1982-10-01,3.251,2026-09-25
1982-10-08,3.04,2026-09-25
1982-10-15,2.774,2026-09-25
1982-10-22,2.475,2026-09-25
1982-10-29,2.165,2026-09-25
1982-11-05,1.863,2026-09-25
1982-11-12,1.585,2026-09-25
1982-11-19,1.341,2026-09-25
1982-11-26,1.136,2026-09-25
1982-12-03,0.968,2026-09-25
1982-12-10,0.832,2026-09-25
1982-12-17,0.72,2026-09-25
1982-12-24,0.624,2026-09-25
1982-12-31,0.538,2026-09-25
1983-01-07,0.457,2026-09-25
1983-01-14,0.381,2026-09-25
1983-01-21,0.31,2026-09-25
1983-01-28,0.245,2026-09-25
1983-02-04,0.187,2026-09-25
1983-02-11,0.137,2026-09-25
1983-02-18,0.098,2026-09-25
1983-02-25,0.069,2026-09-25
1983-03-04,0.047,2026-09-25
1983-03-11,0.033,2026-09-25
1983-03-18,0.024,2026-09-25
1983-03-25,0.014,2026-09-25
1983-04-01,0.003,2026-09-25
1983-04-08,-0.013,2026-09-25
1983-04-15,-0.034,2026-09-25
1983-04-22,-0.06,2026-09-25
1983-04-29,-0.09,2026-09-25
1983-05-06,-0.121,2026-09-25
1983-05-13,-0.149,2026-09-25
1983-05-20,-0.171,2026-09-25
1983-05-27,-0.187,2026-09-25
1983-06-03,-0.193,2026-09-25
1983-06-10,-0.192,2026-09-25
1983-06-17,-0.184,2026-09-25
1983-06-24,-0.17,2026-09-25
1983-07-01,-0.152,2026-09-25
1983-07-08,-0.132,2026-09-25
1983-07-15,-0.113,2026-09-25
1983-07-22,-0.096,2026-09-25
1983-07-29,-0.083,2026-09-25
1983-08-05,-0.076,2026-09-25
1983-08-12,-0.074,2026-09-25
1983-08-19,-0.076,2026-09-25
1983-08-26,-0.081,2026-09-25
1983-09-02,-0.087,2026-09-25
1983-09-09,-0.092,2026-09-25
1983-09-16,-0.094,2026-09-25
1983-09-23,-0.09,2026-09-25
1983-09-30,-0.081,2026-09-25
1983-10-07,-0.065,2026-09-25
1983-10-14,-0.043,2026-09-25
1983-10-21,-0.017,2026-09-25
1983-10-28,0.011,2026-09-25
1983-11-04,0.039,2026-09-25
1983-11-11,0.064,2026-09-25
1983-11-18,0.085,2026-09-25
1983-11-25,0.101,2026-09-25
1983-12-02,0.11,2026-09-25
1983-12-09,0.112,2026-09-25
1983-12-16,0.104,2026-09-25
1983-12-23,0.087,2026-09-25
1983-12-30,0.061,2026-09-25
1984-01-06,0.027,2026-09-25
1984-01-13,-0.012,2026-09-25
1984-01-20,-0.054,2026-09-25
1984-01-27,-0.095,2026-09-25
1984-02-03,-0.132,2026-09-25
1984-02-10,-0.162,2026-09-25
1984-02-17,-0.183,2026-09-25
1984-02-24,-0.193,2026-09-25
1984-03-02,-0.19,2026-09-25
1984-03-09,-0.174,2026-09-25
1984-03-16,-0.142,2026-09-25
1984-03-23,-0.093,2026-09-25
1984-03-30,-0.028,2026-09-25
1984-04-06,0.054,2026-09-25
1984-04-13,0.151,2026-09-25
1984-04-20,0.262,2026-09-25
1984-04-27,0.384,2026-09-25
1984-05-04,0.512,2026-09-25
1984-05-11,0.644,2026-09-25
1984-05-18,0.773,2026-09-25
1984-05-25,0.893,2026-09-25
1984-06-01,1.001,2026-09-25
1984-06-08,1.09,2026-09-25
1984-06-15,1.159,2026-09-25
1984-06-22,1.203,2026-09-25
1984-06-29,1.22,2026-09-25
1984-07-06,1.207,2026-09-25
1984-07-13,1.165,2026-09-25
1984-07-20,1.099,2026-09-25
1984-07-27,1.017,2026-09-25
1984-08-03,0.925,2026-09-25
1984-08-10,0.832,2026-09-25
1984-08-17,0.741,2026-09-25
1984-08-24,0.656,2026-09-25
1984-08-31,0.577,2026-09-25
1984-09-07,0.507,2026-09-25
1984-09-14,0.443,2026-09-25
1984-09-21,0.383,2026-09-25
1984-09-28,0.325,2026-09-25
1984-10-05,0.269,2026-09-25
1984-10-12,0.214,2026-09-25
1984-10-19,0.16,2026-09-25
1984-10-26,0.108,2026-09-25
1984-11-02,0.059,2026-09-25
1984-11-09,0.013,2026-09-25
1984-11-16,-0.031,2026-09-25
1984-11-23,-0.074,2026-09-25
1984-11-30,-0.117,2026-09-25
1984-12-07,-0.158,2026-09-25
1984-12-14,-0.199,2026-09-25
1984-12-21,-0.24,2026-09-25
1984-12-28,-0.28,2026-09-25
1985-01-04,-0.317,2026-09-25
1985-01-11,-0.349,2026-09-25
1985-01-18,-0.372,2026-09-25
1985-01-25,-0.386,2026-09-25
1985-02-01,-0.389,2026-09-25
1985-02-08,-0.382,2026-09-25
1985-02-15,-0.367,2026-09-25
1985-02-22,-0.347,2026-09-25
1985-03-01,-0.324,2026-09-25
1985-03-08,-0.302,2026-09-25
1985-03-15,-0.284,2026-09-25
1985-03-22,-0.271,2026-09-25
1985-03-29,-0.266,2026-09-25
1985-04-05,-0.271,2026-09-25
1985-04-12,-0.284,2026-09-25
1985-04-19,-0.305,2026-09-25
1985-04-26,-0.332,2026-09-25
1985-05-03,-0.361,2026-09-25
1985-05-10,-0.392,2026-09-25
1985-05-17,-0.419,2026-09-25
1985-05-24,-0.442,2026-09-25
1985-05-31,-0.458,2026-09-25
1985-06-07,-0.466,2026-09-25
1985-06-14,-0.464,2026-09-25
1985-06-21,-0.455,2026-09-25
1985-06-28,-0.437,2026-09-25
1985-07-05,-0.413,2026-09-25
1985-07-12,-0.383,2026-09-25
1985-07-19,-0.35,2026-09-25
1985-07-26,-0.313,2026-09-25
1985-08-02,-0.275,2026-09-25
1985-08-09,-0.236,2026-09-25
1985-08-16,-0.199,2026-09-25
1985-08-23,-0.167,2026-09-25
1985-08-30,-0.141,2026-09-25
1985-09-06,-0.124,2026-09-25
1985-09-13,-0.117,2026-09-25
1985-09-20,-0.122,2026-09-25
1985-09-27,-0.138,2026-09-25
1985-10-04,-0.164,2026-09-25
1985-10-11,-0.197,2026-09-25
1985-10-18,-0.232,2026-09-25
1985-10-25,-0.267,2026-09-25
1985-11-01,-0.297,2026-09-25
1985-11-08,-0.319,2026-09-25
1985-11-15,-0.332,2026-09-25
1985-11-22,-0.334,2026-09-25
1985-11-29,-0.328,2026-09-25
1985-12-06,-0.314,2026-09-25
1985-12-13,-0.297,2026-09-25
1985-12-20,-0.279,2026-09-25
1985-12-27,-0.262,2026-09-25
1986-01-03,-0.25,2026-09-25
1986-01-10,-0.243,2026-09-25
1986-01-17,-0.242,2026-09-25
1986-01-24,-0.245,2026-09-25
1986-01-31,-0.254,2026-09-25
1986-02-07,-0.264,2026-09-25
1986-02-14,-0.274,2026-09-25
1986-02-21,-0.284,2026-09-25
1986-02-28,-0.292,2026-09-25
1986-03-07,-0.3,2026-09-25
1986-03-14,-0.307,2026-09-25
1986-03-21,-0.316,2026-09-25
1986-03-28,-0.328,2026-09-25
1986-04-04,-0.346,2026-09-25
1986-04-11,-0.367,2026-09-25
1986-04-18,-0.39,2026-09-25
1986-04-25,-0.415,2026-09-25
1986-05-02,-0.437,2026-09-25
1986-05-09,-0.455,2026-09-25
1986-05-16,-0.466,2026-09-25
1986-05-23,-0.471,2026-09-25
1986-05-30,-0.469,2026-09-25
1986-06-06,-0.462,2026-09-25
1986-06-13,-0.452,2026-09-25
1986-06-20,-0.443,2026-09-25
1986-06-27,-0.437,2026-09-25
1986-07-04,-0.439,2026-09-25
1986-07-11,-0.447,2026-09-25
1986-07-18,-0.464,2026-09-25
1986-07-25,-0.486,2026-09-25
1986-08-01,-0.512,2026-09-25
1986-08-08,-0.537,2026-09-25
1986-08-15,-0.559,2026-09-25
1986-08-22,-0.575,2026-09-25
1986-08-29,-0.582,2026-09-25
1986-09-05,-0.581,2026-09-25
1986-09-12,-0.572,2026-09-25
1986-09-19,-0.559,2026-09-25
1986-09-26,-0.546,2026-09-25
1986-10-03,-0.536,2026-09-25
1986-10-10,-0.529,2026-09-25
1986-10-17,-0.529,2026-09-25
1986-10-24,-0.531,2026-09-25
1986-10-31,-0.537,2026-09-25
1986-11-07,-0.543,2026-09-25
1986-11-14,-0.548,2026-09-25
1986-11-21,-0.549,2026-09-25
1986-11-28,-0.546,2026-09-25
1986-12-05,-0.54,2026-09-25
1986-12-12,-0.53,2026-09-25
1986-12-19,-0.518,2026-09-25
1986-12-26,-0.505,2026-09-25
1987-01-02,-0.495,2026-09-25
1987-01-09,-0.487,2026-09-25
1987-01-16,-0.483,2026-09-25
1987-01-23,-0.481,2026-09-25
1987-01-30,-0.48,2026-09-25
1987-02-06,-0.478,2026-09-25
1987-02-13,-0.471,2026-09-25
1987-02-20,-0.455,2026-09-25
1987-02-27,-0.43,2026-09-25
1987-03-06,-0.392,2026-09-25
1987-03-13,-0.337,2026-09-25
1987-03-20,-0.264,2026-09-25
1987-03-27,-0.171,2026-09-25
1987-04-03,-0.062,2026-09-25
1987-04-10,0.058,2026-09-25
1987-04-17,0.185,2026-09-25
1987-04-24,0.307,2026-09-25
1987-05-01,0.416,2026-09-25
1987-05-08,0.507,2026-09-25
1987-05-15,0.573,2026-09-25
1987-05-22,0.613,2026-09-25
1987-05-29,0.621,2026-09-25
1987-06-05,0.602,2026-09-25
1987-06-12,0.561,2026-09-25
1987-06-19,0.499,2026-09-25
1987-06-26,0.425,2026-09-25
1987-07-03,0.344,2026-09-25
1987-07-10,0.263,2026-09-25
1987-07-17,0.183,2026-09-25
1987-07-24,0.109,2026-09-25
1987-07-31,0.047,2026-09-25
1987-08-07,0.004,2026-09-25
1987-08-14,-0.017,2026-09-25
1987-08-21,-0.008,2026-09-25
1987-08-28,0.036,2026-09-25
1987-09-04,0.113,2026-09-25
1987-09-11,0.218,2026-09-25
1987-09-18,0.346,2026-09-25
1987-09-25,0.489,2026-09-25
1987-10-02,0.64,2026-09-25
1987-10-09,0.786,2026-09-25
1987-10-16,0.917,2026-09-25
1987-10-23,1.025,2026-09-25
1987-10-30,1.103,2026-09-25
1987-11-06,1.144,2026-09-25
1987-11-13,1.157,2026-09-25
1987-11-20,1.146,2026-09-25
1987-11-27,1.114,2026-09-25
1987-12-04,1.066,2026-09-25
1987-12-11,1.001,2026-09-25
1987-12-18,0.925,2026-09-25
1987-12-25,0.837,2026-09-25
1988-01-01,0.742,2026-09-25
1988-01-08,0.643,2026-09-25
1988-01-15,0.546,2026-09-25
1988-01-22,0.452,2026-09-25
1988-01-29,0.365,2026-09-25
1988-02-05,0.286,2026-09-25
1988-02-12,0.221,2026-09-25
1988-02-19,0.17,2026-09-25
1988-02-26,0.135,2026-09-25
1988-03-04,0.115,2026-09-25
1988-03-11,0.109,2026-09-25
1988-03-18,0.117,2026-09-25
1988-03-25,0.134,2026-09-25
1988-04-01,0.158,2026-09-25
1988-04-08,0.186,2026-09-25
1988-04-15,0.212,2026-09-25
1988-04-22,0.234,2026-09-25
1988-04-29,0.248,2026-09-25
1988-05-06,0.256,2026-09-25
1988-05-13,0.258,2026-09-25
1988-05-20,0.257,2026-09-25
1988-05-27,0.257,2026-09-25
1988-06-03,0.26,2026-09-25
1988-06-10,0.268,2026-09-25
1988-06-17,0.283,2026-09-25
1988-06-24,0.305,2026-09-25
1988-07-01,0.332,2026-09-25
1988-07-08,0.362,2026-09-25
1988-07-15,0.391,2026-09-25
1988-07-22,0.416,2026-09-25
1988-07-29,0.432,2026-09-25
1988-08-05,0.439,2026-09-25
1988-08-12,0.436,2026-09-25
1988-08-19,0.423,2026-09-25
1988-08-26,0.4,2026-09-25
1988-09-02,0.372,2026-09-25
1988-09-09,0.34,2026-09-25
1988-09-16,0.308,2026-09-25
1988-09-23,0.279,2026-09-25
1988-09-30,0.254,2026-09-25
1988-10-07,0.233,2026-09-25
1988-10-14,0.215,2026-09-25
1988-10-21,0.2,2026-09-25
1988-10-28,0.187,2026-09-25
1988-11-04,0.176,2026-09-25
1988-11-11,0.168,2026-09-25
1988-11-18,0.162,2026-09-25
1988-11-25,0.158,2026-09-25
1988-12-02,0.154,2026-09-25
1988-12-09,0.151,2026-09-25
1988-12-16,0.147,2026-09-25
1988-12-23,0.145,2026-09-25
1988-12-30,0.144,2026-09-25
1989-01-06,0.146,2026-09-25
1989-01-13,0.152,2026-09-25
1989-01-20,0.165,2026-09-25
1989-01-27,0.189,2026-09-25
1989-02-03,0.225,2026-09-25
1989-02-10,0.274,2026-09-25
1989-02-17,0.337,2026-09-25
1989-02-24,0.409,2026-09-25
1989-03-03,0.486,2026-09-25
1989-03-10,0.562,2026-09-25
1989-03-17,0.63,2026-09-25
1989-03-24,0.683,2026-09-25
1989-03-31,0.716,2026-09-25
1989-04-07,0.726,2026-09-25
1989-04-14,0.712,2026-09-25
1989-04-21,0.674,2026-09-25
1989-04-28,0.621,2026-09-25
1989-05-05,0.555,2026-09-25
1989-05-12,0.487,2026-09-25
1989-05-19,0.422,2026-09-25
1989-05-26,0.367,2026-09-25
1989-06-02,0.325,2026-09-25
1989-06-09,0.297,2026-09-25
1989-06-16,0.28,2026-09-25
1989-06-23,0.269,2026-09-25
1989-06-30,0.26,2026-09-25
1989-07-07,0.25,2026-09-25
1989-07-14,0.237,2026-09-25
1989-07-21,0.223,2026-09-25
1989-07-28,0.211,2026-09-25
1989-08-04,0.204,2026-09-25
1989-08-11,0.207,2026-09-25
1989-08-18,0.219,2026-09-25
1989-08-25,0.241,2026-09-25
1989-09-01,0.272,2026-09-25
1989-09-08,0.306,2026-09-25
1989-09-15,0.34,2026-09-25
1989-09-22,0.367,2026-09-25
1989-09-29,0.384,2026-09-25
1989-10-06,0.387,2026-09-25
1989-10-13,0.374,2026-09-25
1989-10-20,0.346,2026-09-25
1989-10-27,0.305,2026-09-25
1989-11-03,0.255,2026-09-25
1989-11-10,0.201,2026-09-25
1989-11-17,0.149,2026-09-25
1989-11-24,0.103,2026-09-25
1989-12-01,0.067,2026-09-25
1989-12-08,0.041,2026-09-25
1989-12-15,0.027,2026-09-25
1989-12-22,0.023,2026-09-25
1989-12-29,0.026,2026-09-25
1990-01-05,0.036,2026-09-25
1990-01-12,0.047,2026-09-25
1990-01-19,0.057,2026-09-25
1990-01-26,0.064,2026-09-25
1990-02-02,0.065,2026-09-25
1990-02-09,0.063,2026-09-25
1990-02-16,0.057,2026-09-25
1990-02-23,0.051,2026-09-25
1990-03-02,0.046,2026-09-25
1990-03-09,0.046,2026-09-25
1990-03-16,0.052,2026-09-25
1990-03-23,0.063,2026-09-25
1990-03-30,0.078,2026-09-25
1990-04-06,0.094,2026-09-25
1990-04-13,0.107,2026-09-25
1990-04-20,0.114,2026-09-25
1990-04-27,0.111,2026-09-25
1990-05-04,0.096,2026-09-25
1990-05-11,0.071,2026-09-25
1990-05-18,0.036,2026-09-25
1990-05-25,-0.005,2026-09-25
1990-06-01,-0.048,2026-09-25
1990-06-08,-0.088,2026-09-25
1990-06-15,-0.121,2026-09-25
1990-06-22,-0.144,2026-09-25
1990-06-29,-0.154,2026-09-25
1990-07-06,-0.151,2026-09-25
1990-07-13,-0.135,2026-09-25
1990-07-20,-0.108,2026-09-25
1990-07-27,-0.071,2026-09-25
1990-08-03,-0.026,2026-09-25
1990-08-10,0.024,2026-09-25
1990-08-17,0.078,2026-09-25
1990-08-24,0.133,2026-09-25
1990-08-31,0.188,2026-09-25
1990-09-07,0.242,2026-09-25
1990-09-14,0.293,2026-09-25
1990-09-21,0.341,2026-09-25
1990-09-28,0.384,2026-09-25
1990-10-05,0.416,2026-09-25
1990-10-12,0.44,2026-09-25
1990-10-19,0.454,2026-09-25
1990-10-26,0.459,2026-09-25
1990-11-02,0.46,2026-09-25
1990-11-09,0.459,2026-09-25
1990-11-16,0.46,2026-09-25
1990-11-23,0.464,2026-09-25
1990-11-30,0.475,2026-09-25
1990-12-07,0.488,2026-09-25
1990-12-14,0.503,2026-09-25
1990-12-21,0.517,2026-09-25
1990-12-28,0.523,2026-09-25
1991-01-04,0.515,2026-09-25
1991-01-11,0.493,2026-09-25
1991-01-18,0.453,2026-09-25
1991-01-25,0.393,2026-09-25
1991-02-01,0.324,2026-09-25
1991-02-08,0.249,2026-09-25
1991-02-15,0.173,2026-09-25
1991-02-22,0.102,2026-09-25
1991-03-01,0.037,2026-09-25
1991-03-08,-0.021,2026-09-25
1991-03-15,-0.071,2026-09-25
1991-03-22,-0.113,2026-09-25
1991-03-29,-0.149,2026-09-25
1991-04-05,-0.178,2026-09-25
1991-04-12,-0.202,2026-09-25
1991-04-19,-0.221,2026-09-25
1991-04-26,-0.234,2026-09-25
1991-05-03,-0.243,2026-09-25
1991-05-10,-0.246,2026-09-25
1991-05-17,-0.245,2026-09-25
1991-05-24,-0.241,2026-09-25
1991-05-31,-0.237,2026-09-25
1991-06-07,-0.235,2026-09-25
1991-06-14,-0.239,2026-09-25
1991-06-21,-0.25,2026-09-25
1991-06-28,-0.27,2026-09-25
1991-07-05,-0.298,2026-09-25
1991-07-12,-0.333,2026-09-25
1991-07-19,-0.373,2026-09-25
1991-07-26,-0.412,2026-09-25
1991-08-02,-0.449,2026-09-25
1991-08-09,-0.482,2026-09-25
1991-08-16,-0.507,2026-09-25
1991-08-23,-0.525,2026-09-25
1991-08-30,-0.538,2026-09-25
1991-09-06,-0.546,2026-09-25
1991-09-13,-0.551,2026-09-25
1991-09-20,-0.555,2026-09-25
1991-09-27,-0.558,2026-09-25
1991-10-04,-0.561,2026-09-25
1991-10-11,-0.566,2026-09-25
1991-10-18,-0.572,2026-09-25
1991-10-25,-0.579,2026-09-25
1991-11-01,-0.587,2026-09-25
1991-11-08,-0.596,2026-09-25
1991-11-15,-0.606,2026-09-25
1991-11-22,-0.615,2026-09-25
1991-11-29,-0.625,2026-09-25
1991-12-06,-0.636,2026-09-25
1991-12-13,-0.646,2026-09-25
1991-12-20,-0.654,2026-09-25
1991-12-27,-0.661,2026-09-25
1992-01-03,-0.663,2026-09-25
1992-01-10,-0.664,2026-09-25
1992-01-17,-0.661,2026-09-25
1992-01-24,-0.658,2026-09-25
1992-01-31,-0.656,2026-09-25
1992-02-07,-0.654,2026-09-25
1992-02-14,-0.653,2026-09-25
1992-02-21,-0.653,2026-09-25
1992-02-28,-0.654,2026-09-25
1992-03-06,-0.657,2026-09-25
1992-03-13,-0.662,2026-09-25
1992-03-20,-0.67,2026-09-25
1992-03-27,-0.682,2026-09-25
1992-04-03,-0.697,2026-09-25
1992-04-10,-0.716,2026-09-25
1992-04-17,-0.737,2026-09-25
1992-04-24,-0.759,2026-09-25
1992-05-01,-0.782,2026-09-25
1992-05-08,-0.804,2026-09-25
1992-05-15,-0.824,2026-09-25
1992-05-22,-0.843,2026-09-25
1992-05-29,-0.859,2026-09-25
1992-06-05,-0.874,2026-09-25
1992-06-12,-0.889,2026-09-25
1992-06-19,-0.903,2026-09-25
1992-06-26,-0.915,2026-09-25
1992-07-03,-0.926,2026-09-25
1992-07-10,-0.933,2026-09-25
1992-07-17,-0.938,2026-09-25
1992-07-24,-0.939,2026-09-25
1992-07-31,-0.938,2026-09-25
1992-08-07,-0.932,2026-09-25
1992-08-14,-0.924,2026-09-25
1992-08-21,-0.913,2026-09-25
1992-08-28,-0.898,2026-09-25
1992-09-04,-0.879,2026-09-25
1992-09-11,-0.858,2026-09-25
1992-09-18,-0.832,2026-09-25
1992-09-25,-0.803,2026-09-25
1992-10-02,-0.772,2026-09-25
1992-10-09,-0.741,2026-09-25
1992-10-16,-0.714,2026-09-25
1992-10-23,-0.693,2026-09-25
1992-10-30,-0.681,2026-09-25
1992-11-06,-0.679,2026-09-25
1992-11-13,-0.687,2026-09-25
1992-11-20,-0.706,2026-09-25
1992-11-27,-0.734,2026-09-25
1992-12-04,-0.769,2026-09-25
1992-12-11,-0.808,2026-09-25
1992-12-18,-0.846,2026-09-25
1992-12-25,-0.88,2026-09-25
1993-01-01,-0.909,2026-09-25
1993-01-08,-0.93,2026-09-25
1993-01-15,-0.944,2026-09-25
1993-01-22,-0.953,2026-09-25
1993-01-29,-0.956,2026-09-25
1993-02-05,-0.957,2026-09-25
1993-02-12,-0.956,2026-09-25
1993-02-19,-0.954,2026-09-25
1993-02-26,-0.955,2026-09-25
1993-03-05,-0.957,2026-09-25
1993-03-12,-0.96,2026-09-25
1993-03-19,-0.966,2026-09-25
1993-03-26,-0.973,2026-09-25
1993-04-02,-0.98,2026-09-25
1993-04-09,-0.987,2026-09-25
1993-04-16,-0.991,2026-09-25
1993-04-23,-0.993,2026-09-25
1993-04-30,-0.993,2026-09-25
1993-05-07,-0.99,2026-09-25
1993-05-14,-0.986,2026-09-25
1993-05-21,-0.983,2026-09-25
1993-05-28,-0.982,2026-09-25
1993-06-04,-0.984,2026-09-25
1993-06-11,-0.992,2026-09-25
1993-06-18,-1.004,2026-09-25
1993-06-25,-1.02,2026-09-25
1993-07-02,-1.037,2026-09-25
1993-07-09,-1.054,2026-09-25
1993-07-16,-1.07,2026-09-25
1993-07-23,-1.082,2026-09-25
1993-07-30,-1.091,2026-09-25
1993-08-06,-1.095,2026-09-25
1993-08-13,-1.096,2026-09-25
1993-08-20,-1.094,2026-09-25
1993-08-27,-1.089,2026-09-25
1993-09-03,-1.083,2026-09-25
1993-09-10,-1.074,2026-09-25
1993-09-17,-1.062,2026-09-25
1993-09-24,-1.049,2026-09-25
1993-10-01,-1.034,2026-09-25
1993-10-08,-1.018,2026-09-25
1993-10-15,-1.001,2026-09-25
1993-10-22,-0.983,2026-09-25
1993-10-29,-0.965,2026-09-25
1993-11-05,-0.95,2026-09-25
1993-11-12,-0.94,2026-09-25
1993-11-19,-0.935,2026-09-25
1993-11-26,-0.937,2026-09-25
1993-12-03,-0.946,2026-09-25
1993-12-10,-0.959,2026-09-25
1993-12-17,-0.974,2026-09-25
1993-12-24,-0.99,2026-09-25
1993-12-31,-1.004,2026-09-25
1994-01-07,-1.014,2026-09-25
1994-01-14,-1.02,2026-09-25
1994-01-21,-1.019,2026-09-25
1994-01-28,-1.012,2026-09-25
1994-02-04,-0.998,2026-09-25
1994-02-11,-0.977,2026-09-25
1994-02-18,-0.95,2026-09-25
1994-02-25,-0.919,2026-09-25
1994-03-04,-0.886,2026-09-25
1994-03-11,-0.852,2026-09-25
1994-03-18,-0.819,2026-09-25
1994-03-25,-0.79,2026-09-25
1994-04-01,-0.764,2026-09-25
1994-04-08,-0.745,2026-09-25
1994-04-15,-0.732,2026-09-25
1994-04-22,-0.723,2026-09-25
1994-04-29,-0.719,2026-09-25
1994-05-06,-0.717,2026-09-25
1994-05-13,-0.717,2026-09-25
1994-05-20,-0.718,2026-09-25
1994-05-27,-0.719,2026-09-25
1994-06-03,-0.718,2026-09-25
1994-06-10,-0.717,2026-09-25
1994-06-17,-0.715,2026-09-25
1994-06-24,-0.714,2026-09-25
1994-07-01,-0.716,2026-09-25
1994-07-08,-0.723,2026-09-25
1994-07-15,-0.735,2026-09-25
1994-07-22,-0.752,2026-09-25
1994-07-29,-0.769,2026-09-25
1994-08-05,-0.786,2026-09-25
1994-08-12,-0.799,2026-09-25
1994-08-19,-0.806,2026-09-25
1994-08-26,-0.806,2026-09-25
1994-09-02,-0.796,2026-09-25
1994-09-09,-0.778,2026-09-25
1994-09-16,-0.753,2026-09-25
1994-09-23,-0.724,2026-09-25
1994-09-30,-0.693,2026-09-25
1994-10-07,-0.665,2026-09-25
1994-10-14,-0.641,2026-09-25
1994-10-21,-0.619,2026-09-25
1994-10-28,-0.599,2026-09-25
1994-11-04,-0.579,2026-09-25
1994-11-11,-0.557,2026-09-25
1994-11-18,-0.531,2026-09-25
1994-11-25,-0.501,2026-09-25
1994-12-02,-0.471,2026-09-25
1994-12-09,-0.442,2026-09-25
1994-12-16,-0.419,2026-09-25
1994-12-23,-0.405,2026-09-25
1994-12-30,-0.403,2026-09-25
1995-01-06,-0.414,2026-09-25
1995-01-13,-0.437,2026-09-25
1995-01-20,-0.468,2026-09-25
1995-01-27,-0.504,2026-09-25
1995-02-03,-0.54,2026-09-25
1995-02-10,-0.573,2026-09-25
1995-02-17,-0.6,2026-09-25
1995-02-24,-0.62,2026-09-25
1995-03-03,-0.632,2026-09-25
1995-03-10,-0.637,2026-09-25
1995-03-17,-0.638,2026-09-25
1995-03-24,-0.637,2026-09-25
1995-03-31,-0.637,2026-09-25
1995-04-07,-0.639,2026-09-25
1995-04-14,-0.646,2026-09-25
1995-04-21,-0.656,2026-09-25
1995-04-28,-0.669,2026-09-25
1995-05-05,-0.683,2026-09-25
1995-05-12,-0.696,2026-09-25
1995-05-19,-0.704,2026-09-25
1995-05-26,-0.708,2026-09-25
1995-06-02,-0.704,2026-09-25
1995-06-09,-0.697,2026-09-25
1995-06-16,-0.686,2026-09-25
1995-06-23,-0.676,2026-09-25
1995-06-30,-0.667,2026-09-25
1995-07-07,-0.663,2026-09-25
1995-07-14,-0.664,2026-09-25
1995-07-21,-0.668,2026-09-25
1995-07-28,-0.676,2026-09-25
1995-08-04,-0.685,2026-09-25
1995-08-11,-0.695,2026-09-25
1995-08-18,-0.703,2026-09-25
1995-08-25,-0.708,2026-09-25
1995-09-01,-0.709,2026-09-25
1995-09-08,-0.707,2026-09-25
1995-09-15,-0.703,2026-09-25
1995-09-22,-0.697,2026-09-25
1995-09-29,-0.693,2026-09-25
1995-10-06,-0.692,2026-09-25
1995-10-13,-0.694,2026-09-25
1995-10-20,-0.7,2026-09-25
1995-10-27,-0.709,2026-09-25
1995-11-03,-0.721,2026-09-25
1995-11-10,-0.733,2026-09-25
1995-11-17,-0.742,2026-09-25
1995-11-24,-0.747,2026-09-25
1995-12-01,-0.749,2026-09-25
1995-12-08,-0.747,2026-09-25
1995-12-15,-0.742,2026-09-25
1995-12-22,-0.739,2026-09-25
1995-12-29,-0.739,2026-09-25
1996-01-05,-0.745,2026-09-25
1996-01-12,-0.756,2026-09-25
1996-01-19,-0.771,2026-09-25
1996-01-26,-0.789,2026-09-25
1996-02-02,-0.805,2026-09-25
1996-02-09,-0.816,2026-09-25
1996-02-16,-0.82,2026-09-25
1996-02-23,-0.816,2026-09-25
1996-03-01,-0.803,2026-09-25
1996-03-08,-0.784,2026-09-25
1996-03-15,-0.76,2026-09-25
1996-03-22,-0.737,2026-09-25
1996-03-29,-0.715,2026-09-25
1996-04-05,-0.698,2026-09-25
1996-04-12,-0.686,2026-09-25
1996-04-19,-0.68,2026-09-25
1996-04-26,-0.682,2026-09-25
1996-05-03,-0.687,2026-09-25
1996-05-10,-0.696,2026-09-25
1996-05-17,-0.705,2026-09-25
1996-05-24,-0.711,2026-09-25
1996-05-31,-0.713,2026-09-25
1996-06-07,-0.712,2026-09-25
1996-06-14,-0.707,2026-09-25
1996-06-21,-0.702,2026-09-25
1996-06-28,-0.698,2026-09-25
1996-07-05,-0.695,2026-09-25
1996-07-12,-0.696,2026-09-25
1996-07-19,-0.7,2026-09-25
1996-07-26,-0.708,2026-09-25
1996-08-02,-0.718,2026-09-25
1996-08-09,-0.728,2026-09-25
1996-08-16,-0.736,2026-09-25
1996-08-23,-0.741,2026-09-25
1996-08-30,-0.741,2026-09-25
1996-09-06,-0.737,2026-09-25
1996-09-13,-0.733,2026-09-25
1996-09-20,-0.729,2026-09-25
1996-09-27,-0.728,2026-09-25
1996-10-04,-0.731,2026-09-25
1996-10-11,-0.739,2026-09-25
1996-10-18,-0.749,2026-09-25
1996-10-25,-0.761,2026-09-25
1996-11-01,-0.772,2026-09-25
1996-11-08,-0.779,2026-09-25
1996-11-15,-0.781,2026-09-25
1996-11-22,-0.777,2026-09-25
1996-11-29,-0.766,2026-09-25
1996-12-06,-0.751,2026-09-25
1996-12-13,-0.733,2026-09-25
1996-12-20,-0.716,2026-09-25
1996-12-27,-0.702,2026-09-25
1997-01-03,-0.692,2026-09-25
1997-01-10,-0.687,2026-09-25
1997-01-17,-0.689,2026-09-25
1997-01-24,-0.696,2026-09-25
1997-01-31,-0.705,2026-09-25
1997-02-07,-0.716,2026-09-25
1997-02-14,-0.726,2026-09-25
1997-02-21,-0.731,2026-09-25
1997-02-28,-0.732,2026-09-25
1997-03-07,-0.726,2026-09-25
1997-03-14,-0.716,2026-09-25
1997-03-21,-0.703,2026-09-25
1997-03-28,-0.687,2026-09-25
1997-04-04,-0.671,2026-09-25
1997-04-11,-0.657,2026-09-25
1997-04-18,-0.644,2026-09-25
1997-04-25,-0.635,2026-09-25
1997-05-02,-0.629,2026-09-25
1997-05-09,-0.625,2026-09-25
1997-05-16,-0.623,2026-09-25
1997-05-23,-0.623,2026-09-25
1997-05-30,-0.624,2026-09-25
1997-06-06,-0.626,2026-09-25
1997-06-13,-0.629,2026-09-25
1997-06-20,-0.633,2026-09-25
1997-06-27,-0.637,2026-09-25
1997-07-04,-0.643,2026-09-25
1997-07-11,-0.647,2026-09-25
1997-07-18,-0.651,2026-09-25
1997-07-25,-0.654,2026-09-25
1997-08-01,-0.656,2026-09-25
1997-08-08,-0.655,2026-09-25
1997-08-15,-0.653,2026-09-25
1997-08-22,-0.65,2026-09-25
1997-08-29,-0.645,2026-09-25
1997-09-05,-0.639,2026-09-25
1997-09-12,-0.632,2026-09-25
1997-09-19,-0.622,2026-09-25
1997-09-26,-0.61,2026-09-25
1997-10-03,-0.595,2026-09-25
1997-10-10,-0.576,2026-09-25
1997-10-17,-0.554,2026-09-25
1997-10-24,-0.531,2026-09-25
1997-10-31,-0.508,2026-09-25
1997-11-07,-0.49,2026-09-25
1997-11-14,-0.477,2026-09-25
1997-11-21,-0.47,2026-09-25
1997-11-28,-0.47,2026-09-25
1997-12-05,-0.474,2026-09-25
1997-12-12,-0.483,2026-09-25
1997-12-19,-0.495,2026-09-25
1997-12-26,-0.51,2026-09-25
1998-01-02,-0.527,2026-09-25
1998-01-09,-0.544,2026-09-25
1998-01-16,-0.563,2026-09-25
1998-01-23,-0.58,2026-09-25
1998-01-30,-0.597,2026-09-25
1998-02-06,-0.613,2026-09-25
1998-02-13,-0.625,2026-09-25
1998-02-20,-0.633,2026-09-25
1998-02-27,-0.638,2026-09-25
1998-03-06,-0.637,2026-09-25
1998-03-13,-0.634,2026-09-25
1998-03-20,-0.63,2026-09-25
1998-03-27,-0.625,2026-09-25
1998-04-03,-0.62,2026-09-25
1998-04-10,-0.615,2026-09-25
1998-04-17,-0.609,2026-09-25
1998-04-24,-0.603,2026-09-25
1998-05-01,-0.596,2026-09-25
1998-05-08,-0.59,2026-09-25
1998-05-15,-0.583,2026-09-25
1998-05-22,-0.576,2026-09-25
1998-05-29,-0.569,2026-09-25
1998-06-05,-0.563,2026-09-25
1998-06-12,-0.558,2026-09-25
1998-06-19,-0.555,2026-09-25
1998-06-26,-0.554,2026-09-25
1998-07-03,-0.553,2026-09-25
1998-07-10,-0.551,2026-09-25
1998-07-17,-0.545,2026-09-25
1998-07-24,-0.531,2026-09-25
1998-07-31,-0.508,2026-09-25
1998-08-07,-0.474,2026-09-25
1998-08-14,-0.428,2026-09-25
1998-08-21,-0.372,2026-09-25
1998-08-28,-0.309,2026-09-25
1998-09-04,-0.242,2026-09-25
1998-09-11,-0.176,2026-09-25
1998-09-18,-0.113,2026-09-25
1998-09-25,-0.058,2026-09-25
1998-10-02,-0.015,2026-09-25
1998-10-09,0.016,2026-09-25
1998-10-16,0.029,2026-09-25
1998-10-23,0.024,2026-09-25
1998-10-30,0.005,2026-09-25
1998-11-06,-0.021,2026-09-25
1998-11-13,-0.05,2026-09-25
1998-11-20,-0.08,2026-09-25
1998-11-27,-0.106,2026-09-25
1998-12-04,-0.128,2026-09-25
1998-12-11,-0.148,2026-09-25
1998-12-18,-0.167,2026-09-25
1998-12-25,-0.185,2026-09-25
1999-01-01,-0.202,2026-09-25
1999-01-08,-0.217,2026-09-25
1999-01-15,-0.233,2026-09-25
1999-01-22,-0.25,2026-09-25
1999-01-29,-0.269,2026-09-25
1999-02-05,-0.289,2026-09-25
1999-02-12,-0.31,2026-09-25
1999-02-19,-0.331,2026-09-25
1999-02-26,-0.351,2026-09-25
1999-03-05,-0.367,2026-09-25
1999-03-12,-0.382,2026-09-25
1999-03-19,-0.393,2026-09-25
1999-03-26,-0.402,2026-09-25
1999-04-02,-0.408,2026-09-25
1999-04-09,-0.413,2026-09-25
1999-04-16,-0.418,2026-09-25
1999-04-23,-0.421,2026-09-25
1999-04-30,-0.423,2026-09-25
1999-05-07,-0.423,2026-09-25
1999-05-14,-0.419,2026-09-25
1999-05-21,-0.41,2026-09-25
1999-05-28,-0.397,2026-09-25
1999-06-04,-0.382,2026-09-25
1999-06-11,-0.365,2026-09-25
1999-06-18,-0.346,2026-09-25
1999-06-25,-0.326,2026-09-25
1999-07-02,-0.305,2026-09-25
1999-07-09,-0.281,2026-09-25
1999-07-16,-0.255,2026-09-25
1999-07-23,-0.23,2026-09-25
1999-07-30,-0.207,2026-09-25
1999-08-06,-0.185,2026-09-25
1999-08-13,-0.169,2026-09-25
1999-08-20,-0.155,2026-09-25
1999-08-27,-0.144,2026-09-25
1999-09-03,-0.132,2026-09-25
1999-09-10,-0.119,2026-09-25
1999-09-17,-0.106,2026-09-25
1999-09-24,-0.093,2026-09-25
1999-10-01,-0.083,2026-09-25
1999-10-08,-0.076,2026-09-25
1999-10-15,-0.078,2026-09-25
1999-10-22,-0.088,2026-09-25
1999-10-29,-0.103,2026-09-25
1999-11-05,-0.12,2026-09-25
1999-11-12,-0.137,2026-09-25
1999-11-19,-0.152,2026-09-25
1999-11-26,-0.16,2026-09-25
1999-12-03,-0.162,2026-09-25
1999-12-10,-0.161,2026-09-25
1999-12-17,-0.161,2026-09-25
1999-12-24,-0.161,2026-09-25
1999-12-31,-0.165,2026-09-25
2000-01-07,-0.175,2026-09-25
2000-01-14,-0.186,2026-09-25
2000-01-21,-0.197,2026-09-25
2000-01-28,-0.205,2026-09-25
2000-02-04,-0.207,2026-09-25
2000-02-11,-0.205,2026-09-25
2000-02-18,-0.198,2026-09-25
2000-02-25,-0.186,2026-09-25
2000-03-03,-0.171,2026-09-25
2000-03-10,-0.151,2026-09-25
2000-03-17,-0.13,2026-09-25
2000-03-24,-0.108,2026-09-25
2000-03-31,-0.087,2026-09-25
2000-04-07,-0.07,2026-09-25
2000-04-14,-0.055,2026-09-25
2000-04-21,-0.041,2026-09-25
2000-04-28,-0.026,2026-09-25
2000-05-05,-0.01,2026-09-25
2000-05-12,0.006,2026-09-25
2000-05-19,0.02,2026-09-25
2000-05-26,0.032,2026-09-25
2000-06-02,0.04,2026-09-25
2000-06-09,0.041,2026-09-25
2000-06-16,0.036,2026-09-25
2000-06-23,0.024,2026-09-25
2000-06-30,0.006,2026-09-25
2000-07-07,-0.02,2026-09-25
2000-07-14,-0.049,2026-09-25
2000-07-21,-0.08,2026-09-25
2000-07-28,-0.111,2026-09-25
2000-08-04,-0.14,2026-09-25
2000-08-11,-0.164,2026-09-25
2000-08-18,-0.183,2026-09-25
2000-08-25,-0.195,2026-09-25
2000-09-01,-0.203,2026-09-25
2000-09-08,-0.205,2026-09-25
2000-09-15,-0.203,2026-09-25
2000-09-22,-0.199,2026-09-25
2000-09-29,-0.193,2026-09-25
2000-10-06,-0.186,2026-09-25
2000-10-13,-0.178,2026-09-25
2000-10-20,-0.171,2026-09-25
2000-10-27,-0.163,2026-09-25
2000-11-03,-0.153,2026-09-25
2000-11-10,-0.139,2026-09-25
2000-11-17,-0.12,2026-09-25
2000-11-24,-0.099,2026-09-25
2000-12-01,-0.078,2026-09-25
2000-12-08,-0.062,2026-09-25
2000-12-15,-0.056,2026-09-25
2000-12-22,-0.061,2026-09-25
2000-12-29,-0.081,2026-09-25
2001-01-05,-0.11,2026-09-25
2001-01-12,-0.146,2026-09-25
2001-01-19,-0.183,2026-09-25
2001-01-26,-0.217,2026-09-25
2001-02-02,-0.244,2026-09-25
2001-02-09,-0.263,2026-09-25
2001-02-16,-0.272,2026-09-25
2001-02-23,-0.271,2026-09-25
2001-03-02,-0.265,2026-09-25
2001-03-09,-0.256,2026-09-25
2001-03-16,-0.247,2026-09-25
2001-03-23,-0.243,2026-09-25
2001-03-30,-0.246,2026-09-25
2001-04-06,-0.256,2026-09-25
2001-04-13,-0.275,2026-09-25
2001-04-20,-0.3,2026-09-25
2001-04-27,-0.327,2026-09-25
2001-05-04,-0.356,2026-09-25
2001-05-11,-0.381,2026-09-25
2001-05-18,-0.402,2026-09-25
2001-05-25,-0.418,2026-09-25
2001-06-01,-0.43,2026-09-25
2001-06-08,-0.438,2026-09-25
2001-06-15,-0.445,2026-09-25
2001-06-22,-0.451,2026-09-25
2001-06-29,-0.458,2026-09-25
2001-07-06,-0.467,2026-09-25
2001-07-13,-0.478,2026-09-25
2001-07-20,-0.489,2026-09-25
2001-07-27,-0.498,2026-09-25
2001-08-03,-0.502,2026-09-25
2001-08-10,-0.497,2026-09-25
2001-08-17,-0.483,2026-09-25
2001-08-24,-0.459,2026-09-25
2001-08-31,-0.428,2026-09-25
2001-09-07,-0.394,2026-09-25
2001-09-14,-0.363,2026-09-25
2001-09-21,-0.341,2026-09-25
2001-09-28,-0.334,2026-09-25
2001-10-05,-0.336,2026-09-25
2001-10-12,-0.346,2026-09-25
2001-10-19,-0.362,2026-09-25
2001-10-26,-0.378,2026-09-25
2001-11-02,-0.389,2026-09-25
2001-11-09,-0.394,2026-09-25
2001-11-16,-0.392,2026-09-25
2001-11-23,-0.382,2026-09-25
2001-11-30,-0.368,2026-09-25
2001-12-07,-0.355,2026-09-25
2001-12-14,-0.349,2026-09-25
2001-12-21,-0.351,2026-09-25
2001-12-28,-0.365,2026-09-25
2002-01-04,-0.385,2026-09-25
2002-01-11,-0.411,2026-09-25
2002-01-18,-0.437,2026-09-25
2002-01-25,-0.459,2026-09-25
2002-02-01,-0.475,2026-09-25
2002-02-08,-0.484,2026-09-25
2002-02-15,-0.489,2026-09-25
2002-02-22,-0.489,2026-09-25
2002-03-01,-0.489,2026-09-25
2002-03-08,-0.487,2026-09-25
2002-03-15,-0.487,2026-09-25
2002-03-22,-0.491,2026-09-25
2002-03-29,-0.5,2026-09-25
2002-04-05,-0.513,2026-09-25
2002-04-12,-0.532,2026-09-25
2002-04-19,-0.555,2026-09-25
2002-04-26,-0.578,2026-09-25
2002-05-03,-0.601,2026-09-25
2002-05-10,-0.617,2026-09-25
2002-05-17,-0.628,2026-09-25
2002-05-24,-0.63,2026-09-25
2002-05-31,-0.623,2026-09-25
2002-06-07,-0.609,2026-09-25
2002-06-14,-0.588,2026-09-25
2002-06-21,-0.563,2026-09-25
2002-06-28,-0.535,2026-09-25
2002-07-05,-0.507,2026-09-25
2002-07-12,-0.481,2026-09-25
2002-07-19,-0.457,2026-09-25
2002-07-26,-0.437,2026-09-25
2002-08-02,-0.422,2026-09-25
2002-08-09,-0.409,2026-09-25
2002-08-16,-0.399,2026-09-25
2002-08-23,-0.388,2026-09-25
2002-08-30,-0.376,2026-09-25
2002-09-06,-0.361,2026-09-25
2002-09-13,-0.346,2026-09-25
2002-09-20,-0.333,2026-09-25
2002-09-27,-0.324,2026-09-25
2002-10-04,-0.321,2026-09-25
2002-10-11,-0.326,2026-09-25
2002-10-18,-0.338,2026-09-25
2002-10-25,-0.353,2026-09-25
2002-11-01,-0.372,2026-09-25
2002-11-08,-0.39,2026-09-25
2002-11-15,-0.405,2026-09-25
2002-11-22,-0.417,2026-09-25
2002-11-29,-0.424,2026-09-25
2002-12-06,-0.426,2026-09-25
2002-12-13,-0.43,2026-09-25
2002-12-20,-0.434,2026-09-25
2002-12-27,-0.441,2026-09-25
2003-01-03,-0.452,2026-09-25
2003-01-10,-0.465,2026-09-25
2003-01-17,-0.478,2026-09-25
2003-01-24,-0.488,2026-09-25
2003-01-31,-0.496,2026-09-25
2003-02-07,-0.5,2026-09-25
2003-02-14,-0.503,2026-09-25
2003-02-21,-0.506,2026-09-25
2003-02-28,-0.51,2026-09-25
2003-03-07,-0.517,2026-09-25
2003-03-14,-0.527,2026-09-25
2003-03-21,-0.541,2026-09-25
2003-03-28,-0.561,2026-09-25
2003-04-04,-0.584,2026-09-25
2003-04-11,-0.61,2026-09-25
2003-04-18,-0.635,2026-09-25
2003-04-25,-0.656,2026-09-25
2003-05-02,-0.673,2026-09-25
2003-05-09,-0.682,2026-09-25
2003-05-16,-0.687,2026-09-25
2003-05-23,-0.688,2026-09-25
2003-05-30,-0.686,2026-09-25
2003-06-06,-0.684,2026-09-25
2003-06-13,-0.683,2026-09-25
2003-06-20,-0.685,2026-09-25
2003-06-27,-0.687,2026-09-25
2003-07-04,-0.689,2026-09-25
2003-07-11,-0.691,2026-09-25
2003-07-18,-0.689,2026-09-25
2003-07-25,-0.684,2026-09-25
2003-08-01,-0.674,2026-09-25
2003-08-08,-0.664,2026-09-25
2003-08-15,-0.654,2026-09-25
2003-08-22,-0.646,2026-09-25
2003-08-29,-0.641,2026-09-25
2003-09-05,-0.639,2026-09-25
2003-09-12,-0.641,2026-09-25
2003-09-19,-0.646,2026-09-25
2003-09-26,-0.652,2026-09-25
2003-10-03,-0.66,2026-09-25
2003-10-10,-0.668,2026-09-25
2003-10-17,-0.676,2026-09-25
2003-10-24,-0.682,2026-09-25
2003-10-31,-0.686,2026-09-25
2003-11-07,-0.688,2026-09-25
2003-11-14,-0.688,2026-09-25
2003-11-21,-0.687,2026-09-25
2003-11-28,-0.685,2026-09-25
2003-12-05,-0.683,2026-09-25
2003-12-12,-0.684,2026-09-25
2003-12-19,-0.687,2026-09-25
2003-12-26,-0.693,2026-09-25
2004-01-02,-0.704,2026-09-25
2004-01-09,-0.717,2026-09-25
2004-01-16,-0.732,2026-09-25
2004-01-23,-0.746,2026-09-25
2004-01-30,-0.759,2026-09-25
2004-02-06,-0.77,2026-09-25
2004-02-13,-0.779,2026-09-25
2004-02-20,-0.786,2026-09-25
2004-02-27,-0.789,2026-09-25
2004-03-05,-0.79,2026-09-25
2004-03-12,-0.788,2026-09-25
2004-03-19,-0.784,2026-09-25
2004-03-26,-0.777,2026-09-25
2004-04-02,-0.768,2026-09-25
2004-04-09,-0.757,2026-09-25
2004-04-16,-0.743,2026-09-25
2004-04-23,-0.728,2026-09-25
2004-04-30,-0.713,2026-09-25
2004-05-07,-0.698,2026-09-25
2004-05-14,-0.685,2026-09-25
2004-05-21,-0.675,2026-09-25
2004-05-28,-0.668,2026-09-25
2004-06-04,-0.662,2026-09-25
2004-06-11,-0.66,2026-09-25
2004-06-18,-0.658,2026-09-25
2004-06-25,-0.658,2026-09-25
2004-07-02,-0.66,2026-09-25
2004-07-09,-0.662,2026-09-25
2004-07-16,-0.664,2026-09-25
2004-07-23,-0.666,2026-09-25
2004-07-30,-0.668,2026-09-25
2004-08-06,-0.669,2026-09-25
2004-08-13,-0.671,2026-09-25
2004-08-20,-0.672,2026-09-25
2004-08-27,-0.672,2026-09-25
2004-09-03,-0.672,2026-09-25
2004-09-10,-0.671,2026-09-25
2004-09-17,-0.671,2026-09-25
2004-09-24,-0.67,2026-09-25
2004-10-01,-0.669,2026-09-25
2004-10-08,-0.669,2026-09-25
2004-10-15,-0.67,2026-09-25
2004-10-22,-0.673,2026-09-25
2004-10-29,-0.676,2026-09-25
2004-11-05,-0.68,2026-09-25
2004-11-12,-0.684,2026-09-25
2004-11-19,-0.686,2026-09-25
2004-11-26,-0.686,2026-09-25
2004-12-03,-0.684,2026-09-25
2004-12-10,-0.68,2026-09-25
2004-12-17,-0.675,2026-09-25
2004-12-24,-0.67,2026-09-25
2004-12-31,-0.666,2026-09-25
2005-01-07,-0.664,2026-09-25
2005-01-14,-0.665,2026-09-25
2005-01-21,-0.668,2026-09-25
2005-01-28,-0.673,2026-09-25
2005-02-04,-0.678,2026-09-25
2005-02-11,-0.682,2026-09-25
2005-02-18,-0.682,2026-09-25
2005-02-25,-0.679,2026-09-25
2005-03-04,-0.672,2026-09-25
2005-03-11,-0.661,2026-09-25
2005-03-18,-0.648,2026-09-25
2005-03-25,-0.633,2026-09-25
2005-04-01,-0.619,2026-09-25
2005-04-08,-0.606,2026-09-25
2005-04-15,-0.594,2026-09-25
2005-04-22,-0.585,2026-09-25
2005-04-29,-0.578,2026-09-25
2005-05-06,-0.573,2026-09-25
2005-05-13,-0.569,2026-09-25
2005-05-20,-0.567,2026-09-25
2005-05-27,-0.567,2026-09-25
2005-06-03,-0.567,2026-09-25
2005-06-10,-0.569,2026-09-25
2005-06-17,-0.57,2026-09-25
2005-06-24,-0.571,2026-09-25
2005-07-01,-0.573,2026-09-25
2005-07-08,-0.575,2026-09-25
2005-07-15,-0.578,2026-09-25
2005-07-22,-0.58,2026-09-25
2005-07-29,-0.582,2026-09-25
2005-08-05,-0.58,2026-09-25
2005-08-12,-0.578,2026-09-25
2005-08-19,-0.572,2026-09-25
2005-08-26,-0.565,2026-09-25
2005-09-02,-0.557,2026-09-25
2005-09-09,-0.549,2026-09-25
2005-09-16,-0.541,2026-09-25
2005-09-23,-0.535,2026-09-25
2005-09-30,-0.532,2026-09-25
2005-10-07,-0.533,2026-09-25
2005-10-14,-0.537,2026-09-25
2005-10-21,-0.543,2026-09-25
2005-10-28,-0.549,2026-09-25
2005-11-04,-0.553,2026-09-25
2005-11-11,-0.554,2026-09-25
2005-11-18,-0.551,2026-09-25
2005-11-25,-0.545,2026-09-25
2005-12-02,-0.538,2026-09-25
2005-12-09,-0.531,2026-09-25
2005-12-16,-0.526,2026-09-25
2005-12-23,-0.525,2026-09-25
2005-12-30,-0.527,2026-09-25
2006-01-06,-0.534,2026-09-25
2006-01-13,-0.544,2026-09-25
2006-01-20,-0.555,2026-09-25
2006-01-27,-0.568,2026-09-25
2006-02-03,-0.579,2026-09-25
2006-02-10,-0.587,2026-09-25
2006-02-17,-0.593,2026-09-25
2006-02-24,-0.597,2026-09-25
2006-03-03,-0.597,2026-09-25
2006-03-10,-0.596,2026-09-25
2006-03-17,-0.593,2026-09-25
2006-03-24,-0.591,2026-09-25
2006-03-31,-0.588,2026-09-25
2006-04-07,-0.586,2026-09-25
2006-04-14,-0.583,2026-09-25
2006-04-21,-0.581,2026-09-25
2006-04-28,-0.578,2026-09-25
2006-05-05,-0.573,2026-09-25
2006-05-12,-0.565,2026-09-25
2006-05-19,-0.554,2026-09-25
2006-05-26,-0.54,2026-09-25
2006-06-02,-0.526,2026-09-25
2006-06-09,-0.512,2026-09-25
2006-06-16,-0.499,2026-09-25
2006-06-23,-0.491,2026-09-25
2006-06-30,-0.487,2026-09-25
2006-07-07,-0.487,2026-09-25
2006-07-14,-0.493,2026-09-25
2006-07-21,-0.504,2026-09-25
2006-07-28,-0.517,2026-09-25
2006-08-04,-0.531,2026-09-25
2006-08-11,-0.544,2026-09-25
2006-08-18,-0.555,2026-09-25
2006-08-25,-0.561,2026-09-25
2006-09-01,-0.564,2026-09-25
2006-09-08,-0.565,2026-09-25
2006-09-15,-0.564,2026-09-25
2006-09-22,-0.563,2026-09-25
2006-09-29,-0.564,2026-09-25
2006-10-06,-0.568,2026-09-25
2006-10-13,-0.574,2026-09-25
2006-10-20,-0.58,2026-09-25
2006-10-27,-0.586,2026-09-25
2006-11-03,-0.589,2026-09-25
2006-11-10,-0.59,2026-09-25
2006-11-17,-0.588,2026-09-25
2006-11-24,-0.584,2026-09-25
2006-12-01,-0.58,2026-09-25
2006-12-08,-0.577,2026-09-25
2006-12-15,-0.578,2026-09-25
2006-12-22,-0.582,2026-09-25
2006-12-29,-0.591,2026-09-25
2007-01-05,-0.603,2026-09-25
2007-01-12,-0.616,2026-09-25
2007-01-19,-0.629,2026-09-25
2007-01-26,-0.639,2026-09-25
2007-02-02,-0.643,2026-09-25
2007-02-09,-0.642,2026-09-25
2007-02-16,-0.635,2026-09-25
2007-02-23,-0.624,2026-09-25
2007-03-02,-0.609,2026-09-25
2007-03-09,-0.595,2026-09-25
2007-03-16,-0.583,2026-09-25
2007-03-23,-0.575,2026-09-25
2007-03-30,-0.569,2026-09-25
2007-04-06,-0.565,2026-09-25
2007-04-13,-0.561,2026-09-25
2007-04-20,-0.555,2026-09-25
2007-04-27,-0.548,2026-09-25
2007-05-04,-0.538,2026-09-25
2007-05-11,-0.529,2026-09-25
2007-05-18,-0.519,2026-09-25
2007-05-25,-0.511,2026-09-25
2007-06-01,-0.504,2026-09-25
2007-06-08,-0.501,2026-09-25
2007-06-15,-0.498,2026-09-25
2007-06-22,-0.493,2026-09-25
2007-06-29,-0.481,2026-09-25
2007-07-06,-0.457,2026-09-25
2007-07-13,-0.412,2026-09-25
2007-07-20,-0.344,2026-09-25
2007-07-27,-0.251,2026-09-25
2007-08-03,-0.139,2026-09-25
2007-08-10,-0.019,2026-09-25
2007-08-17,0.098,2026-09-25
2007-08-24,0.192,2026-09-25
2007-08-31,0.244,2026-09-25
2007-09-07,0.259,2026-09-25
2007-09-14,0.235,2026-09-25
2007-09-21,0.177,2026-09-25
2007-09-28,0.111,2026-09-25
2007-10-05,0.049,2026-09-25
2007-10-12,0.008,2026-09-25
2007-10-19,-0.001,2026-09-25
2007-10-26,0.029,2026-09-25
2007-11-02,0.095,2026-09-25
2007-11-09,0.193,2026-09-25
2007-11-16,0.305,2026-09-25
2007-11-23,0.418,2026-09-25
2007-11-30,0.513,2026-09-25
2007-12-07,0.577,2026-09-25
2007-12-14,0.605,2026-09-25
2007-12-21,0.596,2026-09-25
2007-12-28,0.557,2026-09-25
2008-01-04,0.509,2026-09-25
2008-01-11,0.463,2026-09-25
2008-01-18,0.438,2026-09-25
2008-01-25,0.444,2026-09-25
2008-02-01,0.472,2026-09-25
2008-02-08,0.532,2026-09-25
2008-02-15,0.616,2026-09-25
2008-02-22,0.714,2026-09-25
2008-02-29,0.814,2026-09-25
2008-03-07,0.904,2026-09-25
2008-03-14,0.965,2026-09-25
2008-03-21,0.989,2026-09-25
2008-03-28,0.969,2026-09-25
2008-04-04,0.917,2026-09-25
2008-04-11,0.843,2026-09-25
2008-04-18,0.761,2026-09-25
2008-04-25,0.675,2026-09-25
2008-05-02,0.6,2026-09-25
2008-05-09,0.545,2026-09-25
2008-05-16,0.512,2026-09-25
2008-05-23,0.507,2026-09-25
2008-05-30,0.528,2026-09-25
2008-06-06,0.574,2026-09-25
2008-06-13,0.628,2026-09-25
2008-06-20,0.684,2026-09-25
2008-06-27,0.736,2026-09-25
2008-07-04,0.767,2026-09-25
2008-07-11,0.776,2026-09-25
2008-07-18,0.765,2026-09-25
2008-07-25,0.736,2026-09-25
2008-08-01,0.705,2026-09-25
2008-08-08,0.688,2026-09-25
2008-08-15,0.695,2026-09-25
2008-08-22,0.75,2026-09-25
2008-08-29,0.858,2026-09-25
2008-09-05,1.025,2026-09-25
2008-09-12,1.245,2026-09-25
2008-09-19,1.527,2026-09-25
2008-09-26,1.809,2026-09-25
2008-10-03,2.092,2026-09-25
2008-10-10,2.348,2026-09-25
2008-10-17,2.551,2026-09-25
2008-10-24,2.701,2026-09-25
2008-10-31,2.828,2026-09-25
2008-11-07,2.925,2026-09-25
2008-11-14,3.007,2026-09-25
2008-11-21,3.081,2026-09-25
2008-11-28,3.106,2026-09-25
2008-12-05,3.096,2026-09-25
2008-12-12,3.028,2026-09-25
2008-12-19,2.902,2026-09-25
2008-12-26,2.741,2026-09-25
2009-01-02,2.585,2026-09-25
2009-01-09,2.431,2026-09-25
2009-01-16,2.305,2026-09-25
2009-01-23,2.212,2026-09-25
2009-01-30,2.15,2026-09-25
2009-02-06,2.117,2026-09-25
2009-02-13,2.114,2026-09-25
2009-02-20,2.126,2026-09-25
2009-02-27,2.137,2026-09-25
2009-03-06,2.137,2026-09-25
2009-03-13,2.096,2026-09-25
2009-03-20,2.021,2026-09-25
2009-03-27,1.915,2026-09-25
2009-04-03,1.789,2026-09-25
2009-04-10,1.649,2026-09-25
2009-04-17,1.508,2026-09-25
2009-04-24,1.369,2026-09-25
2009-05-01,1.236,2026-09-25
2009-05-08,1.114,2026-09-25
2009-05-15,1.015,2026-09-25
2009-05-22,0.932,2026-09-25
2009-05-29,0.873,2026-09-25
2009-06-05,0.826,2026-09-25
2009-06-12,0.79,2026-09-25
2009-06-19,0.759,2026-09-25
2009-06-26,0.721,2026-09-25
2009-07-03,0.676,2026-09-25
2009-07-10,0.622,2026-09-25
2009-07-17,0.556,2026-09-25
2009-07-24,0.487,2026-09-25
2009-07-31,0.419,2026-09-25
2009-08-07,0.36,2026-09-25
2009-08-14,0.311,2026-09-25
2009-08-21,0.27,2026-09-25
2009-08-28,0.233,2026-09-25
2009-09-04,0.2,2026-09-25
2009-09-11,0.167,2026-09-25
2009-09-18,0.135,2026-09-25
2009-09-25,0.106,2026-09-25
2009-10-02,0.084,2026-09-25
2009-10-09,0.064,2026-09-25
2009-10-16,0.047,2026-09-25
2009-10-23,0.034,2026-09-25
2009-10-30,0.027,2026-09-25
2009-11-06,0.018,2026-09-25
2009-11-13,0.006,2026-09-25
2009-11-20,-0.009,2026-09-25
2009-11-27,-0.028,2026-09-25
2009-12-04,-0.053,2026-09-25
2009-12-11,-0.084,2026-09-25
2009-12-18,-0.117,2026-09-25
2009-12-25,-0.149,2026-09-25
2010-01-01,-0.174,2026-09-25
2010-01-08,-0.195,2026-09-25
2010-01-15,-0.205,2026-09-25
2010-01-22,-0.205,2026-09-25
2010-01-29,-0.201,2026-09-25
2010-02-05,-0.198,2026-09-25
2010-02-12,-0.202,2026-09-25
2010-02-19,-0.219,2026-09-25
2010-02-26,-0.248,2026-09-25
2010-03-05,-0.288,2026-09-25
2010-03-12,-0.335,2026-09-25
2010-03-19,-0.383,2026-09-25
2010-03-26,-0.426,2026-09-25
2010-04-02,-0.457,2026-09-25
2010-04-09,-0.472,2026-09-25
2010-04-16,-0.463,2026-09-25
2010-04-23,-0.43,2026-09-25
2010-04-30,-0.373,2026-09-25
2010-05-07,-0.298,2026-09-25
2010-05-14,-0.222,2026-09-25
2010-05-21,-0.15,2026-09-25
2010-05-28,-0.095,2026-09-25
2010-06-04,-0.064,2026-09-25
2010-06-11,-0.055,2026-09-25
2010-06-18,-0.068,2026-09-25
2010-06-25,-0.096,2026-09-25
2010-07-02,-0.13,2026-09-25
2010-07-09,-0.171,2026-09-25
2010-07-16,-0.211,2026-09-25
2010-07-23,-0.244,2026-09-25
2010-07-30,-0.268,2026-09-25
2010-08-06,-0.282,2026-09-25
2010-08-13,-0.287,2026-09-25
2010-08-20,-0.289,2026-09-25
2010-08-27,-0.291,2026-09-25
2010-09-03,-0.299,2026-09-25
2010-09-10,-0.313,2026-09-25
2010-09-17,-0.333,2026-09-25
2010-09-24,-0.355,2026-09-25
2010-10-01,-0.38,2026-09-25
2010-10-08,-0.404,2026-09-25
2010-10-15,-0.427,2026-09-25
2010-10-22,-0.445,2026-09-25
2010-10-29,-0.459,2026-09-25
2010-11-05,-0.469,2026-09-25
2010-11-12,-0.473,2026-09-25
2010-11-19,-0.475,2026-09-25
2010-11-26,-0.478,2026-09-25
2010-12-03,-0.484,2026-09-25
2010-12-10,-0.496,2026-09-25
2010-12-17,-0.511,2026-09-25
2010-12-24,-0.53,2026-09-25
2010-12-31,-0.552,2026-09-25
2011-01-07,-0.573,2026-09-25
2011-01-14,-0.594,2026-09-25
2011-01-21,-0.611,2026-09-25
2011-01-28,-0.622,2026-09-25
2011-02-04,-0.626,2026-09-25
2011-02-11,-0.624,2026-09-25
2011-02-18,-0.614,2026-09-25
2011-02-25,-0.599,2026-09-25
2011-03-04,-0.585,2026-09-25
2011-03-11,-0.575,2026-09-25
2011-03-18,-0.569,2026-09-25
2011-03-25,-0.574,2026-09-25
2011-04-01,-0.584,2026-09-25
2011-04-08,-0.598,2026-09-25
2011-04-15,-0.611,2026-09-25
2011-04-22,-0.621,2026-09-25
2011-04-29,-0.625,2026-09-25
2011-05-06,-0.623,2026-09-25
2011-05-13,-0.614,2026-09-25
2011-05-20,-0.603,2026-09-25
2011-05-27,-0.59,2026-09-25
2011-06-03,-0.577,2026-09-25
2011-06-10,-0.565,2026-09-25
2011-06-17,-0.557,2026-09-25
2011-06-24,-0.55,2026-09-25
2011-07-01,-0.542,2026-09-25
2011-07-08,-0.53,2026-09-25
2011-07-15,-0.508,2026-09-25
2011-07-22,-0.474,2026-09-25
2011-07-29,-0.427,2026-09-25
2011-08-05,-0.366,2026-09-25
2011-08-12,-0.299,2026-09-25
2011-08-19,-0.238,2026-09-25
2011-08-26,-0.183,2026-09-25
2011-09-02,-0.143,2026-09-25
2011-09-09,-0.113,2026-09-25
2011-09-16,-0.097,2026-09-25
2011-09-23,-0.089,2026-09-25
2011-09-30,-0.093,2026-09-25
2011-10-07,-0.105,2026-09-25
2011-10-14,-0.126,2026-09-25
2011-10-21,-0.144,2026-09-25
2011-10-28,-0.158,2026-09-25
2011-11-04,-0.16,2026-09-25
2011-11-11,-0.155,2026-09-25
2011-11-18,-0.144,2026-09-25
2011-11-25,-0.133,2026-09-25
2011-12-02,-0.132,2026-09-25
2011-12-09,-0.137,2026-09-25
2011-12-16,-0.15,2026-09-25
2011-12-23,-0.173,2026-09-25
2011-12-30,-0.206,2026-09-25
2012-01-06,-0.245,2026-09-25
2012-01-13,-0.289,2026-09-25
2012-01-20,-0.332,2026-09-25
2012-01-27,-0.372,2026-09-25
2012-02-03,-0.403,2026-09-25
2012-02-10,-0.426,2026-09-25
2012-02-17,-0.442,2026-09-25
2012-02-24,-0.454,2026-09-25
2012-03-02,-0.464,2026-09-25
2012-03-09,-0.472,2026-09-25
2012-03-16,-0.479,2026-09-25
2012-03-23,-0.482,2026-09-25
2012-03-30,-0.481,2026-09-25
2012-04-06,-0.474,2026-09-25
2012-04-13,-0.463,2026-09-25
2012-04-20,-0.448,2026-09-25
2012-04-27,-0.428,2026-09-25
2012-05-04,-0.402,2026-09-25
2012-05-11,-0.372,2026-09-25
2012-05-18,-0.339,2026-09-25
2012-05-25,-0.313,2026-09-25
2012-06-01,-0.294,2026-09-25
2012-06-08,-0.286,2026-09-25
2012-06-15,-0.291,2026-09-25
2012-06-22,-0.305,2026-09-25
2012-06-29,-0.323,2026-09-25
2012-07-06,-0.346,2026-09-25
2012-07-13,-0.369,2026-09-25
2012-07-20,-0.392,2026-09-25
2012-07-27,-0.413,2026-09-25
2012-08-03,-0.434,2026-09-25
2012-08-10,-0.452,2026-09-25
2012-08-17,-0.469,2026-09-25
2012-08-24,-0.486,2026-09-25
2012-08-31,-0.502,2026-09-25
2012-09-07,-0.52,2026-09-25
2012-09-14,-0.537,2026-09-25
2012-09-21,-0.552,2026-09-25
2012-09-28,-0.565,2026-09-25
2012-10-05,-0.575,2026-09-25
2012-10-12,-0.581,2026-09-25
2012-10-19,-0.584,2026-09-25
2012-10-26,-0.583,2026-09-25
2012-11-02,-0.581,2026-09-25
2012-11-09,-0.578,2026-09-25
2012-11-16,-0.577,2026-09-25
2012-11-23,-0.58,2026-09-25
2012-11-30,-0.585,2026-09-25
2012-12-07,-0.592,2026-09-25
2012-12-14,-0.602,2026-09-25
2012-12-21,-0.614,2026-09-25
2012-12-28,-0.626,2026-09-25
2013-01-04,-0.64,2026-09-25
2013-01-11,-0.652,2026-09-25
2013-01-18,-0.661,2026-09-25
2013-01-25,-0.668,2026-09-25
2013-02-01,-0.672,2026-09-25
2013-02-08,-0.673,2026-09-25
2013-02-15,-0.674,2026-09-25
2013-02-22,-0.675,2026-09-25
2013-03-01,-0.676,2026-09-25
2013-03-08,-0.679,2026-09-25
2013-03-15,-0.682,2026-09-25
2013-03-22,-0.686,2026-09-25
2013-03-29,-0.692,2026-09-25
2013-04-05,-0.7,2026-09-25
2013-04-12,-0.71,2026-09-25
2013-04-19,-0.721,2026-09-25
2013-04-26,-0.733,2026-09-25
2013-05-03,-0.741,2026-09-25
2013-05-10,-0.745,2026-09-25
2013-05-17,-0.741,2026-09-25
2013-05-24,-0.731,2026-09-25
2013-05-31,-0.714,2026-09-25
2013-06-07,-0.695,2026-09-25
2013-06-14,-0.677,2026-09-25
2013-06-21,-0.662,2026-09-25
2013-06-28,-0.655,2026-09-25
2013-07-05,-0.656,2026-09-25
2013-07-12,-0.663,2026-09-25
2013-07-19,-0.674,2026-09-25
2013-07-26,-0.685,2026-09-25
2013-08-02,-0.693,2026-09-25
2013-08-09,-0.696,2026-09-25
2013-08-16,-0.695,2026-09-25
2013-08-23,-0.691,2026-09-25
2013-08-30,-0.687,2026-09-25
2013-09-06,-0.685,2026-09-25
2013-09-13,-0.686,2026-09-25
2013-09-20,-0.691,2026-09-25
2013-09-27,-0.699,2026-09-25
2013-10-04,-0.709,2026-09-25
2013-10-11,-0.721,2026-09-25
2013-10-18,-0.735,2026-09-25
2013-10-25,-0.748,2026-09-25
2013-11-01,-0.76,2026-09-25
2013-11-08,-0.77,2026-09-25
2013-11-15,-0.778,2026-09-25
2013-11-22,-0.784,2026-09-25
2013-11-29,-0.788,2026-09-25
2013-12-06,-0.792,2026-09-25
2013-12-13,-0.794,2026-09-25
2013-12-20,-0.796,2026-09-25
2013-12-27,-0.796,2026-09-25
2014-01-03,-0.794,2026-09-25
2014-01-10,-0.791,2026-09-25
2014-01-17,-0.787,2026-09-25
2014-01-24,-0.783,2026-09-25
2014-01-31,-0.781,2026-09-25
2014-02-07,-0.782,2026-09-25
2014-02-14,-0.786,2026-09-25
2014-02-21,-0.79,2026-09-25
2014-02-28,-0.793,2026-09-25
2014-03-07,-0.796,2026-09-25
2014-03-14,-0.796,2026-09-25
2014-03-21,-0.795,2026-09-25
2014-03-28,-0.792,2026-09-25
2014-04-04,-0.789,2026-09-25
2014-04-11,-0.787,2026-09-25
2014-04-18,-0.784,2026-09-25
2014-04-25,-0.784,2026-09-25
2014-05-02,-0.785,2026-09-25
2014-05-09,-0.787,2026-09-25
2014-05-16,-0.791,2026-09-25
2014-05-23,-0.797,2026-09-25
2014-05-30,-0.803,2026-09-25
2014-06-06,-0.806,2026-09-25
2014-06-13,-0.806,2026-09-25
2014-06-20,-0.802,2026-09-25
2014-06-27,-0.796,2026-09-25
2014-07-04,-0.786,2026-09-25
2014-07-11,-0.774,2026-09-25
2014-07-18,-0.763,2026-09-25
2014-07-25,-0.752,2026-09-25
2014-08-01,-0.744,2026-09-25
2014-08-08,-0.739,2026-09-25
2014-08-15,-0.738,2026-09-25
2014-08-22,-0.737,2026-09-25
2014-08-29,-0.734,2026-09-25
2014-09-05,-0.728,2026-09-25
2014-09-12,-0.717,2026-09-25
2014-09-19,-0.701,2026-09-25
2014-09-26,-0.684,2026-09-25
2014-10-03,-0.668,2026-09-25
2014-10-10,-0.656,2026-09-25
2014-10-17,-0.648,2026-09-25
2014-10-24,-0.649,2026-09-25
2014-10-31,-0.654,2026-09-25
2014-11-07,-0.661,2026-09-25
2014-11-14,-0.666,2026-09-25
2014-11-21,-0.665,2026-09-25
2014-11-28,-0.659,2026-09-25
2014-12-05,-0.646,2026-09-25
2014-12-12,-0.626,2026-09-25
2014-12-19,-0.603,2026-09-25
2014-12-26,-0.581,2026-09-25
2015-01-02,-0.559,2026-09-25
2015-01-09,-0.54,2026-09-25
2015-01-16,-0.525,2026-09-25
2015-01-23,-0.517,2026-09-25
2015-01-30,-0.513,2026-09-25
2015-02-06,-0.514,2026-09-25
2015-02-13,-0.518,2026-09-25
2015-02-20,-0.525,2026-09-25
2015-02-27,-0.532,2026-09-25
2015-03-06,-0.537,2026-09-25
2015-03-13,-0.54,2026-09-25
2015-03-20,-0.544,2026-09-25
2015-03-27,-0.545,2026-09-25
2015-04-03,-0.547,2026-09-25
2015-04-10,-0.549,2026-09-25
2015-04-17,-0.55,2026-09-25
2015-04-24,-0.552,2026-09-25
2015-05-01,-0.553,2026-09-25
2015-05-08,-0.553,2026-09-25
2015-05-15,-0.553,2026-09-25
2015-05-22,-0.554,2026-09-25
2015-05-29,-0.553,2026-09-25
2015-06-05,-0.553,2026-09-25
2015-06-12,-0.552,2026-09-25
2015-06-19,-0.549,2026-09-25
2015-06-26,-0.546,2026-09-25
2015-07-03,-0.541,2026-09-25
2015-07-10,-0.536,2026-09-25
2015-07-17,-0.531,2026-09-25
2015-07-24,-0.52,2026-09-25
2015-07-31,-0.506,2026-09-25
2015-08-07,-0.487,2026-09-25
2015-08-14,-0.465,2026-09-25
2015-08-21,-0.443,2026-09-25
2015-08-28,-0.423,2026-09-25
2015-09-04,-0.41,2026-09-25
2015-09-11,-0.404,2026-09-25
2015-09-18,-0.405,2026-09-25
2015-09-25,-0.41,2026-09-25
2015-10-02,-0.42,2026-09-25
2015-10-09,-0.435,2026-09-25
2015-10-16,-0.45,2026-09-25
2015-10-23,-0.462,2026-09-25
2015-10-30,-0.471,2026-09-25
2015-11-06,-0.474,2026-09-25
2015-11-13,-0.47,2026-09-25
2015-11-20,-0.46,2026-09-25
2015-11-27,-0.446,2026-09-25
2015-12-04,-0.427,2026-09-25
2015-12-11,-0.405,2026-09-25
2015-12-18,-0.383,2026-09-25
2015-12-25,-0.363,2026-09-25
2016-01-01,-0.345,2026-09-25
2016-01-08,-0.331,2026-09-25
2016-01-15,-0.318,2026-09-25
2016-01-22,-0.309,2026-09-25
2016-01-29,-0.304,2026-09-25
2016-02-05,-0.303,2026-09-25
2016-02-12,-0.304,2026-09-25
2016-02-19,-0.313,2026-09-25
2016-02-26,-0.326,2026-09-25
2016-03-04,-0.341,2026-09-25
2016-03-11,-0.356,2026-09-25
2016-03-18,-0.37,2026-09-25
2016-03-25,-0.379,2026-09-25
2016-04-01,-0.386,2026-09-25
2016-04-08,-0.389,2026-09-25
2016-04-15,-0.391,2026-09-25
2016-04-22,-0.393,2026-09-25
2016-04-29,-0.392,2026-09-25
2016-05-06,-0.391,2026-09-25
2016-05-13,-0.389,2026-09-25
2016-05-20,-0.385,2026-09-25
2016-05-27,-0.381,2026-09-25
2016-06-03,-0.375,2026-09-25
2016-06-10,-0.369,2026-09-25
2016-06-17,-0.362,2026-09-25
2016-06-24,-0.357,2026-09-25
2016-07-01,-0.354,2026-09-25
2016-07-08,-0.356,2026-09-25
2016-07-15,-0.359,2026-09-25
2016-07-22,-0.363,2026-09-25
2016-07-29,-0.367,2026-09-25
2016-08-05,-0.368,2026-09-25
2016-08-12,-0.368,2026-09-25
2016-08-19,-0.365,2026-09-25
2016-08-26,-0.36,2026-09-25
2016-09-02,-0.353,2026-09-25
2016-09-09,-0.347,2026-09-25
2016-09-16,-0.343,2026-09-25
2016-09-23,-0.343,2026-09-25
2016-09-30,-0.346,2026-09-25
2016-10-07,-0.353,2026-09-25
2016-10-14,-0.363,2026-09-25
2016-10-21,-0.374,2026-09-25
2016-10-28,-0.387,2026-09-25
2016-11-04,-0.399,2026-09-25
2016-11-11,-0.412,2026-09-25
2016-11-18,-0.425,2026-09-25
2016-11-25,-0.436,2026-09-25
2016-12-02,-0.446,2026-09-25
2016-12-09,-0.454,2026-09-25
2016-12-16,-0.461,2026-09-25
2016-12-23,-0.466,2026-09-25
2016-12-30,-0.473,2026-09-25
2017-01-06,-0.478,2026-09-25
2017-01-13,-0.484,2026-09-25
2017-01-20,-0.488,2026-09-25
2017-01-27,-0.492,2026-09-25
2017-02-03,-0.494,2026-09-25
2017-02-10,-0.495,2026-09-25
2017-02-17,-0.495,2026-09-25
2017-02-24,-0.493,2026-09-25
2017-03-03,-0.491,2026-09-25
2017-03-10,-0.488,2026-09-25
2017-03-17,-0.486,2026-09-25
2017-03-24,-0.484,2026-09-25
2017-03-31,-0.486,2026-09-25
2017-04-07,-0.489,2026-09-25
2017-04-14,-0.495,2026-09-25
2017-04-21,-0.502,2026-09-25
2017-04-28,-0.512,2026-09-25
2017-05-05,-0.522,2026-09-25
2017-05-12,-0.532,2026-09-25
2017-05-19,-0.54,2026-09-25
2017-05-26,-0.549,2026-09-25
2017-06-02,-0.556,2026-09-25
2017-06-09,-0.561,2026-09-25
2017-06-16,-0.565,2026-09-25
2017-06-23,-0.568,2026-09-25
2017-06-30,-0.571,2026-09-25
2017-07-07,-0.574,2026-09-25
2017-07-14,-0.577,2026-09-25
2017-07-21,-0.579,2026-09-25
2017-07-28,-0.578,2026-09-25
2017-08-04,-0.575,2026-09-25
2017-08-11,-0.57,2026-09-25
2017-08-18,-0.565,2026-09-25
2017-08-25,-0.561,2026-09-25
2017-09-01,-0.559,2026-09-25
2017-09-08,-0.559,2026-09-25
2017-09-15,-0.562,2026-09-25
2017-09-22,-0.566,2026-09-25
2017-09-29,-0.571,2026-09-25
2017-10-06,-0.578,2026-09-25
2017-10-13,-0.585,2026-09-25
2017-10-20,-0.592,2026-09-25
2017-10-27,-0.597,2026-09-25
2017-11-03,-0.601,2026-09-25
2017-11-10,-0.603,2026-09-25
2017-11-17,-0.604,2026-09-25
2017-11-24,-0.604,2026-09-25
2017-12-01,-0.605,2026-09-25
2017-12-08,-0.606,2026-09-25
2017-12-15,-0.608,2026-09-25
2017-12-22,-0.612,2026-09-25
2017-12-29,-0.615,2026-09-25
2018-01-05,-0.618,2026-09-25
2018-01-12,-0.618,2026-09-25
2018-01-19,-0.614,2026-09-25
2018-01-26,-0.605,2026-09-25
2018-02-02,-0.592,2026-09-25
2018-02-09,-0.575,2026-09-25
2018-02-16,-0.559,2026-09-25
2018-02-23,-0.544,2026-09-25
2018-03-02,-0.529,2026-09-25
2018-03-09,-0.516,2026-09-25
2018-03-16,-0.506,2026-09-25
2018-03-23,-0.498,2026-09-25
2018-03-30,-0.497,2026-09-25
2018-04-06,-0.501,2026-09-25
2018-04-13,-0.511,2026-09-25
2018-04-20,-0.526,2026-09-25
2018-04-27,-0.539,2026-09-25
2018-05-04,-0.551,2026-09-25
2018-05-11,-0.561,2026-09-25
2018-05-18,-0.566,2026-09-25
2018-05-25,-0.566,2026-09-25
2018-06-01,-0.562,2026-09-25
2018-06-08,-0.557,2026-09-25
2018-06-15,-0.551,2026-09-25
2018-06-22,-0.545,2026-09-25
2018-06-29,-0.543,2026-09-25
2018-07-06,-0.544,2026-09-25
2018-07-13,-0.549,2026-09-25
2018-07-20,-0.557,2026-09-25
2018-07-27,-0.566,2026-09-25
2018-08-03,-0.575,2026-09-25
2018-08-10,-0.584,2026-09-25
2018-08-17,-0.591,2026-09-25
2018-08-24,-0.596,2026-09-25
2018-08-31,-0.6,2026-09-25
2018-09-07,-0.602,2026-09-25
2018-09-14,-0.603,2026-09-25
2018-09-21,-0.6,2026-09-25
2018-09-28,-0.596,2026-09-25
2018-10-05,-0.589,2026-09-25
2018-10-12,-0.579,2026-09-25
2018-10-19,-0.569,2026-09-25
2018-10-26,-0.555,2026-09-25
2018-11-02,-0.54,2026-09-25
2018-11-09,-0.525,2026-09-25
2018-11-16,-0.506,2026-09-25
2018-11-23,-0.485,2026-09-25
2018-11-30,-0.466,2026-09-25
2018-12-07,-0.448,2026-09-25
2018-12-14,-0.435,2026-09-25
2018-12-21,-0.43,2026-09-25
2018-12-28,-0.433,2026-09-25
2019-01-04,-0.446,2026-09-25
2019-01-11,-0.466,2026-09-25
2019-01-18,-0.489,2026-09-25
2019-01-25,-0.513,2026-09-25
2019-02-01,-0.536,2026-09-25
2019-02-08,-0.556,2026-09-25
2019-02-15,-0.573,2026-09-25
2019-02-22,-0.586,2026-09-25
2019-03-01,-0.594,2026-09-25
2019-03-08,-0.6,2026-09-25
2019-03-15,-0.603,2026-09-25
2019-03-22,-0.607,2026-09-25
2019-03-29,-0.61,2026-09-25
2019-04-05,-0.614,2026-09-25
2019-04-12,-0.617,2026-09-25
2019-04-19,-0.619,2026-09-25
2019-04-26,-0.618,2026-09-25
2019-05-03,-0.614,2026-09-25
2019-05-10,-0.607,2026-09-25
2019-05-17,-0.599,2026-09-25
2019-05-24,-0.591,2026-09-25
2019-05-31,-0.583,2026-09-25
2019-06-07,-0.578,2026-09-25
2019-06-14,-0.576,2026-09-25
2019-06-21,-0.576,2026-09-25
2019-06-28,-0.578,2026-09-25
2019-07-05,-0.582,2026-09-25
2019-07-12,-0.584,2026-09-25
2019-07-19,-0.584,2026-09-25
2019-07-26,-0.58,2026-09-25
2019-08-02,-0.572,2026-09-25
2019-08-09,-0.561,2026-09-25
2019-08-16,-0.55,2026-09-25
2019-08-23,-0.539,2026-09-25
2019-08-30,-0.529,2026-09-25
2019-09-06,-0.522,2026-09-25
2019-09-13,-0.517,2026-09-25
2019-09-20,-0.513,2026-09-25
2019-09-27,-0.513,2026-09-25
2019-10-04,-0.518,2026-09-25
2019-10-11,-0.527,2026-09-25
2019-10-18,-0.539,2026-09-25
2019-10-25,-0.554,2026-09-25
2019-11-01,-0.566,2026-09-25
2019-11-08,-0.575,2026-09-25
2019-11-15,-0.58,2026-09-25
2019-11-22,-0.579,2026-09-25
2019-11-29,-0.574,2026-09-25
2019-12-06,-0.565,2026-09-25
2019-12-13,-0.557,2026-09-25
2019-12-20,-0.554,2026-09-25
2019-12-27,-0.559,2026-09-25
2020-01-03,-0.573,2026-09-25
2020-01-10,-0.594,2026-09-25
2020-01-17,-0.615,2026-09-25
2020-01-24,-0.629,2026-09-25
2020-01-31,-0.626,2026-09-25
2020-02-07,-0.598,2026-09-25
2020-02-14,-0.536,2026-09-25
2020-02-21,-0.434,2026-09-25
2020-02-28,-0.293,2026-09-25
2020-03-06,-0.13,2026-09-25
2020-03-13,0.037,2026-09-25
2020-03-20,0.183,2026-09-25
2020-03-27,0.275,2026-09-25
2020-04-03,0.313,2026-09-25
2020-04-10,0.299,2026-09-25
2020-04-17,0.242,2026-09-25
2020-04-24,0.162,2026-09-25
2020-05-01,0.064,2026-09-25
2020-05-08,-0.036,2026-09-25
2020-05-15,-0.127,2026-09-25
2020-05-22,-0.207,2026-09-25
2020-05-29,-0.271,2026-09-25
2020-06-05,-0.317,2026-09-25
2020-06-12,-0.347,2026-09-25
2020-06-19,-0.369,2026-09-25
2020-06-26,-0.387,2026-09-25
2020-07-03,-0.403,2026-09-25
2020-07-10,-0.422,2026-09-25
2020-07-17,-0.44,2026-09-25
2020-07-24,-0.46,2026-09-25
2020-07-31,-0.477,2026-09-25
2020-08-07,-0.492,2026-09-25
2020-08-14,-0.502,2026-09-25
2020-08-21,-0.509,2026-09-25
2020-08-28,-0.511,2026-09-25
2020-09-04,-0.509,2026-09-25
2020-09-11,-0.505,2026-09-25
2020-09-18,-0.501,2026-09-25
2020-09-25,-0.495,2026-09-25
2020-10-02,-0.492,2026-09-25
2020-10-09,-0.492,2026-09-25
2020-10-16,-0.495,2026-09-25
2020-10-23,-0.501,2026-09-25
2020-10-30,-0.51,2026-09-25
2020-11-06,-0.524,2026-09-25
2020-11-13,-0.541,2026-09-25
2020-11-20,-0.557,2026-09-25
2020-11-27,-0.572,2026-09-25
2020-12-04,-0.585,2026-09-25
2020-12-11,-0.595,2026-09-25
2020-12-18,-0.602,2026-09-25
2020-12-25,-0.609,2026-09-25
2021-01-01,-0.614,2026-09-25
2021-01-08,-0.618,2026-09-25
2021-01-15,-0.621,2026-09-25
2021-01-22,-0.623,2026-09-25
2021-01-29,-0.623,2026-09-25
2021-02-05,-0.625,2026-09-25
2021-02-12,-0.627,2026-09-25
2021-02-19,-0.629,2026-09-25
2021-02-26,-0.631,2026-09-25
2021-03-05,-0.635,2026-09-25
2021-03-12,-0.64,2026-09-25
2021-03-19,-0.645,2026-09-25
2021-03-26,-0.652,2026-09-25
2021-04-02,-0.659,2026-09-25
2021-04-09,-0.667,2026-09-25
2021-04-16,-0.674,2026-09-25
2021-04-23,-0.68,2026-09-25
2021-04-30,-0.686,2026-09-25
2021-05-07,-0.691,2026-09-25
2021-05-14,-0.693,2026-09-25
2021-05-21,-0.696,2026-09-25
2021-05-28,-0.698,2026-09-25
2021-06-04,-0.699,2026-09-25
2021-06-11,-0.699,2026-09-25
2021-06-18,-0.695,2026-09-25
2021-06-25,-0.691,2026-09-25
2021-07-02,-0.686,2026-09-25
2021-07-09,-0.679,2026-09-25
2021-07-16,-0.672,2026-09-25
2021-07-23,-0.665,2026-09-25
2021-07-30,-0.66,2026-09-25
2021-08-06,-0.655,2026-09-25
2021-08-13,-0.652,2026-09-25
2021-08-20,-0.651,2026-09-25
2021-08-27,-0.652,2026-09-25
2021-09-03,-0.653,2026-09-25
2021-09-10,-0.655,2026-09-25
2021-09-17,-0.657,2026-09-25
2021-09-24,-0.658,2026-09-25
2021-10-01,-0.659,2026-09-25
2021-10-08,-0.657,2026-09-25
2021-10-15,-0.651,2026-09-25
2021-10-22,-0.64,2026-09-25
2021-10-29,-0.626,2026-09-25
2021-11-05,-0.608,2026-09-25
2021-11-12,-0.588,2026-09-25
2021-11-19,-0.57,2026-09-25
2021-11-26,-0.554,2026-09-25
2021-12-03,-0.543,2026-09-25
2021-12-10,-0.541,2026-09-25
2021-12-17,-0.544,2026-09-25
2021-12-24,-0.551,2026-09-25
2021-12-31,-0.559,2026-09-25
2022-01-07,-0.565,2026-09-25
2022-01-14,-0.564,2026-09-25
2022-01-21,-0.557,2026-09-25
2022-01-28,-0.543,2026-09-25
2022-02-04,-0.523,2026-09-25
2022-02-11,-0.497,2026-09-25
2022-02-18,-0.467,2026-09-25
2022-02-25,-0.437,2026-09-25
2022-03-04,-0.41,2026-09-25
2022-03-11,-0.389,2026-09-25
2022-03-18,-0.376,2026-09-25
2022-03-25,-0.37,2026-09-25
2022-04-01,-0.367,2026-09-25
2022-04-08,-0.364,2026-09-25
2022-04-15,-0.357,2026-09-25
2022-04-22,-0.347,2026-09-25
2022-04-29,-0.332,2026-09-25
2022-05-06,-0.314,2026-09-25
2022-05-13,-0.295,2026-09-25
2022-05-20,-0.275,2026-09-25
2022-05-27,-0.253,2026-09-25
2022-06-03,-0.229,2026-09-25
2022-06-10,-0.203,2026-09-25
2022-06-17,-0.179,2026-09-25
2022-06-24,-0.163,2026-09-25
2022-07-01,-0.157,2026-09-25
2022-07-08,-0.161,2026-09-25
2022-07-15,-0.174,2026-09-25
2022-07-22,-0.194,2026-09-25
2022-07-29,-0.212,2026-09-25
2022-08-05,-0.226,2026-09-25
2022-08-12,-0.234,2026-09-25
2022-08-19,-0.232,2026-09-25
2022-08-26,-0.219,2026-09-25
2022-09-02,-0.198,2026-09-25
2022-09-09,-0.171,2026-09-25
2022-09-16,-0.142,2026-09-25
2022-09-23,-0.116,2026-09-25
2022-09-30,-0.097,2026-09-25
2022-10-07,-0.089,2026-09-25
2022-10-14,-0.09,2026-09-25
2022-10-21,-0.101,2026-09-25
2022-10-28,-0.117,2026-09-25
2022-11-04,-0.135,2026-09-25
2022-11-11,-0.153,2026-09-25
2022-11-18,-0.167,2026-09-25
2022-11-25,-0.175,2026-09-25
2022-12-02,-0.18,2026-09-25
2022-12-09,-0.184,2026-09-25
2022-12-16,-0.19,2026-09-25
2022-12-23,-0.201,2026-09-25
2022-12-30,-0.218,2026-09-25
2023-01-06,-0.241,2026-09-25
2023-01-13,-0.266,2026-09-25
2023-01-20,-0.287,2026-09-25
2023-01-27,-0.304,2026-09-25
2023-02-03,-0.311,2026-09-25
2023-02-10,-0.307,2026-09-25
2023-02-17,-0.293,2026-09-25
2023-02-24,-0.267,2026-09-25
2023-03-03,-0.235,2026-09-25
2023-03-10,-0.202,2026-09-25
2023-03-17,-0.17,2026-09-25
2023-03-24,-0.151,2026-09-25
2023-03-31,-0.146,2026-09-25
2023-04-07,-0.149,2026-09-25
2023-04-14,-0.16,2026-09-25
2023-04-21,-0.174,2026-09-25
2023-04-28,-0.186,2026-09-25
2023-05-05,-0.196,2026-09-25
2023-05-12,-0.203,2026-09-25
2023-05-19,-0.208,2026-09-25
2023-05-26,-0.211,2026-09-25
2023-06-02,-0.213,2026-09-25
2023-06-09,-0.215,2026-09-25
2023-06-16,-0.217,2026-09-25
2023-06-23,-0.221,2026-09-25
2023-06-30,-0.227,2026-09-25
2023-07-07,-0.236,2026-09-25
2023-07-14,-0.249,2026-09-25
2023-07-21,-0.263,2026-09-25
2023-07-28,-0.279,2026-09-25
2023-08-04,-0.297,2026-09-25
2023-08-11,-0.312,2026-09-25
2023-08-18,-0.325,2026-09-25
2023-08-25,-0.333,2026-09-25
2023-09-01,-0.338,2026-09-25
2023-09-08,-0.337,2026-09-25
2023-09-15,-0.332,2026-09-25
2023-09-22,-0.323,2026-09-25
2023-09-29,-0.31,2026-09-25
2023-10-06,-0.299,2026-09-25
2023-10-13,-0.289,2026-09-25
2023-10-20,-0.283,2026-09-25
2023-10-27,-0.282,2026-09-25
2023-11-03,-0.287,2026-09-25
2023-11-10,-0.296,2026-09-25
2023-11-17,-0.307,2026-09-25
2023-11-24,-0.319,2026-09-25
2023-12-01,-0.33,2026-09-25
2023-12-08,-0.34,2026-09-25
2023-12-15,-0.349,2026-09-25
2023-12-22,-0.358,2026-09-25
2023-12-29,-0.366,2026-09-25
2024-01-05,-0.375,2026-09-25
2024-01-12,-0.382,2026-09-25
2024-01-19,-0.39,2026-09-25
2024-01-26,-0.396,2026-09-25
2024-02-02,-0.403,2026-09-25
2024-02-09,-0.41,2026-09-25
2024-02-16,-0.418,2026-09-25
2024-02-23,-0.427,2026-09-25
2024-03-01,-0.434,2026-09-25
2024-03-08,-0.437,2026-09-25
2024-03-15,-0.439,2026-09-25
2024-03-22,-0.437,2026-09-25
2024-03-29,-0.433,2026-09-25
2024-04-05,-0.427,2026-09-25
2024-04-12,-0.421,2026-09-25
2024-04-19,-0.416,2026-09-25
2024-04-26,-0.413,2026-09-25
2024-05-03,-0.413,2026-09-25
2024-05-10,-0.413,2026-09-25
2024-05-17,-0.413,2026-09-25
2024-05-24,-0.412,2026-09-25
2024-05-31,-0.409,2026-09-25
2024-06-07,-0.403,2026-09-25
2024-06-14,-0.395,2026-09-25
2024-06-21,-0.387,2026-09-25
2024-06-28,-0.38,2026-09-25
2024-07-05,-0.374,2026-09-25
2024-07-12,-0.368,2026-09-25
2024-07-19,-0.363,2026-09-25
2024-07-26,-0.36,2026-09-25
2024-08-02,-0.358,2026-09-25
2024-08-09,-0.36,2026-09-25
2024-08-16,-0.368,2026-09-25
2024-08-23,-0.379,2026-09-25
2024-08-30,-0.39,2026-09-25
2024-09-06,-0.402,2026-09-25
2024-09-13,-0.412,2026-09-25
2024-09-20,-0.42,2026-09-25
2024-09-27,-0.427,2026-09-25
2024-10-04,-0.431,2026-09-25
2024-10-11,-0.435,2026-09-25
2024-10-18,-0.44,2026-09-25
2024-10-25,-0.445,2026-09-25
2024-11-01,-0.451,2026-09-25
2024-11-08,-0.46,2026-09-25
2024-11-15,-0.467,2026-09-25
2024-11-22,-0.472,2026-09-25
2024-11-29,-0.476,2026-09-25
2024-12-06,-0.478,2026-09-25
2024-12-13,-0.48,2026-09-25
2024-12-20,-0.481,2026-09-25
2024-12-27,-0.485,2026-09-25
2025-01-03,-0.489,2026-09-25
2025-01-10,-0.495,2026-09-25
2025-01-17,-0.501,2026-09-25
2025-01-24,-0.506,2026-09-25
2025-01-31,-0.509,2026-09-25
2025-02-07,-0.508,2026-09-25
2025-02-14,-0.503,2026-09-25
2025-02-21,-0.494,2026-09-25
2025-02-28,-0.48,2026-09-25
2025-03-07,-0.463,2026-09-25
2025-03-14,-0.444,2026-09-25
2025-03-21,-0.425,2026-09-25
2025-03-28,-0.408,2026-09-25
2025-04-04,-0.392,2026-09-25
2025-04-11,-0.382,2026-09-25
2025-04-18,-0.382,2026-09-25
2025-04-25,-0.389,2026-09-25
2025-05-02,-0.402,2026-09-25
2025-05-09,-0.42,2026-09-25
2025-05-16,-0.438,2026-09-25
2025-05-23,-0.453,2026-09-25
2025-05-30,-0.466,2026-09-25
2025-06-06,-0.475,2026-09-25
2025-06-13,-0.483,2026-09-25
2025-06-20,-0.489,2026-09-25
2025-06-27,-0.496,2026-09-25
2025-07-04,-0.503,2026-09-25
2025-07-11,-0.509,2026-09-25
2025-07-18,-0.514,2026-09-25
2025-07-25,-0.518,2026-09-25
2025-08-01,-0.521,2026-09-25
2025-08-08,-0.523,2026-09-25
2025-08-15,-0.526,2026-09-25
2025-08-22,-0.527,2026-09-25
2025-08-29,-0.528,2026-09-25
2025-09-05,-0.528,2026-09-25
2025-09-12,-0.528,2026-09-25
2025-09-19,-0.527,2026-09-25
2025-09-26,-0.526,2026-09-25
2025-10-03,-0.525,2026-09-25
2025-10-10,-0.524,2026-09-25
2025-10-17,-0.52,2026-09-25
2025-10-24,-0.518,2026-09-25
2025-10-31,-0.514,2026-09-25
2025-11-07,-0.511,2026-09-25
2025-11-14,-0.509,2026-09-25
2025-11-21,-0.508,2026-09-25
2025-11-28,-0.51,2026-09-25
2025-12-05,-0.513,2026-09-25
2025-12-12,-0.519,2026-09-25
2025-12-19,-0.528,2026-09-25
2025-12-26,-0.539,2026-09-25
2026-01-02,-0.551,2026-09-25
2026-01-09,-0.562,2026-09-25
2026-01-16,-0.569,2026-09-25
2026-01-23,-0.571,2026-09-25
2026-01-30,-0.567,2026-09-25
2026-02-06,-0.559,2026-09-25
2026-02-13,-0.545,2026-09-25
2026-02-20,-0.528,2026-09-25
2026-02-27,-0.509,2026-09-25
2026-03-06,-0.49,2026-09-25
2026-03-13,-0.474,2026-09-25
2026-03-20,-0.464,2026-09-25
2026-03-27,-0.461,2026-09-25
2026-04-03,-0.465,2026-09-25
2026-04-10,-0.475,2026-09-25
2026-04-17,-0.487,2026-09-25
2026-04-24,-0.498,2026-09-25
2026-05-01,-0.505,2026-09-25
2026-05-08,-0.51,2026-09-25
2026-05-15,-0.511,2026-09-25
2026-05-22,-0.511,2026-09-25
2026-05-29,-0.509,2026-09-25
2026-06-05,-0.509,2026-09-25
2026-06-12,-0.509,2026-09-25
2026-06-19,-0.511,2026-09-25
2026-06-26,-0.514,2026-09-25
2026-07-03,-0.52,2026-09-25
2026-07-10,-0.526,2026-09-25
2026-07-17,-0.531,2026-09-25
2026-07-24,-0.537,2026-09-25
2026-07-31,-0.542,2026-09-25
2026-08-07,-0.548,2026-09-25
2026-08-14,-0.553,2026-09-25
2026-08-21,-0.557,2026-09-25
2026-08-28,-0.559,2026-09-25
2026-09-04,-0.56,2026-09-25
2026-09-11,-0.558,2026-09-25
2026-09-18,-0.553,2026-09-25
2026-09-25,-0.548,2026-09-25
