Date,Adj Close,Close,High,Low,Open,Volume,SMA20,SMA50,SMA200
2024-08-21,16.270000457763672,16.270000457763672,17.170000076293945,15.920000076293945,16.25,0,,,
2024-08-22,17.549999237060547,17.549999237060547,18.059999465942383,15.760000228881836,16.270000457763672,0,,,
2024-08-23,15.859999656677246,15.859999656677246,17.209999084472656,15.609999656677246,17.1200008392334,0,,,
2024-08-26,16.149999618530273,16.149999618530273,16.670000076293945,15.8100004196167,16.270000457763672,0,,,
2024-08-27,15.430000305175781,15.430000305175781,16.809999465942383,15.369999885559082,16.209999084472656,0,,,
2024-08-28,17.110000610351562,17.110000610351562,17.889999389648438,15.460000038146973,15.510000228881836,0,,,
2024-08-29,15.649999618530273,15.649999618530273,16.56999969482422,15.1899995803833,16.540000915527344,0,,,
2024-08-30,15.0,15.0,16.040000915527344,14.779999732971191,15.670000076293945,0,,,
2024-09-03,20.719999313354492,20.719999313354492,21.989999771118164,15.710000038146973,15.760000228881836,0,,,
2024-09-04,21.31999969482422,21.31999969482422,23.309999465942383,19.34000015258789,23.200000762939453,0,,,
2024-09-05,19.899999618530273,19.899999618530273,21.530000686645508,19.209999084472656,20.75,0,,,
2024-09-06,22.3799991607666,22.3799991607666,23.760000228881836,18.829999923706055,21.979999542236328,0,,,
2024-09-09,19.450000762939453,19.450000762939453,21.40999984741211,19.290000915527344,21.31999969482422,0,,,
2024-09-10,19.079999923706055,19.079999923706055,20.739999771118164,18.899999618530273,19.860000610351562,0,,,
2024-09-11,17.690000534057617,17.690000534057617,21.40999984741211,17.549999237060547,19.40999984741211,0,,,
2024-09-12,17.06999969482422,17.06999969482422,18.59000015258789,16.889999389648438,17.6200008392334,0,,,
2024-09-13,16.559999465942383,16.559999465942383,17.18000030517578,16.229999542236328,17.030000686645508,0,,,
2024-09-16,17.139999389648438,17.139999389648438,17.690000534057617,16.90999984741211,17.15999984741211,0,,,
2024-09-17,17.610000610351562,17.610000610351562,18.079999923706055,16.670000076293945,17.15999984741211,0,,,
2024-09-18,18.229999542236328,18.229999542236328,19.389999389648438,17.110000610351562,17.579999923706055,0,17.80849986076355,,
2024-09-19,16.329999923706055,16.329999923706055,17.270000457763672,16.209999084472656,17.209999084472656,0,17.81149983406067,,
2024-09-20,16.149999618530273,16.149999618530273,16.68000030517578,15.8100004196167,16.350000381469727,0,17.741499853134155,,
2024-09-23,15.890000343322754,15.890000343322754,16.950000762939453,15.75,16.709999084472656,0,17.742999887466432,,
2024-09-24,15.390000343322754,15.390000343322754,16.670000076293945,15.270000457763672,15.869999885559082,0,17.704999923706055,,
2024-09-25,15.40999984741211,15.40999984741211,15.819999694824219,15.170000076293945,15.819999694824219,0,17.70399990081787,,
2024-09-26,15.369999885559082,15.369999885559082,15.829999923706055,14.899999618530273,15.0600004196167,0,17.616999864578247,,
2024-09-27,16.959999084472656,16.959999084472656,16.969999313354492,15.199999809265137,15.640000343322754,0,17.682499837875366,,
2024-09-30,16.729999542236328,16.729999542236328,17.790000915527344,16.469999313354492,17.010000228881836,0,17.768999814987183,,
2024-10-01,19.260000228881836,19.260000228881836,20.729999542236328,16.610000610351562,16.959999084472656,0,17.69599986076355,,
2024-10-02,18.899999618530273,18.899999618530273,20.360000610351562,18.579999923706055,19.649999618530273,0,17.574999856948853,,
2024-10-03,20.489999771118164,20.489999771118164,20.75,19.15999984741211,19.6299991607666,0,17.604499864578248,,
2024-10-04,19.209999084472656,19.209999084472656,20.479999542236328,18.479999542236328,20.479999542236328,0,17.44599986076355,,
2024-10-07,22.639999389648438,22.639999389648438,23.030000686645508,20.649999618530273,20.760000228881836,0,17.605499792099,,
2024-10-08,21.420000076293945,21.420000076293945,23.139999389648438,21.139999389648438,22.920000076293945,0,17.722499799728393,,
2024-10-09,20.860000610351562,20.860000610351562,22.010000228881836,20.709999084472656,21.979999542236328,0,17.88099980354309,,
2024-10-10,20.93000030517578,20.93000030517578,21.389999389648438,20.639999389648438,20.90999984741211,0,18.07399983406067,,
2024-10-11,20.459999084472656,20.459999084472656,21.15999984741211,20.139999389648438,20.8700008392334,0,18.268999814987183,,
2024-10-14,19.700000762939453,19.700000762939453,20.860000610351562,19.690000534057617,20.860000610351562,0,18.396999883651734,,
2024-10-15,20.639999389648438,20.639999389648438,20.889999389648438,19.440000534057617,19.610000610351562,0,18.548499822616577,,
2024-10-16,19.579999923706055,19.579999923706055,21.010000228881836,19.450000762939453,20.770000457763672,0,18.615999841690062,,
2024-10-17,19.110000610351562,19.110000610351562,19.649999618530273,18.8799991607666,19.549999237060547,0,18.75499987602234,,
2024-10-18,18.030000686645508,18.030000686645508,19.31999969482422,17.989999771118164,19.299999237060547,0,18.8489999294281,,
2024-10-21,18.3700008392334,18.3700008392334,19.34000015258789,18.360000610351562,18.780000686645508,0,18.97299995422363,,
2024-10-22,18.200000762939453,18.200000762939453,19.440000534057617,18.049999237060547,18.790000915527344,0,19.11349997520447,,
2024-10-23,19.239999771118164,19.239999771118164,20.469999313354492,18.18000030517578,18.209999084472656,0,19.30499997138977,,
2024-10-24,19.079999923706055,19.079999923706055,20.239999771118164,18.6299991607666,18.8700008392334,0,19.49049997329712,,
2024-10-25,20.329999923706055,20.329999923706055,20.510000228881836,18.229999542236328,19.219999313354492,0,19.65900001525879,,
2024-10-28,19.799999237060547,19.799999237060547,19.8799991607666,18.90999984741211,19.110000610351562,0,19.8125,,
2024-10-29,19.34000015258789,19.34000015258789,20.530000686645508,19.059999465942383,19.75,0,19.816499996185303,,
2024-10-30,20.350000381469727,20.350000381469727,20.440000534057617,19.299999237060547,19.329999923706055,0,19.889000034332277,18.406799926757813,
2024-10-31,23.15999984741211,23.15999984741211,23.420000076293945,21.1200008392334,21.440000534057617,0,20.022500038146973,18.54459991455078,
2024-11-01,21.8799991607666,21.8799991607666,23.09000015258789,21.15999984741211,22.959999084472656,0,20.15600004196167,18.6311999130249,
2024-11-04,21.979999542236328,21.979999542236328,23.06999969482422,21.729999542236328,22.5,0,20.123000049591063,18.753599910736085,
2024-11-05,20.489999771118164,20.489999771118164,22.059999465942383,20.200000762939453,21.979999542236328,0,20.076500034332277,18.84039991378784,
2024-11-06,16.270000457763672,16.270000457763672,16.81999969482422,15.4399995803833,16.059999465942383,0,19.84700002670288,18.8571999168396,
2024-11-07,15.199999809265137,15.199999809265137,15.859999656677246,15.130000114440918,15.859999656677246,0,19.56050000190735,18.81899990081787,
2024-11-08,14.9399995803833,14.9399995803833,15.329999923706055,14.65999984741211,15.130000114440918,0,19.28450002670288,18.80479990005493,
2024-11-11,14.970000267028809,14.970000267028809,15.5600004196167,14.890000343322754,15.329999923706055,0,19.048000001907347,18.804199905395507,
2024-11-12,14.710000038146973,14.710000038146973,15.369999885559082,14.6899995803833,15.09000015258789,0,18.751500034332274,18.683999919891356,
2024-11-13,14.020000457763672,14.020000457763672,15.260000228881836,13.770000457763672,15.09000015258789,0,18.473500061035157,18.537999935150147,
2024-11-14,14.3100004196167,14.3100004196167,14.319999694824219,13.59000015258789,14.170000076293945,0,18.233500051498414,18.426199951171874,
2024-11-15,16.139999389648438,16.139999389648438,17.549999237060547,14.5600004196167,15.020000457763672,0,18.13899998664856,18.301399955749513,
2024-11-18,15.579999923706055,15.579999923706055,17.0,15.350000381469727,16.600000381469727,0,17.99949994087219,18.223999938964845,
2024-11-19,16.350000381469727,16.350000381469727,17.93000030517578,15.369999885559082,15.4399995803833,0,17.906999921798707,18.169399948120116,
2024-11-20,17.15999984741211,17.15999984741211,18.790000915527344,16.040000915527344,16.190000534057617,0,17.802999925613403,18.158799934387208,
2024-11-21,16.8700008392334,16.8700008392334,17.989999771118164,15.729999542236328,17.100000381469727,0,17.692499971389772,18.15479995727539,
2024-11-22,15.239999771118164,15.239999771118164,17.559999465942383,15.239999771118164,16.670000076293945,0,17.437999963760376,18.128399963378907,
2024-11-25,14.600000381469727,14.600000381469727,15.720000267028809,14.539999961853027,15.229999542236328,0,17.178000020980836,18.077599983215332,
2024-11-26,14.100000381469727,14.100000381469727,15.029999732971191,13.880000114440918,14.949999809265137,0,16.916000032424925,18.007399978637697,
2024-11-27,14.100000381469727,14.100000381469727,15.130000114440918,13.960000038146973,14.279999732971191,0,16.603500032424925,17.92479999542236,
2024-11-29,13.510000228881836,13.510000228881836,14.149999618530273,13.489999771118164,14.0,0,16.121000051498413,17.868400001525877,
2024-12-02,13.34000015258789,13.34000015258789,14.100000381469727,13.300000190734863,14.079999923706055,0,15.694000101089477,17.812200012207033,
2024-12-03,13.300000190734863,13.300000190734863,13.770000457763672,13.1899995803833,13.380000114440918,0,15.260000133514405,17.760400009155273,
2024-12-04,13.449999809265137,13.449999809265137,13.609999656677246,12.890000343322754,13.15999984741211,0,14.908000135421753,17.721599998474122,
2024-12-05,13.539999961853027,13.539999961853027,13.699999809265137,13.260000228881836,13.460000038146973,0,14.77150011062622,17.68420000076294,
2024-12-06,12.770000457763672,12.770000457763672,13.739999771118164,12.699999809265137,13.619999885559082,0,14.650000143051148,17.632200012207033,
2024-12-09,14.1899995803833,14.1899995803833,14.229999542236328,13.350000381469727,13.359999656677246,0,14.612500143051147,17.576800022125244,
2024-12-10,14.180000305175781,14.180000305175781,14.539999961853027,13.859999656677246,14.300000190734863,0,14.573000144958495,17.525800037384034,
2024-12-11,13.579999923706055,13.579999923706055,14.430000305175781,13.520000457763672,14.420000076293945,0,14.51650013923645,17.412200031280516,
2024-12-12,13.920000076293945,13.920000076293945,13.949999809265137,13.390000343322754,13.729999542236328,0,14.511500120162964,17.31260004043579,
2024-12-13,13.8100004196167,13.8100004196167,14.25,13.239999771118164,13.569999694824219,0,14.486500120162964,17.179000053405762,
2024-12-16,14.6899995803833,14.6899995803833,14.6899995803833,13.989999771118164,14.369999885559082,0,14.414000129699707,17.088600063323973,
2024-12-17,15.869999885559082,15.869999885559082,15.9399995803833,14.779999732971191,14.979999542236328,0,14.428500127792358,16.953200073242186,
2024-12-18,27.6200008392334,27.6200008392334,28.31999969482422,14.819999694824219,15.569999694824219,0,14.992000150680543,17.077200088500977,
2024-12-19,24.09000015258789,24.09000015258789,24.1200008392334,20.15999984741211,21.610000610351562,0,15.338500165939331,17.141800079345703,
2024-12-20,18.360000610351562,18.360000610351562,26.510000228881836,17.81999969482422,24.139999389648438,0,15.41300015449524,17.090400085449218,
2024-12-23,16.780000686645508,16.780000686645508,20.020000457763672,16.739999771118164,18.09000015258789,0,15.490000200271606,17.016800117492675,
2024-12-24,14.270000457763672,14.270000457763672,17.040000915527344,14.270000457763672,16.969999313354492,0,15.473500204086303,16.90820011138916,
2024-12-26,14.729999542236328,14.729999542236328,15.930000305175781,14.550000190734863,14.989999771118164,0,15.505000162124634,16.790000114440918,
2024-12-27,15.949999809265137,15.949999809265137,18.450000762939453,15.289999961853027,15.380000114440918,0,15.597500133514405,16.7174001121521,
2024-12-30,17.399999618530273,17.399999618530273,19.219999313354492,16.440000534057617,17.209999084472656,0,15.792000102996827,16.683200092315673,
2024-12-31,17.350000381469727,17.350000381469727,17.809999465942383,16.68000030517578,17.389999389648438,0,15.992500114440919,16.669600086212156,
2025-01-02,17.93000030517578,17.93000030517578,19.5,16.959999084472656,17.209999084472656,0,16.224000120162962,16.660800075531007,
2025-01-03,16.1299991607666,16.1299991607666,17.940000534057617,16.110000610351562,17.65999984741211,0,16.358000087738038,16.61940004348755,
2025-01-06,16.040000915527344,16.040000915527344,16.8700008392334,15.710000038146973,16.770000457763672,0,16.483000135421754,16.555400066375732,
2025-01-07,17.81999969482422,17.81999969482422,18.899999618530273,15.789999961853027,16.479999542236328,0,16.73550009727478,16.530200061798094,
2025-01-08,17.700000762939453,17.700000762939453,19.5,17.3700008392334,17.90999984741211,0,16.911000156402586,16.477600078582764,
2025-01-10,19.540000915527344,19.540000915527344,20.309999465942383,18.049999237060547,18.290000915527344,0,17.179000186920167,16.4724001121521,
2025-01-13,19.190000534057617,19.190000534057617,22.040000915527344,19.149999618530273,21.18000030517578,0,17.459500217437743,16.469400119781493,
2025-01-14,18.709999084472656,18.709999084472656,19.65999984741211,18.239999771118164,18.790000915527344,0,17.69900016784668,16.43660009384155,
2025-01-15,16.1200008392334,16.1200008392334,19.139999389648438,15.960000038146973,19.079999923706055,0,17.814500188827516,16.295800113677977,
2025-01-16,16.600000381469727,16.600000381469727,16.600000381469727,15.640000343322754,15.869999885559082,0,17.910000228881835,16.19020013809204,
2025-01-17,15.970000267028809,15.970000267028809,16.229999542236328,15.529999732971191,16.190000534057617,0,17.915000247955323,16.07000015258789,
2025-01-21,15.0600004196167,15.0600004196167,16.290000915527344,14.930000305175781,16.290000915527344,0,17.287000226974488,15.961400165557862,
2025-01-22,15.100000381469727,15.100000381469727,15.289999961853027,14.59000015258789,14.890000343322754,0,16.837500238418578,15.938000164031983,
2025-01-23,15.020000457763672,15.020000457763672,15.390000343322754,14.59000015258789,15.279999732971191,0,16.670500230789184,15.934400177001953,
2025-01-24,14.850000381469727,14.850000381469727,15.15999984741211,14.579999923706055,15.020000457763672,0,16.574000215530397,15.932600193023681,
2025-01-27,17.899999618530273,17.899999618530273,22.510000228881836,17.56999969482422,18.829999923706055,0,16.755500173568727,15.991200180053712,
2025-01-28,16.40999984741211,16.40999984741211,18.389999389648438,16.25,18.290000915527344,0,16.839500188827515,16.025200176239014,
2025-01-29,16.559999465942383,16.559999465942383,18.079999923706055,16.170000076293945,16.420000076293945,0,16.870000171661378,16.07600015640259,
2025-01-30,15.84000015258789,15.84000015258789,16.420000076293945,15.319999694824219,15.930000305175781,0,16.792000198364256,16.10660015106201,
2025-01-31,16.43000030517578,16.43000030517578,17.09000015258789,14.899999618530273,15.449999809265137,0,16.74600019454956,16.11240016937256,
2025-02-03,18.6200008392334,18.6200008392334,20.420000076293945,17.65999984741211,20.360000610351562,0,16.780500221252442,16.173200187683104,
2025-02-04,17.209999084472656,17.209999084472656,19.110000610351562,16.780000686645508,18.780000686645508,0,16.834500217437743,16.190400161743163,
2025-02-05,15.770000457763672,15.770000457763672,17.75,15.770000457763672,17.540000915527344,0,16.821000194549562,16.162600173950196,
2025-02-06,15.5,15.5,16.149999618530273,14.989999771118164,15.880000114440918,0,16.70500020980835,16.135200157165528,
2025-02-07,16.540000915527344,16.540000915527344,16.65999984741211,14.789999961853027,15.380000114440918,0,16.647000217437743,16.16120018005371,
2025-02-10,15.8100004196167,15.8100004196167,16.610000610351562,15.699999809265137,16.579999923706055,0,16.46050019264221,16.18540018081665,
2025-02-11,16.020000457763672,16.020000457763672,16.420000076293945,15.75,16.1299991607666,0,16.302000188827513,16.22380018234253,
2025-02-12,15.890000343322754,15.890000343322754,17.18000030517578,15.640000343322754,15.90999984741211,0,16.16100025177002,16.25960018157959,
2025-02-13,15.100000381469727,15.100000381469727,16.329999923706055,14.979999542236328,15.970000267028809,0,16.110000228881837,16.291400184631346,
2025-02-14,14.770000457763672,14.770000457763672,15.420000076293945,14.739999771118164,15.079999923706055,0,16.018500232696532,16.320000190734863,
2025-02-18,15.350000381469727,15.350000381469727,16.030000686645508,15.350000381469727,15.569999694824219,0,15.98750023841858,16.36100019454956,
2025-02-19,15.270000457763672,15.270000457763672,15.960000038146973,15.050000190734863,15.140000343322754,0,15.998000240325927,16.39740020751953,
2025-02-20,15.65999984741211,15.65999984741211,16.6299991607666,15.119999885559082,15.609999656677246,0,16.026000213623046,16.439800205230714,
2025-02-21,18.209999084472656,18.209999084472656,19.030000686645508,15.279999732971191,15.630000114440918,0,16.185500144958496,16.548600177764893,
2025-02-24,18.979999542236328,18.979999542236328,20.239999771118164,17.309999465942383,18.079999923706055,0,16.392000102996825,16.644400177001952,
2025-02-25,19.43000030517578,19.43000030517578,21.479999542236328,18.850000381469727,19.09000015258789,0,16.4685001373291,16.749400177001952,
2025-02-26,19.100000381469727,19.100000381469727,20.059999465942383,17.829999923706055,18.959999084472656,0,16.603000164031982,16.859800186157226,
2025-02-27,21.1299991607666,21.1299991607666,21.469999313354492,17.670000076293945,18.25,0,16.831500148773195,17.00400016784668,
2025-02-28,19.6299991607666,19.6299991607666,22.399999618530273,19.049999237060547,21.209999084472656,0,17.021000099182128,17.120400142669677,
2025-03-03,22.780000686645508,22.780000686645508,24.309999465942383,19.25,19.829999923706055,0,17.338500118255617,17.282200164794922,
2025-03-04,23.510000228881836,23.510000228881836,26.350000381469727,21.709999084472656,22.959999084472656,0,17.583000087738036,17.435000171661375,
2025-03-05,21.93000030517578,21.93000030517578,24.84000015258789,21.3700008392334,23.030000686645508,0,17.819000148773192,17.321200160980226,
2025-03-06,24.8700008392334,24.8700008392334,25.920000076293945,22.389999389648438,22.600000381469727,0,18.27400016784668,17.336800174713133,
2025-03-07,23.3700008392334,23.3700008392334,26.559999465942383,23.09000015258789,24.850000381469727,0,18.66750020980835,17.43700017929077,
2025-03-10,27.860000610351562,27.860000610351562,29.559999465942383,24.68000030517578,24.700000762939453,0,19.23350019454956,17.658600177764892,
2025-03-11,26.920000076293945,26.920000076293945,29.56999969482422,26.18000030517578,27.940000534057617,0,19.78900017738342,17.911600170135497,
2025-03-12,24.229999542236328,24.229999542236328,26.90999984741211,23.889999389648438,26.8799991607666,0,20.199500131607056,18.101600170135498,
2025-03-13,24.65999984741211,24.65999984741211,26.1299991607666,23.459999084472656,24.920000076293945,0,20.638000106811525,18.27580017089844,
2025-03-14,21.770000457763672,21.770000457763672,24.360000610351562,21.479999542236328,24.350000381469727,0,20.97150011062622,18.363200187683105,
2025-03-17,20.510000228881836,20.510000228881836,22.950000762939453,20.31999969482422,22.889999389648438,0,21.25850009918213,18.426400184631348,
2025-03-18,21.700000762939453,21.700000762939453,22.56999969482422,20.40999984741211,20.829999923706055,0,21.576000118255614,18.50180019378662,
2025-03-19,19.899999618530273,19.899999618530273,22.100000381469727,19.420000076293945,21.84000015258789,0,21.807500076293945,18.577200202941896,
2025-03-20,19.799999237060547,19.799999237060547,21.170000076293945,19.299999237060547,19.520000457763672,0,22.014500045776366,18.65240016937256,
2025-03-21,19.280000686645508,19.280000686645508,21.139999389648438,19.149999618530273,20.020000457763672,0,22.06800012588501,18.681600189208986,
2025-03-24,17.479999542236328,17.479999542236328,19.139999389648438,17.459999084472656,19.1299991607666,0,21.99300012588501,18.67720016479492,
2025-03-25,17.149999618530273,17.149999618530273,17.770000457763672,17.020000457763672,17.579999923706055,0,21.879000091552733,18.62940013885498,
2025-03-26,18.329999923706055,18.329999923706055,19.06999969482422,16.969999313354492,17.229999542236328,0,21.84050006866455,18.61220012664795,
2025-03-27,18.690000534057617,18.690000534057617,19.280000686645508,17.950000762939453,18.360000610351562,0,21.7185001373291,18.61180015563965,
2025-03-28,21.649999618530273,21.649999618530273,22.18000030517578,18.920000076293945,19.079999923706055,0,21.819500160217284,18.722400131225587,
2025-03-31,22.280000686645508,22.280000686645508,24.799999237060547,21.670000076293945,24.110000610351562,0,21.794500160217286,18.8360001373291,
2025-04-01,21.770000457763672,21.770000457763672,23.520000457763672,21.579999923706055,22.059999465942383,0,21.707500171661376,18.9520001411438,
2025-04-02,21.510000228881836,21.510000228881836,23.65999984741211,20.68000030517578,22.299999237060547,0,21.68650016784668,19.081000137329102,
2025-04-03,30.020000457763672,30.020000457763672,30.020000457763672,24.93000030517578,26.3799991607666,0,21.944000148773192,19.37940013885498,
2025-04-04,45.310001373291016,45.310001373291016,45.61000061035156,29.989999771118164,30.1200008392334,0,23.041000175476075,19.985200157165526,
2025-04-07,46.97999954223633,46.97999954223633,60.130001068115234,38.58000183105469,60.130001068115234,0,23.99700012207031,20.62780014038086,
2025-04-08,52.33000183105469,52.33000183105469,57.52000045776367,36.47999954223633,44.040000915527344,0,25.26750020980835,21.31640018463135,
2025-04-09,33.619998931884766,33.619998931884766,57.959999084472656,31.899999618530273,50.97999954223633,0,25.73700017929077,21.6606001663208,
2025-04-10,40.720001220703125,40.720001220703125,54.869998931884766,34.439998626708984,34.439998626708984,0,26.540000247955323,22.143800201416017,
2025-04-11,37.560001373291016,37.560001373291016,46.119998931884766,36.849998474121094,40.79999923706055,0,27.32950029373169,22.578200225830077,
2025-04-14,30.889999389648438,30.889999389648438,35.16999816894531,29.75,34.7599983215332,0,27.84850025177002,22.86740020751953,
2025-04-15,30.1200008392334,30.1200008392334,31.450000762939453,28.290000915527344,30.010000228881836,0,28.269500255584717,23.09740020751953,
2025-04-16,32.63999938964844,32.63999938964844,34.959999084472656,29.479999542236328,33.2400016784668,0,28.906500244140624,23.406000213623045,
2025-04-17,29.649999618530273,29.649999618530273,32.54999923706055,29.56999969482422,30.790000915527344,0,29.399000263214113,23.68360019683838,
2025-04-21,33.81999969482422,33.81999969482422,35.75,31.790000915527344,32.75,0,30.126000213623048,24.050000190734863,
2025-04-22,30.56999969482422,30.56999969482422,32.68000030517578,30.079999923706055,32.61000061035156,0,30.780500221252442,24.3306001663208,
2025-04-23,28.450000762939453,28.450000762939453,30.290000915527344,27.110000610351562,28.75,0,31.3455002784729,24.583400173187258,
2025-04-24,26.469999313354492,26.469999313354492,29.65999984741211,26.360000610351562,28.690000534057617,0,31.75250024795532,24.792400150299073,
2025-04-25,24.84000015258789,24.84000015258789,27.200000762939453,24.84000015258789,26.219999313354492,0,32.06000022888183,24.971400146484374,
2025-04-28,25.149999618530273,25.149999618530273,26.93000030517578,24.700000762939453,25.75,0,32.23500022888184,25.172400131225587,
2025-04-29,24.170000076293945,24.170000076293945,25.989999771118164,23.760000228881836,24.760000228881836,0,32.32950019836426,25.360400123596193,
2025-04-30,24.700000762939453,24.700000762939453,28.170000076293945,24.229999542236328,24.350000381469727,0,32.476000213623045,25.547400131225587,
2025-05-01,24.600000381469727,24.600000381469727,25.18000030517578,23.299999237060547,23.940000534057617,0,32.63050022125244,25.73400012969971,
2025-05-02,22.68000030517578,22.68000030517578,24.31999969482422,22.34000015258789,23.6299991607666,0,32.26350021362305,25.87440013885498,
2025-05-05,23.639999389648438,23.639999389648438,24.6299991607666,22.809999465942383,24.25,0,31.18000011444092,25.983000144958496,
2025-05-06,24.760000228881836,24.760000228881836,25.110000610351562,23.899999618530273,23.969999313354492,0,30.069000148773192,26.098600158691408,
2025-05-07,23.549999237060547,23.549999237060547,25.6200008392334,23.290000915527344,24.559999465942383,0,28.630000019073485,26.1810001373291,
2025-05-08,22.479999542236328,22.479999542236328,23.610000610351562,21.8799991607666,22.84000015258789,0,28.073000049591066,26.248600120544435,
2025-05-09,21.899999618530273,21.899999618530273,22.81999969482422,21.829999923706055,22.399999618530273,0,27.131999969482422,26.264000129699706,
2025-05-12,18.389999389648438,18.389999389648438,20.440000534057617,18.139999389648438,19.84000015258789,0,26.173499870300294,26.239200134277343,
2025-05-13,18.219999313354492,18.219999313354492,18.850000381469727,17.649999618530273,18.690000534057617,0,25.539999866485594,26.148000106811523,
2025-05-14,18.6200008392334,18.6200008392334,18.81999969482422,18.059999465942383,18.100000381469727,0,24.964999866485595,26.050200119018555,
2025-05-15,17.829999923706055,17.829999923706055,19.3799991607666,17.770000457763672,19.190000534057617,0,24.224499893188476,25.96820011138916,
2025-05-16,17.239999771118164,17.239999771118164,17.959999084472656,17.149999618530273,17.959999084472656,0,23.603999900817872,25.815600090026855,
2025-05-19,18.139999389648438,18.139999389648438,19.920000076293945,17.920000076293945,19.84000015258789,0,22.81999988555908,25.711000061035158,
2025-05-20,18.09000015258789,18.09000015258789,18.68000030517578,17.700000762939453,18.459999084472656,0,22.195999908447266,25.515600051879883,
2025-05-21,20.8700008392334,20.8700008392334,21.049999237060547,17.770000457763672,18.770000457763672,0,21.816999912261963,25.394600067138672,
2025-05-22,20.280000686645508,20.280000686645508,22.06999969482422,19.639999389648438,20.6200008392334,0,21.507499980926514,25.315600090026855,
2025-05-23,22.290000915527344,22.290000915527344,25.530000686645508,19.829999923706055,20.139999389648438,0,21.380000019073485,25.26820011138916,
2025-05-27,18.959999084472656,18.959999084472656,21.010000228881836,18.950000762939453,20.6299991607666,0,21.070499992370607,25.21200008392334,
2025-05-28,19.309999465942383,19.309999465942383,19.43000030517578,18.68000030517578,19.209999084472656,0,20.82749996185303,25.18800006866455,
2025-05-29,19.18000030517578,19.18000030517578,20.200000762939453,18.110000610351562,18.25,0,20.551499938964845,25.13760005950928,
2025-05-30,18.56999969482422,18.56999969482422,20.549999237060547,18.56999969482422,19.610000610351562,0,20.249999904632567,25.111000061035156,
2025-06-02,18.360000610351562,18.360000610351562,20.450000762939453,18.360000610351562,19.809999465942383,0,20.033999919891357,25.082200088500976,
2025-06-03,17.690000534057617,17.690000534057617,19.209999084472656,17.639999389648438,18.829999923706055,0,19.736499977111816,25.05040008544922,
2025-06-04,17.610000610351562,17.610000610351562,18.06999969482422,17.40999984741211,17.68000030517578,0,19.378999996185303,25.053000106811524,
2025-06-05,18.479999542236328,18.479999542236328,18.799999237060547,17.079999923706055,17.68000030517578,0,19.125500011444093,25.079600105285646,
2025-06-06,16.770000457763672,16.770000457763672,18.350000381469727,16.649999618530273,18.15999984741211,0,18.840000057220458,25.048400115966796,
2025-06-09,17.15999984741211,17.15999984741211,17.719999313354492,16.81999969482422,17.690000534057617,0,18.60300006866455,25.01780010223389,19.618250069618224
2025-06-10,16.950000762939453,16.950000762939453,17.989999771118164,16.68000030517578,17.5,0,18.5310001373291,24.92380012512207,19.621650071144103
2025-06-11,17.260000228881836,17.260000228881836,18.09000015258789,16.229999542236328,17.040000915527344,0,18.483000183105467,24.8234001159668,19.62020007610321
2025-06-12,18.020000457763672,18.020000457763672,18.8700008392334,17.43000030517578,17.8700008392334,0,18.453000164031984,24.748400115966795,19.63100008010864
2025-06-13,20.81999969482422,20.81999969482422,22.0,18.8799991607666,21.760000228881836,0,18.60250015258789,24.734600105285644,19.65435008049011
2025-06-16,19.110000610351562,19.110000610351562,20.219999313354492,18.670000076293945,19.780000686645508,0,18.696000194549562,24.516400108337404,19.67275008201599
2025-06-17,21.600000381469727,21.600000381469727,21.790000915527344,19.549999237060547,20.530000686645508,0,18.869000244140626,24.042200088500977,19.695200080871583
2025-06-18,20.139999389648438,20.139999389648438,21.579999923706055,19.59000015258789,20.899999618530273,0,18.971500205993653,23.505400085449217,19.71765007972717
2025-06-20,20.6200008392334,20.6200008392334,21.06999969482422,19.110000610351562,20.739999771118164,0,18.959000205993654,22.871200065612793,19.74575008392334
2025-06-23,19.829999923706055,19.829999923706055,22.510000228881836,19.81999969482422,21.149999618530273,0,18.93650016784668,22.595400085449217,19.741300086975098
2025-06-24,17.479999542236328,17.479999542236328,18.719999313354492,17.329999923706055,18.190000534057617,0,18.69600009918213,22.13060005187988,19.72210008621216
2025-06-25,16.760000228881836,16.760000228881836,17.510000228881836,16.68000030517578,17.280000686645508,0,18.586000156402587,21.7146000289917,19.706400089263916
2025-06-26,16.59000015258789,16.59000015258789,16.780000686645508,16.110000610351562,16.670000076293945,0,18.450000190734862,21.428600044250487,19.677450094223023
2025-06-27,16.31999969482422,16.31999969482422,17.290000915527344,16.1200008392334,16.309999465942383,0,18.307000160217285,21.152600021362304,19.661800088882448
2025-06-30,16.729999542236328,16.729999542236328,17.43000030517578,16.549999237060547,17.190000534057617,0,18.21500015258789,20.834400024414062,19.6500500869751
2025-07-01,16.829999923706055,16.829999923706055,17.479999542236328,16.510000228881836,16.979999542236328,0,18.138500118255614,20.57800003051758,19.64575008392334
2025-07-02,16.639999389648438,16.639999389648438,17.3700008392334,16.540000915527344,16.75,0,18.086000061035158,20.23440002441406,19.643600082397462
2025-07-03,16.3799991607666,16.3799991607666,16.829999923706055,16.139999389648438,16.649999618530273,0,18.02449998855591,19.95060001373291,19.64270008087158
2025-07-07,17.790000915527344,17.790000915527344,18.5,17.510000228881836,17.829999923706055,0,17.99000005722046,19.73740001678467,19.645950088500978
2025-07-08,16.809999465942383,16.809999465942383,17.440000534057617,16.540000915527344,17.40999984741211,0,17.992000007629393,19.544200019836424,19.64195008277893
2025-07-09,15.9399995803833,15.9399995803833,16.760000228881836,15.760000228881836,16.760000228881836,0,17.930999994277954,19.366200008392333,19.630500082969665
2025-07-10,15.779999732971191,15.779999732971191,16.239999771118164,15.699999809265137,16.229999542236328,0,17.87249994277954,19.17880001068115,19.627750082015993
2025-07-11,16.399999618530273,16.399999618530273,17.239999771118164,15.979999542236328,16.40999984741211,0,17.829499912261962,19.02340000152588,19.629000082015992
2025-07-14,17.200000762939453,17.200000762939453,17.850000381469727,16.90999984741211,17.729999542236328,0,17.788499927520753,18.87340000152588,19.635550084114076
2025-07-15,17.3799991607666,17.3799991607666,17.389999389648438,16.559999465942383,16.889999389648438,0,17.61649990081787,18.728999977111815,19.645500078201295
2025-07-16,17.15999984741211,17.15999984741211,19.479999542236328,16.690000534057617,17.65999984741211,0,17.5189998626709,18.61859996795654,19.654250078201294
2025-07-17,16.520000457763672,16.520000457763672,17.3700008392334,16.479999542236328,17.15999984741211,0,17.264999866485596,18.476199989318847,19.660000081062318
2025-07-18,16.40999984741211,16.40999984741211,16.809999465942383,16.280000686645508,16.43000030517578,0,17.07849988937378,18.309199981689453,19.657250084877013
2025-07-21,16.649999618530273,16.649999618530273,16.989999771118164,16.299999237060547,16.8700008392334,0,16.879999828338622,18.171199989318847,19.656850085258483
2025-07-22,16.5,16.5,17.479999542236328,16.43000030517578,16.75,0,16.71349983215332,18.05159999847412,19.643050084114076
2025-07-23,15.369999885559082,15.369999885559082,16.31999969482422,15.319999694824219,16.229999542236328,0,16.60799984931946,17.921000003814697,19.62540008544922
2025-07-24,15.390000343322754,15.390000343322754,15.539999961853027,14.949999809265137,15.390000343322754,0,16.539499855041505,17.861000022888184,19.599900088310243
2025-07-25,14.930000305175781,14.930000305175781,15.390000343322754,14.920000076293945,15.329999923706055,0,16.4564998626709,17.79520004272461,19.57850009441376
2025-07-28,15.029999732971191,15.029999732971191,15.539999961853027,15.0,15.149999618530273,0,16.391999864578246,17.723400020599364,19.54045009613037
2025-07-29,15.979999542236328,15.979999542236328,16.1200008392334,14.699999809265137,14.949999809265137,0,16.354499864578248,17.68640001296997,19.513250093460083
2025-07-30,15.479999542236328,15.479999542236328,17.270000457763672,15.4399995803833,15.869999885559082,0,16.28699984550476,17.651200008392333,19.486350088119508
2025-07-31,16.719999313354492,16.719999313354492,17.170000076293945,14.739999771118164,14.989999771118164,0,16.290999841690063,17.622800006866456,19.4653000831604
2025-08-01,20.3799991607666,20.3799991607666,21.899999618530273,17.389999389648438,17.399999618530273,0,16.490999841690062,17.668599987030028,19.46490008354187
2025-08-04,17.520000457763672,17.520000457763672,19.579999923706055,17.479999542236328,19.559999465942383,0,16.47749981880188,17.601599979400635,19.45400008201599
2025-08-05,17.850000381469727,17.850000381469727,18.940000534057617,17.110000610351562,17.209999084472656,0,16.52949986457825,17.55299997329712,19.4400500869751
2025-08-06,16.770000457763672,16.770000457763672,17.8799991607666,16.559999465942383,17.219999313354492,0,16.570999908447266,17.442599964141845,19.426000089645385
2025-08-07,16.56999969482422,16.56999969482422,17.639999389648438,15.979999542236328,16.40999984741211,0,16.610499906539918,17.394799976348878,19.41330008506775
2025-08-08,15.149999618530273,15.149999618530273,16.520000457763672,15.149999618530273,16.479999542236328,0,16.547999906539918,17.311599979400636,19.398900079727174
2025-08-11,16.25,16.25,16.360000610351562,15.520000457763672,15.8100004196167,0,16.500499868392943,17.25299997329712,19.388300075531006
2025-08-12,14.729999542236328,14.729999542236328,16.559999465942383,14.65999984741211,16.09000015258789,0,16.367999887466432,17.17619997024536,19.37095006942749
2025-08-13,14.489999771118164,14.489999771118164,14.8100004196167,14.300000190734863,14.619999885559082,0,16.234499883651733,17.098799953460695,19.34720006942749
2025-08-14,14.829999923706055,14.829999923706055,15.390000343322754,14.569999694824219,14.65999984741211,0,16.149999856948853,17.04159994125366,19.325950069427492
2025-08-15,15.09000015258789,15.09000015258789,15.180000305175781,14.399999618530273,14.430000305175781,0,16.08399987220764,16.99119993209839,19.2997500705719
2025-08-18,14.989999771118164,14.989999771118164,15.949999809265137,14.949999809265137,15.729999542236328,0,16.000999879837035,16.921399936676025,19.275700073242188
2025-08-19,15.569999694824219,15.569999694824219,15.90999984741211,14.760000228881836,15.229999542236328,0,15.954499864578247,16.897399921417236,19.25685007095337
2025-08-20,15.6899995803833,15.6899995803833,17.190000534057617,15.569999694824219,15.949999809265137,0,15.970499849319458,16.86799991607666,19.233550066947938
2025-08-21,16.600000381469727,16.600000381469727,17.239999771118164,15.649999618530273,15.720000267028809,0,16.030999851226806,16.860999908447265,19.200750069618223
2025-08-22,14.220000267028809,14.220000267028809,16.829999923706055,14.210000038146973,16.809999465942383,0,15.995499849319458,16.800199909210207,19.162450075149536
2025-08-25,14.789999961853027,14.789999961853027,15.1899995803833,14.239999771118164,15.050000190734863,0,15.98349986076355,16.73559989929199,19.12650007724762
2025-08-26,14.619999885559082,14.619999885559082,15.75,14.619999885559082,15.75,0,15.915499877929687,16.61159990310669,19.097150077819823
2025-08-27,14.850000381469727,14.850000381469727,15.229999542236328,14.65999984741211,14.65999984741211,0,15.883999919891357,16.526399898529053,19.090050077438356
2025-08-28,14.430000305175781,14.430000305175781,14.6899995803833,14.119999885559082,14.420000076293945,0,15.769499969482421,16.382999897003174,19.08620007991791
2025-08-29,15.359999656677246,15.359999656677246,15.970000267028809,14.3100004196167,14.3100004196167,0,15.518499994277954,16.28739990234375,19.088300080299376
2025-09-02,17.170000076293945,17.170000076293945,19.3799991607666,16.549999237060547,16.649999618530273,0,15.500999975204468,16.21839988708496,19.099300079345703
2025-09-03,16.350000381469727,16.350000381469727,17.56999969482422,16.34000015258789,17.399999618530273,0,15.425999975204467,16.148799896240234,19.107500081062316
2025-09-04,15.300000190734863,15.300000190734863,16.350000381469727,15.279999732971191,16.219999313354492,0,15.352499961853027,16.105199909210206,19.113900079727173
2025-09-05,15.180000305175781,15.180000305175781,16.920000076293945,14.739999771118164,15.229999542236328,0,15.282999992370605,16.073599910736085,19.11825007915497
2025-09-08,15.109999656677246,15.109999656677246,15.649999618530273,14.989999771118164,15.579999923706055,0,15.280999994277954,16.04399990081787,19.113100080490113
2025-09-09,15.039999961853027,15.039999961853027,15.819999694824219,14.970000267028809,15.020000457763672,0,15.220499992370605,16.018399906158447,19.110400080680847
2025-09-10,15.350000381469727,15.350000381469727,15.630000114440918,14.630000114440918,14.979999542236328,0,15.251500034332276,15.990799922943115,19.105400080680848
2025-09-11,14.710000038146973,14.710000038146973,15.239999771118164,14.649999618530273,15.1899995803833,0,15.262500047683716,15.948399925231934,19.093150081634523
2025-09-12,14.760000228881836,14.760000228881836,14.970000267028809,14.40999984741211,14.619999885559082,0,15.259000062942505,15.910799942016602,19.082600078582765
2025-09-15,15.6899995803833,15.6899995803833,15.84000015258789,14.920000076293945,15.140000343322754,0,15.289000034332275,15.896999950408935,19.08485007762909
2025-09-16,16.360000610351562,16.360000610351562,16.3799991607666,15.4399995803833,15.600000381469727,0,15.357500076293945,15.86839994430542,19.0936500787735
2025-09-17,15.720000267028809,15.720000267028809,16.75,15.260000228881836,16.420000076293945,0,15.365000104904174,15.846599960327149,19.101750078201295
2025-09-18,15.699999809265137,15.699999809265137,15.800000190734863,14.329999923706055,14.930000305175781,0,15.365500116348267,15.841799964904785,19.109750075340273
2025-09-19,15.449999809265137,15.449999809265137,16.1299991607666,15.289999961853027,15.760000228881836,0,15.308000087738037,15.835199966430665,19.119450073242188
2025-09-22,16.100000381469727,16.100000381469727,16.350000381469727,15.779999732971191,16.139999389648438,0,15.402000093460083,15.829199981689452,19.133250074386595
2025-09-23,16.639999389648438,16.639999389648438,17.06999969482422,15.949999809265137,16.100000381469727,0,15.494500064849854,15.817999954223632,19.149950070381166
2025-09-24,16.18000030517578,16.18000030517578,17.209999084472656,16.18000030517578,16.56999969482422,0,15.572500085830688,15.793999977111817,19.163600072860717
2025-09-25,16.739999771118164,16.739999771118164,17.739999771118164,16.31999969482422,16.549999237060547,0,15.66700005531311,15.785599975585937,19.179600071907043
2025-09-26,15.289999961853027,15.289999961853027,17.049999237060547,15.289999961853027,16.889999389648438,0,15.710000038146973,15.760999965667725,19.19220006942749
2025-09-29,16.1200008392334,16.1200008392334,16.290000915527344,15.739999771118164,15.84000015258789,0,15.74800009727478,15.75519998550415,19.20185007572174
2025-09-30,16.280000686645508,16.280000686645508,16.700000762939453,16.020000457763672,16.489999771118164,0,15.703500127792358,15.747800006866456,19.21235007762909
2025-10-01,16.290000915527344,16.290000915527344,17.280000686645508,15.979999542236328,17.280000686645508,0,15.70050015449524,15.743600025177003,19.225900082588197
2025-10-02,16.6299991607666,16.6299991607666,16.920000076293945,15.930000305175781,16.1200008392334,0,15.767000102996827,15.768800010681153,19.23945007801056
2025-10-03,16.649999618530273,16.649999618530273,17.059999465942383,16.200000762939453,16.350000381469727,0,15.84050006866455,15.793999996185303,19.253650074005126
2025-10-06,16.3700008392334,16.3700008392334,17.09000015258789,16.290000915527344,16.739999771118164,0,15.903500127792359,15.822800006866455,19.262050080299378
2025-10-07,17.239999771118164,17.239999771118164,17.549999237060547,16.190000534057617,16.579999923706055,0,16.013500118255614,15.867000007629395,19.268900079727175
2025-10-08,16.299999237060547,16.299999237060547,17.200000762939453,16.229999542236328,17.170000076293945,0,16.061000061035156,15.873400001525878,19.21230007171631
2025-10-09,16.43000030517578,16.43000030517578,17.270000457763672,16.260000228881836,16.309999465942383,0,16.147000074386597,15.892400016784668,19.17400007247925
2025-10-10,21.65999984741211,21.65999984741211,22.440000534057617,16.229999542236328,16.360000610351562,0,16.49200005531311,15.99120002746582,19.19050006866455
2025-10-13,19.030000686645508,19.030000686645508,20.770000457763672,18.610000610351562,19.450000762939453,0,16.65900011062622,15.964200057983398,19.201750068664552
2025-10-14,20.809999465942383,20.809999465942383,22.940000534057617,19.18000030517578,21.459999084472656,0,16.881500053405762,16.030000038146973,19.234450063705445
2025-10-15,20.639999389648438,20.639999389648438,22.440000534057617,19.110000610351562,20.020000457763672,0,17.127500009536742,16.085800018310547,19.264000062942504
2025-10-16,25.309999465942383,25.309999465942383,25.43000030517578,19.850000381469727,20.489999771118164,0,17.607999992370605,16.256599998474123,19.31080006122589
2025-10-17,20.780000686645508,20.780000686645508,28.989999771118164,20.729999542236328,28.40999984741211,0,17.874500036239624,16.340800018310546,19.327700066566468
2025-10-20,18.229999542236328,18.229999542236328,21.020000457763672,18.229999542236328,20.530000686645508,0,17.980999994277955,16.402400016784668,19.3321000623703
2025-10-21,17.8700008392334,17.8700008392334,18.889999389648438,17.399999618530273,18.649999618530273,0,18.042500066757203,16.434800033569335,19.33180006504059
2025-10-22,18.600000381469727,18.600000381469727,21.010000228881836,17.729999542236328,17.84000015258789,0,18.1635000705719,16.512200050354004,19.344150071144103
2025-10-23,17.299999237060547,17.299999237060547,19.350000381469727,17.079999923706055,18.360000610351562,0,18.19150004386902,16.568400039672852,19.35045006275177
2025-10-24,16.3700008392334,16.3700008392334,17.219999313354492,16.020000457763672,17.020000457763672,0,18.245500087738037,16.5992000579834,19.343200068473816
2025-10-27,15.789999961853027,15.789999961853027,16.06999969482422,15.619999885559082,15.729999542236328,0,18.229000043869018,16.6132000541687,19.333650064468383
2025-10-28,16.420000076293945,16.420000076293945,16.549999237060547,15.65999984741211,15.949999809265137,0,18.23600001335144,16.641800060272217,19.318050060272217
2025-10-29,16.920000076293945,16.920000076293945,17.579999923706055,16.260000228881836,16.34000015258789,0,18.26749997138977,16.66880006790161,19.3067000579834
2025-10-30,16.90999984741211,16.90999984741211,17.40999984741211,15.729999542236328,16.260000228881836,0,18.281500005722044,16.69320007324219,19.297700061798096
2025-10-31,17.440000534057617,17.440000534057617,18.540000915527344,15.960000038146973,16.43000030517578,0,18.321000051498412,16.710000076293944,19.304300060272215
2025-11-03,17.170000076293945,17.170000076293945,18.829999923706055,17.0,18.059999465942383,0,18.36100001335144,16.769000072479248,19.307150058746338
2025-11-04,19.0,19.0,20.479999542236328,17.899999618530273,19.729999542236328,0,18.44900002479553,16.85320007324219,19.322300057411194
2025-11-05,18.010000228881836,18.010000228881836,20.020000457763672,17.309999465942383,19.3700008392334,0,18.534500074386596,16.92100008010864,19.33705005645752
2025-11-06,19.5,19.5,20.309999465942383,17.639999389648438,18.360000610351562,0,18.68800005912781,17.01400007247925,19.35905005455017
2025-11-07,19.079999923706055,19.079999923706055,22.719999313354492,19.079999923706055,19.520000457763672,0,18.559000062942506,17.107000064849853,19.379350051879882
2025-11-10,17.600000381469727,17.600000381469727,18.81999969482422,17.600000381469727,18.579999923706055,0,18.487500047683717,17.151800079345705,19.393100051879884
2025-11-11,17.280000686645508,17.280000686645508,18.010000228881836,17.25,17.899999618530273,0,18.311000108718872,17.154000091552735,19.39000005722046
2025-11-12,17.510000228881836,17.510000228881836,18.059999465942383,17.100000381469727,17.209999084472656,0,18.15450015068054,17.177200088500978,19.39550005912781
2025-11-13,20.0,20.0,21.309999465942383,17.510000228881836,17.610000610351562,0,17.889000177383423,17.271200084686278,19.412700061798095
2025-11-14,19.829999923706055,19.829999923706055,23.030000686645508,19.559999465942383,21.329999923706055,0,17.84150013923645,17.364200077056886,19.432650060653685
2025-11-17,22.3799991607666,22.3799991607666,23.440000534057617,19.540000915527344,19.579999923706055,0,18.049000120162965,17.50960006713867,19.462400054931642
2025-11-18,24.690000534057617,24.690000534057617,25.84000015258789,22.90999984741211,23.540000915527344,0,18.390000104904175,17.702600078582762,19.49275005340576
2025-11-19,23.65999984741211,23.65999984741211,24.790000915527344,21.93000030517578,24.520000457763672,0,18.643000078201293,17.86880006790161,19.52500005722046
2025-11-20,26.420000076293945,26.420000076293945,28.270000457763672,19.280000686645508,20.780000686645508,0,19.099000120162962,18.10300006866455,19.57825005531311
2025-11-21,23.43000030517578,23.43000030517578,27.84000015258789,22.540000915527344,25.969999313354492,0,19.452000093460082,18.27640007019043,19.61790005683899
2025-11-24,20.520000457763672,20.520000457763672,23.68000030517578,20.40999984741211,22.690000534057617,0,19.688500118255615,18.37300008773804,19.63780005455017
2025-11-25,18.559999465942383,18.559999465942383,21.770000457763672,18.389999389648438,20.549999237060547,0,19.795500087738038,18.417000064849855,19.6515500497818
2025-11-26,17.190000534057617,17.190000534057617,18.700000762939453,16.93000030517578,18.25,0,19.809000110626222,18.44640007019043,19.657400050163268
2025-11-28,16.350000381469727,16.350000381469727,18.520000457763672,15.779999732971191,17.40999984741211,0,19.7810001373291,18.45940008163452,19.659700050354004
2025-12-01,17.239999771118164,17.239999771118164,18.329999923706055,16.579999923706055,18.049999237060547,0,19.771000099182128,18.495200080871584,19.670400047302245
2025-12-02,16.59000015258789,16.59000015258789,17.309999465942383,16.389999389648438,17.280000686645508,0,19.742000102996826,18.505000076293946,19.67950004577637
2025-12-03,16.079999923706055,16.079999923706055,17.280000686645508,15.930000305175781,16.43000030517578,0,19.596000099182127,18.4938000869751,19.683150043487547
2025-12-04,15.779999732971191,15.779999732971191,16.6299991607666,15.680000305175781,16.229999542236328,0,19.484500074386595,18.485800075531007,19.685700039863587
2025-12-05,15.40999984741211,15.40999984741211,16.18000030517578,15.279999732971191,15.579999923706055,0,19.280000066757204,18.459200077056884,19.684450039863588
2025-12-08,16.65999984741211,16.65999984741211,17.09000015258789,16.100000381469727,16.149999618530273,0,19.159000062942503,18.486600074768067,19.676700043678284
2025-12-09,16.93000030517578,16.93000030517578,17.200000762939453,16.450000762939453,16.65999984741211,0,19.12550005912781,18.502800064086912,19.66645004749298
2025-12-10,15.770000457763672,15.770000457763672,17.65999984741211,15.5600004196167,16.940000534057617,0,19.050000047683717,18.49260005950928,19.64815004825592
2025-12-11,14.850000381469727,14.850000381469727,16.8799991607666,14.850000381469727,16.84000015258789,0,18.91700005531311,18.463800048828126,19.62690004825592
2025-12-12,15.739999771118164,15.739999771118164,17.850000381469727,14.850000381469727,14.989999771118164,0,18.70400004386902,18.446000061035157,19.59995005130768
2025-12-15,16.5,16.5,17.350000381469727,15.989999771118164,16.510000228881836,0,18.537500047683714,18.44300006866455,19.584300055503846
2025-12-16,16.479999542236328,16.479999542236328,17.610000610351562,16.190000534057617,17.280000686645508,0,18.242500066757202,18.445200042724608,19.552800049781798
2025-12-17,17.6200008392334,17.6200008392334,18.0,15.819999694824219,16.450000762939453,0,17.88900008201599,18.452800064086915,19.523350052833557
2025-12-18,16.8700008392334,16.8700008392334,17.68000030517578,15.930000305175781,17.610000610351562,0,17.549500131607054,18.46420009613037,19.498050055503846
2025-12-19,14.90999984741211,14.90999984741211,16.530000686645508,14.90999984741211,16.309999465942383,0,16.974000120162962,18.433800086975097,19.44825005054474
2025-12-22,14.079999923706055,14.079999923706055,15.260000228881836,14.029999732971191,15.15999984741211,0,16.50650010108948,18.282200088500975,19.401800045967104
2025-12-23,14.0,14.0,14.449999809265137,13.640000343322754,14.09000015258789,0,16.180500078201295,18.181600074768067,19.332500042915346
2025-12-24,13.470000267028809,13.470000267028809,14.15999984741211,13.380000114440918,14.09000015258789,0,15.926000118255615,18.034800090789794,19.265250043869017
2025-12-26,13.600000381469727,13.600000381469727,14.289999961853027,13.520000457763672,14.119999885559082,0,15.74650011062622,17.89400011062622,19.212100048065185
2025-12-29,14.199999809265137,14.199999809265137,15.079999923706055,13.989999771118164,14.6899995803833,0,15.639000082015992,17.671800117492676,19.15980004787445
2025-12-30,14.329999923706055,14.329999923706055,14.619999885559082,14.039999961853027,14.430000305175781,0,15.493500089645385,17.542800102233887,19.122600045204162
2025-12-31,14.949999809265137,14.949999809265137,15.170000076293945,14.380000114440918,14.770000457763672,0,15.411500072479248,17.47720010757446,19.09480004310608
2026-01-02,14.510000228881836,14.510000228881836,15.420000076293945,14.460000038146973,14.850000381469727,0,15.333000087738037,17.410000095367433,19.05885004043579
2026-01-05,14.899999618530273,14.899999618530273,15.270000457763672,14.649999618530273,15.140000343322754,0,15.289000082015992,17.336000080108644,19.03385004043579
2026-01-06,14.75,14.75,15.210000038146973,14.630000114440918,15.0,0,15.256000089645386,17.285000095367433,19.00860004425049
2026-01-07,15.380000114440918,15.380000114440918,15.479999542236328,14.829999923706055,14.949999809265137,0,15.192000102996825,17.265200080871583,18.989100041389467
2026-01-08,15.449999809265137,15.449999809265137,15.850000381469727,15.149999618530273,15.6899995803833,0,15.118000078201295,17.258400077819825,18.97895004272461
2026-01-09,14.489999771118164,14.489999771118164,15.8100004196167,14.430000305175781,15.680000305175781,0,15.054000043869019,17.219800071716307,18.96565004348755
2026-01-12,15.119999885559082,15.119999885559082,16.65999984741211,15.029999732971191,16.059999465942383,0,15.067500019073487,17.18380006790161,18.949600043296815
2026-01-13,15.979999542236328,15.979999542236328,16.5,14.75,15.359999656677246,0,15.079500007629395,17.165200061798096,18.936050038337708
2026-01-14,16.75,16.75,18.100000381469727,16.219999313354492,16.329999923706055,0,15.092000007629395,17.151400051116944,18.911550040245057
2026-01-15,15.84000015258789,15.84000015258789,16.540000915527344,15.300000190734863,16.520000457763672,0,15.060000038146972,17.124800052642822,18.879350037574767
2026-01-16,15.859999656677246,15.859999656677246,16.290000915527344,15.300000190734863,15.4399995803833,0,14.971999979019165,17.06200004577637,18.849800033569338
2026-01-20,20.09000015258789,20.09000015258789,20.989999771118164,18.639999389648438,19.940000534057617,0,15.13299994468689,17.103600044250488,18.842700033187867
2026-01-21,16.899999618530273,16.899999618530273,20.809999465942383,16.670000076293945,19.309999465942383,0,15.232499933242797,17.051600036621092,18.7771000289917
2026-01-22,15.640000343322754,15.640000343322754,16.670000076293945,15.270000457763672,16.649999618530273,0,15.310499954223634,16.982800045013427,18.628750023841857
2026-01-23,16.09000015258789,16.09000015258789,16.209999084472656,15.300000190734863,15.680000305175781,0,15.414999961853027,16.95260004043579,18.474300026893616
2026-01-26,16.149999618530273,16.149999618530273,17.389999389648438,15.800000190734863,16.899999618530273,0,15.548999929428101,16.930000019073486,18.293400015830994
2026-01-27,16.350000381469727,16.350000381469727,16.3700008392334,15.739999771118164,16.020000457763672,0,15.6864999294281,16.906800022125243,18.207050023078917
2026-01-28,16.350000381469727,16.350000381469727,17.18000030517578,16.049999237060547,16.09000015258789,0,15.79399995803833,16.833800029754638,18.08520001888275
2026-01-29,16.8799991607666,16.8799991607666,19.739999771118164,16.020000457763672,16.040000915527344,0,15.921499919891357,16.77480001449585,17.98180000782013
2026-01-30,17.440000534057617,17.440000534057617,19.270000457763672,16.670000076293945,18.719999313354492,0,16.04599995613098,16.67600004196167,17.914550013542176
2026-02-02,16.34000015258789,16.34000015258789,19.959999084472656,16.079999923706055,19.950000762939453,0,16.137499952316283,16.509000034332274,17.845650010108947
2026-02-03,18.0,18.0,20.3700008392334,16.049999237060547,16.15999984741211,0,16.29249997138977,16.395800037384035,17.772450013160707
2026-02-04,18.639999389648438,18.639999389648438,21.239999771118164,17.469999313354492,17.6299991607666,0,16.48699994087219,16.240200023651123,17.717400012016295
2026-02-05,21.770000457763672,21.770000457763672,23.100000381469727,19.059999465942383,19.239999771118164,0,16.80649995803833,16.207000026702882,17.657150015830993
2026-02-06,20.3700008392334,20.3700008392334,21.489999771118164,19.989999771118164,21.239999771118164,0,17.052500009536743,16.204000034332275,17.606150021553038
2026-02-09,17.360000610351562,17.360000610351562,19.200000762939453,16.899999618530273,17.950000762939453,0,17.196000051498412,16.180000057220457,17.5507000207901
2026-02-10,17.790000915527344,17.790000915527344,17.969999313354492,17.139999389648438,17.469999313354492,0,17.329500102996825,16.192000064849854,17.507300028800966
2026-02-11,17.649999618530273,17.649999618530273,18.959999084472656,16.75,17.8700008392334,0,17.413000106811523,16.218000049591065,17.471350026130676
2026-02-12,20.81999969482422,20.81999969482422,21.209999084472656,17.079999923706055,17.440000534057617,0,17.616500091552734,16.289600048065186,17.449700026512147
2026-02-13,20.600000381469727,20.600000381469727,22.399999618530273,18.920000076293945,21.479999542236328,0,17.854500102996827,16.369800052642823,17.431850028038024
2026-02-17,20.290000915527344,20.290000915527344,22.959999084472656,19.760000228881836,21.739999771118164,0,18.07600016593933,16.454000072479246,17.409800028800966
2026-02-18,19.6200008392334,19.6200008392334,20.34000015258789,18.479999542236328,19.780000686645508,0,18.052500200271606,16.53080009460449,17.38490003108978
2026-02-19,20.229999542236328,20.229999542236328,21.110000610351562,19.229999542236328,19.34000015258789,0,18.21900019645691,16.627200088500977,17.372650027275085
2026-02-20,19.09000015258789,19.09000015258789,21.209999084472656,18.760000228881836,20.040000915527344,0,18.391500186920165,16.675800094604494,17.34990003108978
2026-02-23,21.010000228881836,21.010000228881836,22.040000915527344,19.5,20.489999771118164,0,18.637500190734862,16.757400093078612,17.331150031089784
2026-02-24,19.549999237060547,19.549999237060547,22.079999923706055,19.229999542236328,21.239999771118164,0,18.807500171661378,16.83300006866455,17.31115003108978
2026-02-25,17.93000030517578,17.93000030517578,19.6200008392334,17.860000610351562,19.59000015258789,0,18.88650016784668,16.894600067138672,17.28840003490448
2026-02-26,18.6299991607666,18.6299991607666,20.540000915527344,17.5,18.06999969482422,0,19.000500106811522,16.95240005493164,17.272050032615663
2026-02-27,19.860000610351562,19.860000610351562,21.739999771118164,18.770000457763672,19.280000686645508,0,19.149500179290772,17.019600067138672,17.279400038719178
2026-03-02,21.440000534057617,21.440000534057617,25.239999771118164,20.3700008392334,24.65999984741211,0,19.34950017929077,17.1188000869751,17.295500044822692
2026-03-03,23.56999969482422,23.56999969482422,28.149999618530273,22.18000030517578,24.56999969482422,0,19.711000156402587,17.237800064086915,17.320250039100646
2026-03-04,21.149999618530273,21.149999618530273,24.8700008392334,20.399999618530273,24.389999389648438,0,19.8685001373291,17.32340003967285,17.336850037574767
2026-03-05,23.75,23.75,25.84000015258789,20.549999237060547,22.110000610351562,0,20.12400016784668,17.50020004272461,17.369400038719178
2026-03-06,29.489999771118164,29.489999771118164,29.93000030517578,22.920000076293945,23.200000762939453,0,20.510000133514403,17.80840003967285,17.426150040626524
2026-03-09,25.5,25.5,35.29999923706055,24.760000228881836,35.119998931884766,0,20.766500091552736,18.03840003967285,17.463200039863587
2026-03-10,24.93000030517578,24.93000030517578,26.010000228881836,22.190000534057617,24.389999389648438,0,21.145000076293947,18.26760004043579,17.4835000371933
2026-03-11,24.229999542236328,24.229999542236328,26.229999542236328,23.75,24.899999618530273,0,21.467000007629395,18.480200023651122,17.503250031471254
2026-03-12,27.290000915527344,27.290000915527344,27.329999923706055,24.600000381469727,25.479999542236328,0,21.949000072479247,18.74200004577637,17.528250031471252
2026-03-13,27.190000534057617,27.190000534057617,28.469999313354492,24.670000076293945,27.850000381469727,0,22.267500114440917,18.999200057983398,17.569400038719177
2026-03-16,23.510000228881836,23.510000228881836,26.420000076293945,23.229999542236328,25.8799991607666,0,22.413000106811523,19.170400066375734,17.590400042533876
2026-03-17,22.3700008392334,22.3700008392334,24.579999923706055,21.8700008392334,24.559999465942383,0,22.517000102996825,19.327600078582762,17.606350045204163
2026-03-18,25.09000015258789,25.09000015258789,25.1299991607666,21.469999313354492,21.510000228881836,0,22.79050006866455,19.531400089263915,17.63895004749298
2026-03-19,24.059999465942383,24.059999465942383,27.520000457763672,23.540000915527344,25.600000381469727,0,22.982000064849853,19.717600078582763,17.667450041770934
2026-03-20,26.780000686645508,26.780000686645508,29.280000686645508,23.68000030517578,24.459999084472656,0,23.366500091552734,19.945600090026854,17.712900042533875
2026-03-23,26.149999618530273,26.149999618530273,31.040000915527344,20.280000686645508,30.040000915527344,0,23.623500061035156,20.15960008621216,17.75560003757477
2026-03-24,26.950000762939453,26.950000762939453,27.940000534057617,25.639999389648438,25.90999984741211,0,23.9935001373291,20.408800106048584,17.797950043678284
2026-03-25,25.329999923706055,25.329999923706055,26.670000076293945,24.81999969482422,25.790000915527344,0,24.363500118255615,20.613000106811523,17.840750041007997
2026-03-26,27.440000534057617,27.440000534057617,28.489999771118164,26.1200008392334,26.489999771118164,0,24.804000186920167,20.84220012664795,17.892150044441223
2026-03-27,31.049999237060547,31.049999237060547,31.649999618530273,27.540000915527344,27.540000915527344,0,25.363500118255615,21.12820011138916,17.96265003681183
2026-03-30,30.610000610351562,30.610000610351562,31.520000457763672,29.329999923706055,30.790000915527344,0,25.822000122070314,21.423600120544435,18.029400038719178
2026-03-31,25.25,25.25,29.639999389648438,25.079999923706055,29.530000686645508,0,25.9060001373291,21.61140012741089,18.06555003643036
2026-04-01,24.540000915527344,24.540000915527344,25.350000381469727,23.5,24.299999237060547,0,26.075500202178954,21.70040014266968,18.084150042533874
2026-04-02,23.8700008392334,23.8700008392334,27.889999389648438,23.8700008392334,26.780000686645508,0,26.081500244140624,21.83980016708374,18.107950043678283
2026-04-06,24.170000076293945,24.170000076293945,25.299999237060547,23.780000686645508,24.93000030517578,0,25.815500259399414,22.010400161743163,18.120800042152403
2026-04-07,25.780000686645508,25.780000686645508,28.0,24.34000015258789,25.09000015258789,0,25.82950029373169,22.204200172424315,18.14900004863739
2026-04-08,21.040000915527344,21.040000915527344,22.170000076293945,19.90999984741211,20.969999313354492,0,25.63500032424927,22.302000198364258,18.15110004901886
2026-04-09,19.489999771118164,19.489999771118164,21.6299991607666,19.450000762939453,21.25,0,25.39800033569336,22.364800186157225,18.14940004825592
2026-04-10,19.229999542236328,19.229999542236328,20.280000686645508,18.829999923706055,19.709999084472656,0,24.995000267028807,22.42240016937256,18.15815004825592
2026-04-13,19.1200008392334,19.1200008392334,21.579999923706055,18.959999084472656,21.170000076293945,0,24.591500282287598,22.467200202941896,18.16995005130768
2026-04-14,18.360000610351562,18.360000610351562,18.760000228881836,17.889999389648438,18.729999542236328,0,24.334000301361083,22.485600204467772,18.178800053596497
2026-04-15,18.170000076293945,18.170000076293945,18.5,17.399999618530273,18.18000030517578,0,24.12400026321411,22.522200202941896,18.188050055503844
2026-04-16,17.940000534057617,17.940000534057617,19.09000015258789,17.760000228881836,18.040000915527344,0,23.7665002822876,22.521000213623047,18.19410006046295
2026-04-17,17.479999542236328,17.479999542236328,18.239999771118164,16.8700008392334,18.18000030517578,0,23.437500286102296,22.497800216674804,18.197350058555603
2026-04-20,18.8700008392334,18.8700008392334,19.989999771118164,18.770000457763672,19.579999923706055,0,23.04200029373169,22.4398002243042,18.208500065803527
2026-04-21,19.5,19.5,20.850000381469727,18.75,19.18000030517578,0,22.709500312805176,22.42240020751953,18.224100069999693
2026-04-22,18.920000076293945,18.920000076293945,19.540000915527344,18.68000030517578,19.030000686645508,0,22.3080002784729,22.45360019683838,18.22975006580353
2026-04-23,19.309999465942383,19.309999465942383,21.559999465942383,18.700000762939453,19.420000076293945,0,22.007000255584718,22.48400016784668,18.24225006580353
2026-04-24,18.709999084472656,18.709999084472656,19.350000381469727,18.459999084472656,18.889999389648438,0,21.57050018310547,22.50520015716553,18.256100063323974
2026-04-27,18.020000457763672,18.020000457763672,19.270000457763672,18.020000457763672,19.209999084472656,0,20.919000244140626,22.449200172424316,18.267300066947936
2026-04-28,17.829999923706055,17.829999923706055,19.43000030517578,17.780000686645508,18.299999237060547,0,20.28000020980835,22.39380016326904,18.274450068473815
2026-04-29,18.809999465942383,18.809999465942383,19.0,17.809999465942383,17.829999923706055,0,19.95800018310547,22.364200134277343,18.28250006198883
2026-04-30,16.889999389648438,16.889999389648438,18.729999542236328,16.8700008392334,18.68000030517578,0,19.575500106811525,22.309600105285643,18.28005006313324
2026-05-01,16.989999771118164,16.989999771118164,17.389999389648438,16.440000534057617,17.010000228881836,0,19.23150005340576,22.24480010986328,18.27920006275177
2026-05-04,18.290000915527344,18.290000915527344,19.079999923706055,17.149999618530273,17.3799991607666,0,18.937500095367433,22.22880012512207,18.28805006504059
2026-05-05,17.3799991607666,17.3799991607666,18.020000457763672,17.200000762939453,17.950000762939453,0,18.517500019073488,22.156200103759765,18.292900061607362
2026-05-06,17.389999389648438,17.389999389648438,17.459999084472656,16.18000030517578,17.149999618530273,0,18.33499994277954,22.113000106811523,18.29660006046295
2026-05-07,17.079999923706055,17.079999923706055,17.600000381469727,16.850000381469727,17.530000686645508,0,18.214499950408936,22.096000099182127,18.29950006008148
2026-05-08,17.190000534057617,17.190000534057617,17.530000686645508,16.81999969482422,17.3700008392334,0,18.1125,22.06720012664795,18.308600063323976
2026-05-11,18.3799991607666,18.3799991607666,18.469999313354492,17.899999618530273,18.209999084472656,0,18.07549991607666,22.03760009765625,18.323550057411193
2026-05-12,17.989999771118164,17.989999771118164,19.100000381469727,17.920000076293945,18.770000457763672,0,18.05699987411499,21.96860008239746,18.338850054740906
2026-05-13,17.8700008392334,17.8700008392334,18.399999618530273,17.760000228881836,17.979999542236328,0,18.041999912261964,21.854600105285645,18.353050060272217
2026-05-14,17.260000228881836,17.260000228881836,18.079999923706055,17.200000762939453,17.860000610351562,0,18.007999897003174,21.776800117492677,18.359450063705445
2026-05-15,18.43000030517578,18.43000030517578,19.270000457763672,17.799999237060547,18.06999969482422,0,18.055499935150145,21.670400123596192,18.374200067520142
2026-05-18,17.81999969482422,17.81999969482422,19.440000534057617,17.700000762939453,19.25,0,18.00299987792969,21.437000122070312,18.37970006942749
2026-05-19,18.059999465942383,18.059999465942383,18.360000610351562,17.65999984741211,18.010000228881836,0,17.930999851226808,21.28820011138916,18.368100070953368
2026-05-20,17.440000534057617,17.440000534057617,18.18000030517578,17.1299991607666,18.170000076293945,0,17.85699987411499,21.138400115966796,18.367700071334838
2026-05-21,16.760000228881836,16.760000228881836,17.8700008392334,16.600000381469727,17.579999923706055,0,17.729499912261964,20.989000129699708,18.3622500705719
2026-05-22,16.700000762939453,16.700000762939453,17.389999389648438,16.459999084472656,16.829999923706055,0,17.628999996185303,20.777200126647948,18.36190007209778
2026-05-25,16.59000015258789,16.59000015258789,16.8700008392334,16.530000686645508,16.809999465942383,0,17.557499980926515,20.565200119018556,18.362000074386597
2026-05-26,17.010000228881836,17.010000228881836,17.229999542236328,16.559999465942383,16.920000076293945,0,17.516499996185303,20.435200119018553,18.371300077438356
2026-05-27,16.290000915527344,16.290000915527344,17.18000030517578,16.290000915527344,17.010000228881836,0,17.39050006866455,20.313600120544432,18.37150008201599
2026-05-28,15.739999771118164,15.739999771118164,16.850000381469727,15.609999656677246,16.760000228881836,0,17.333000087738036,20.12660011291504,18.3765500831604
2026-05-29,15.319999694824219,15.319999694824219,15.880000114440918,15.220000267028809,15.8100004196167,0,17.24950008392334,19.951800117492677,18.38070008277893
2026-06-01,16.049999237060547,16.049999237060547,16.34000015258789,15.710000038146973,15.880000114440918,0,17.1375,19.737200088500977,18.386800079345704
2026-06-02,15.770000457763672,15.770000457763672,16.290000915527344,15.710000038146973,16.280000686645508,0,17.057000064849852,19.529600105285645,18.390200080871583
2026-06-03,16.059999465942383,16.059999465942383,16.6299991607666,15.9399995803833,15.970000267028809,0,16.990500068664552,19.3118000793457,18.395550079345703
2026-06-04,15.399999618530273,15.399999618530273,16.799999237060547,15.180000305175781,16.329999923706055,0,16.90650005340576,19.113200073242187,18.394700078964235
2026-06-05,21.510000228881836,21.510000228881836,21.56999969482422,15.5600004196167,15.869999885559082,0,17.122500038146974,18.994600067138673,18.423800082206725
2026-06-08,18.920000076293945,18.920000076293945,20.350000381469727,17.940000534057617,20.290000915527344,0,17.14950008392334,18.75200008392334,18.435400080680846
2026-06-09,19.8700008392334,19.8700008392334,23.34000015258789,17.520000457763672,18.190000534057617,0,17.2435001373291,18.537200088500978,18.46365008354187
2026-06-10,22.219999313354492,22.219999313354492,22.65999984741211,20.059999465942383,20.100000381469727,0,17.461000061035158,18.476600074768065,18.500800080299378
2026-06-11,19.440000534057617,19.440000534057617,22.59000015258789,19.360000610351562,21.25,0,17.570000076293944,18.374600067138672,18.52490008354187
2026-06-12,17.68000030517578,17.68000030517578,19.850000381469727,17.59000015258789,19.510000228881836,0,17.532500076293946,18.25080005645752,18.5390500831604
2026-06-15,16.200000762939453,16.200000762939453,16.850000381469727,15.979999542236328,16.780000686645508,0,17.451500129699706,18.09140007019043,18.547900085449218
2026-06-16,16.40999984741211,16.40999984741211,16.440000534057617,15.770000457763672,16.200000762939453,0,17.369000148773193,17.904000053405763,18.553150086402894
2026-06-17,18.440000534057617,18.440000534057617,18.84000015258789,16.020000457763672,16.079999923706055,0,17.419000148773193,17.852000045776368,18.55950008869171
2026-06-18,16.399999618530273,16.399999618530273,17.600000381469727,16.350000381469727,17.229999542236328,0,17.401000118255617,17.79020004272461,18.559750084877013
2026-06-22,17.280000686645508,17.280000686645508,17.920000076293945,16.489999771118164,17.479999542236328,0,17.43000011444092,17.751200065612792,18.569650087356568
2026-06-23,19.489999771118164,19.489999771118164,20.540000915527344,18.610000610351562,19.670000076293945,0,17.575000095367432,17.75860004425049,18.591200084686278
2026-06-24,18.6299991607666,18.6299991607666,20.34000015258789,18.040000915527344,19.1299991607666,0,17.65600004196167,17.764000015258787,18.608800082206727
2026-06-25,18.889999389648438,18.889999389648438,19.950000762939453,17.719999313354492,18.110000610351562,0,17.785999965667724,17.778400001525878,18.6280500793457
2026-06-26,18.40999984741211,18.40999984741211,20.719999313354492,18.200000762939453,19.700000762939453,0,17.919499969482423,17.78779998779297,18.643350076675414
2026-06-29,17.649999618530273,17.649999618530273,19.450000762939453,17.489999771118164,18.600000381469727,0,18.035999965667724,17.791199989318848,18.658050074577332
2026-06-30,16.450000762939453,16.450000762939453,17.75,16.270000457763672,17.540000915527344,0,18.05600004196167,17.742799987792967,18.66650007724762
2026-07-01,16.59000015258789,16.59000015258789,17.299999237060547,15.970000267028809,17.110000610351562,0,18.09700002670288,17.684599990844728,18.67100008010864
2026-07-02,16.149999618530273,16.149999618530273,17.209999084472656,15.789999961853027,17.049999237060547,0,18.101500034332275,17.629199981689453,18.669950075149536
2026-07-06,15.569999694824219,15.569999694824219,16.5,15.5600004196167,16.399999618530273,0,18.11000003814697,17.55439998626709,18.669200072288515
2026-07-07,16.1299991607666,16.1299991607666,16.639999389648438,15.529999732971191,15.869999885559082,0,17.84099998474121,17.50279998779297,18.67135006904602
2026-07-08,16.899999618530273,16.899999618530273,18.90999984741211,16.350000381469727,16.549999237060547,0,17.739999961853027,17.4803999710083,18.678600068092347
2026-07-09,15.84000015258789,15.84000015258789,17.270000457763672,15.760000228881836,16.579999923706055,0,17.538499927520753,17.440599975585936,18.677300066947936
2026-07-10,15.029999732971191,15.029999732971191,16.15999984741211,14.960000038146973,16.059999465942383,0,17.178999948501588,17.364999980926513,18.66925006866455
2026-07-13,17.15999984741211,17.15999984741211,17.40999984741211,16.030000686645508,16.31999969482422,0,17.064999914169313,17.370399990081786,18.67415006637573
2026-07-14,16.5,16.5,17.559999465942383,16.149999618530273,17.209999084472656,0,17.005999898910524,17.360599994659424,18.67295006752014
2026-07-15,15.670000076293945,15.670000076293945,16.56999969482422,15.640000343322754,16.200000762939453,0,16.979499864578248,17.308199977874757,18.674850068092347
2026-07-16,16.729999542236328,16.729999542236328,17.229999542236328,15.770000457763672,15.819999694824219,0,16.995499849319458,17.29519998550415,18.67790006160736
2026-07-17,18.770000457763672,18.770000457763672,19.5,17.68000030517578,18.010000228881836,0,17.01199984550476,17.322800006866455,18.69035006046295
2026-07-20,18.649999618530273,18.649999618530273,18.940000534057617,17.40999984741211,18.899999618530273,0,17.12449984550476,17.35420000076294,18.702150053977967
2026-07-21,17.049999237060547,17.049999237060547,17.989999771118164,16.860000610351562,17.479999542236328,0,17.112999773025514,17.351399974822996,18.704250054359434
2026-07-22,16.639999389648438,16.639999389648438,19.489999771118164,16.639999389648438,17.420000076293945,0,16.970499753952026,17.316599979400635,18.704200053215025
2026-07-23,18.700000762939453,18.700000762939453,20.309999465942383,17.31999969482422,17.670000076293945,0,16.97399983406067,17.330799999237062,18.715850052833556
2026-07-24,18.579999923706055,18.579999923706055,19.049999237060547,17.40999984741211,18.959999084472656,0,16.95849986076355,17.344999980926513,18.722550053596496
2026-07-27,18.670000076293945,18.670000076293945,19.93000030517578,17.530000686645508,17.6200008392334,0,16.97149987220764,17.373199977874755,18.734400057792662
2026-07-28,18.209999084472656,18.209999084472656,19.520000457763672,17.8799991607666,19.049999237060547,0,16.99949984550476,17.368799953460694,18.743300051689147
2026-07-29,20.65999984741211,20.65999984741211,20.8799991607666,17.450000762939453,18.270000457763672,0,17.209999799728394,17.42559995651245,18.738300051689148
2026-07-30,17.09000015258789,17.09000015258789,20.079999923706055,17.0,19.559999465942383,0,17.234999799728392,17.40619997024536,18.72860004901886
2026-07-31,15.989999771118164,15.989999771118164,18.700000762939453,15.819999694824219,16.81999969482422,0,17.22699980735779,17.377199954986573,18.704500050544738
2026-08-03,15.859999656677246,15.859999656677246,16.299999237060547,15.539999961853027,16.030000686645508,0,17.241499805450438,17.35919994354248,18.680600051879882
2026-08-04,16.5,16.5,16.649999618530273,15.510000228881836,15.760000228881836,0,17.25999984741211,17.355199928283692,18.63655005455017
2026-08-05,15.8100004196167,15.8100004196167,18.43000030517578,15.479999542236328,16.149999618530273,0,17.20549988746643,17.339599933624267,18.611700053215028
2026-08-06,15.149999618530273,15.149999618530273,16.030000686645508,15.109999656677246,15.829999923706055,0,17.17099986076355,17.302399921417237,18.596300053596497
2026-08-07,14.899999618530273,14.899999618530273,15.359999656677246,14.770000457763672,15.300000190734863,0,17.164499855041505,17.274599895477294,18.581450047492982
2026-08-10,15.460000038146973,15.460000038146973,15.720000267028809,15.100000381469727,15.399999618530273,0,17.079499864578246,17.26899990081787,18.56575004577637
2026-08-11,15.279999732971191,15.279999732971191,15.609999656677246,15.229999542236328,15.420000076293945,0,17.018499851226807,17.26819990158081,18.55565004825592
2026-08-12,14.550000190734863,14.550000190734863,15.420000076293945,14.390000343322754,15.279999732971191,0,16.962499856948853,17.238199920654296,18.54655004501343
2026-08-13,14.630000114440918,14.630000114440918,14.800000190734863,14.390000343322754,14.680000305175781,0,16.857499885559083,17.21539991378784,18.540750045776367
2026-08-14,14.25,14.25,14.720000267028809,14.180000305175781,14.640000343322754,0,16.6314998626709,17.179199924468993,18.529900045394896
2026-08-17,15.1899995803833,15.1899995803833,15.470000267028809,14.890000343322754,14.979999542236328,0,16.45849986076355,17.174999923706054,18.521250042915344
2026-08-18,15.84000015258789,15.84000015258789,16.09000015258789,15.600000381469727,15.8100004196167,0,16.397999906539916,17.061599922180175,18.515900044441224
2026-08-19,14.890000343322754,14.890000343322754,15.949999809265137,14.770000457763672,15.920000076293945,0,16.310499954223634,16.980999927520752,18.503150043487548
2026-08-20,16.010000228881836,16.010000228881836,16.139999389648438,14.90999984741211,14.90999984741211,0,16.175999927520753,16.90379991531372,18.49735004425049
2026-08-21,15.130000114440918,15.130000114440918,15.880000114440918,15.079999923706055,15.819999694824219,0,16.003499937057494,16.76199993133545,18.478000044822693
