Date,AvailableFrom,Market,ContractCode,OpenInterest,Dealer_Long,Dealer_Short,Dealer_Net,Dealer_Net_pctOI,AssetMgr_Long,AssetMgr_Short,AssetMgr_Net,AssetMgr_Net_pctOI,LevMoney_Long,LevMoney_Short,LevMoney_Net,LevMoney_Net_pctOI,OtherRept_Long,OtherRept_Short,OtherRept_Net,NonRept_Long,NonRept_Short,NonRept_Net,TradersTotal,DataCollectedAt
2020-08-04,2020-08-08,MICRO E-MINI NASDAQ-100 INDEX - CHICAGO MERCANTILE EXCHANGE,209747,58862,1420,4522,-3102,-5.26995345044341,0,0,0,0.0,40291,32166,8125,13.803472528966058,510,1314,-804,16507,20726,-4219,22,2026-09-29
2020-08-11,2020-08-15,MICRO E-MINI NASDAQ-100 INDEX - CHICAGO MERCANTILE EXCHANGE,209747,62875,1562,704,858,1.3646123260437375,0,0,0,0.0,29444,45573,-16129,-25.652485089463223,592,1527,-935,30951,14745,16206,20,2026-09-29
2020-08-18,2020-08-22,MICRO E-MINI NASDAQ-100 INDEX - CHICAGO MERCANTILE EXCHANGE,209747,75489,2049,771,1278,1.6929618884870643,0,0,0,0.0,60419,5251,55168,73.08084621600499,2786,1914,872,9924,67242,-57318,24,2026-09-29
2020-08-25,2020-08-29,MICRO E-MINI NASDAQ-100 INDEX - CHICAGO MERCANTILE EXCHANGE,209747,82191,0,301,-301,-0.3662201457580514,0,0,0,0.0,68662,21072,47590,57.90171673297563,2567,835,1732,10617,59638,-49021,20,2026-09-29
2020-09-01,2020-09-05,MICRO E-MINI NASDAQ-100 INDEX - CHICAGO MERCANTILE EXCHANGE,209747,95075,751,606,145,0.1525111753878517,0,0,0,0.0,78946,37018,41928,44.09992111490928,2625,564,2061,12421,56555,-44134,20,2026-09-29
2020-09-08,2020-09-12,MICRO E-MINI NASDAQ-100 INDEX - CHICAGO MERCANTILE EXCHANGE,209747,101735,1432,641,791,0.7775101980635966,0,0,0,0.0,71599,20336,51263,50.3887550990318,3008,370,2638,23694,78386,-54692,20,2026-09-29
2020-10-06,2020-10-10,MICRO E-MINI NASDAQ-100 INDEX - CHICAGO MERCANTILE EXCHANGE,209747,64039,0,0,0,0.0,0,0,0,0.0,40805,32218,8587,13.409016380643045,226,9338,-9112,19254,18729,525,20,2026-09-29
2020-10-20,2020-10-24,MICRO E-MINI NASDAQ-100 INDEX - CHICAGO MERCANTILE EXCHANGE,209747,142782,0,0,0,0.0,0,0,0,0.0,114297,7836,106461,74.56191956969366,426,9976,-9550,22253,119164,-96911,23,2026-09-29
2020-11-24,2020-11-28,MICRO E-MINI NASDAQ-100 INDEX - CHICAGO MERCANTILE EXCHANGE,209747,163372,0,579,-579,-0.3544058957471292,0,0,0,0.0,140672,8379,132293,80.97654432828146,270,7787,-7517,16242,140439,-124197,20,2026-09-29
2020-12-01,2020-12-05,MICRO E-MINI NASDAQ-100 INDEX - CHICAGO MERCANTILE EXCHANGE,209747,168415,217,245,-28,-0.016625597482409524,0,0,0,0.0,146762,14393,132369,78.59691832675236,270,4643,-4373,14638,142606,-127968,22,2026-09-29
2020-12-08,2020-12-12,MICRO E-MINI NASDAQ-100 INDEX - CHICAGO MERCANTILE EXCHANGE,209747,179423,0,558,-558,-0.3109969178979283,0,0,0,0.0,157073,23219,133854,74.60247571381595,230,4154,-3924,15346,144718,-129372,20,2026-09-29
2021-01-12,2021-01-16,MICRO E-MINI NASDAQ-100 INDEX - CHICAGO MERCANTILE EXCHANGE,209747,74147,0,1131,-1131,-1.5253482946039625,243,0,243,0.327727352421541,37057,54706,-17649,-23.802716225875624,230,2351,-2121,35573,14915,20658,20,2026-09-29
2021-01-26,2021-01-30,MICRO E-MINI NASDAQ-100 INDEX - CHICAGO MERCANTILE EXCHANGE,209747,85161,320,1896,-1576,-1.8506123695118657,355,0,355,0.41685748171111187,53335,55595,-2260,-2.653796925822853,497,973,-476,29471,25514,3957,21,2026-09-29
2021-02-02,2021-02-06,MICRO E-MINI NASDAQ-100 INDEX - CHICAGO MERCANTILE EXCHANGE,209747,72334,420,0,420,0.5806398097713386,348,0,348,0.48110155666768045,51647,4702,46945,64.90032349932258,685,2369,-1684,16949,62978,-46029,21,2026-09-29
2021-02-09,2021-02-13,MICRO E-MINI NASDAQ-100 INDEX - CHICAGO MERCANTILE EXCHANGE,209747,68297,420,697,-277,-0.4055815043120488,331,0,331,0.48464793475555296,46222,2883,43339,63.456667203537485,937,2680,-1743,18008,59658,-41650,23,2026-09-29
2021-02-16,2021-02-20,MICRO E-MINI NASDAQ-100 INDEX - CHICAGO MERCANTILE EXCHANGE,209747,60941,420,1197,-777,-1.2750036920956336,336,0,336,0.551352947933247,35337,3545,31792,52.168490835398174,1269,1751,-482,20838,51707,-30869,25,2026-09-29
2021-02-23,2021-02-27,MICRO E-MINI NASDAQ-100 INDEX - CHICAGO MERCANTILE EXCHANGE,209747,56560,400,7286,-6886,-12.174681753889674,328,0,328,0.5799151343705798,16159,33606,-17447,-30.846888260254595,2514,1196,1318,35298,12611,22687,26,2026-09-29
2021-03-02,2021-03-06,MICRO E-MINI NASDAQ-100 INDEX - CHICAGO MERCANTILE EXCHANGE,209747,93320,370,18235,-17865,-19.143806258036864,543,214,329,0.35255036433776255,14721,54995,-40274,-43.15687955422203,1398,190,1208,72925,16323,56602,25,2026-09-29
2021-03-09,2021-03-13,MICRO E-MINI NASDAQ-100 INDEX - CHICAGO MERCANTILE EXCHANGE,209747,123766,460,20130,-19670,-15.89289465604447,598,0,598,0.4831698527867104,22064,76124,-54060,-43.67920107299258,1370,1192,178,96079,23125,72954,24,2026-09-29
2021-03-16,2021-03-20,MICRO E-MINI NASDAQ-100 INDEX - CHICAGO MERCANTILE EXCHANGE,209747,117570,590,1311,-721,-0.6132516798503019,570,0,570,0.48481755549885175,34610,76016,-41406,-35.21816789997448,451,944,-493,60199,18149,42050,26,2026-09-29
2021-03-30,2021-04-03,MICRO E-MINI NASDAQ-100 INDEX - CHICAGO MERCANTILE EXCHANGE,209747,73585,0,10072,-10072,-13.68757219542026,599,0,599,0.8140245974043623,29283,45358,-16075,-21.845484813481008,0,1218,-1218,39900,13134,26766,20,2026-09-29
2021-04-06,2021-04-10,MICRO E-MINI NASDAQ-100 INDEX - CHICAGO MERCANTILE EXCHANGE,209747,72828,0,5974,-5974,-8.20288899873675,241,0,241,0.33091668039764927,36039,38146,-2107,-2.893118031526336,0,1677,-1677,32723,23206,9517,22,2026-09-29
2021-04-13,2021-04-17,MICRO E-MINI NASDAQ-100 INDEX - CHICAGO MERCANTILE EXCHANGE,209747,80913,0,6671,-6671,-8.244657842373908,255,0,255,0.3151533128174706,47005,39955,7050,8.713062177894775,220,1619,-1399,29349,28584,765,23,2026-09-29
2021-04-20,2021-04-24,MICRO E-MINI NASDAQ-100 INDEX - CHICAGO MERCANTILE EXCHANGE,209747,92110,0,10011,-10011,-10.868526761480839,312,262,50,0.05428292259255238,55769,54454,1315,1.4276408641841276,220,1977,-1757,31599,21196,10403,25,2026-09-29
2021-04-27,2021-05-01,MICRO E-MINI NASDAQ-100 INDEX - CHICAGO MERCANTILE EXCHANGE,209747,106818,528,11392,-10864,-10.170570503098729,261,711,-450,-0.42127731281244735,52075,66109,-14034,-13.138235128910857,230,1712,-1482,49655,22825,26830,26,2026-09-29
2021-05-04,2021-05-08,MICRO E-MINI NASDAQ-100 INDEX - CHICAGO MERCANTILE EXCHANGE,209747,141028,293,15421,-15128,-10.72694784014522,210,920,-710,-0.5034461241739229,62430,102631,-40201,-28.50568681396602,1010,1425,-415,72947,16493,56454,29,2026-09-29
2021-05-11,2021-05-15,MICRO E-MINI NASDAQ-100 INDEX - CHICAGO MERCANTILE EXCHANGE,209747,143292,255,21831,-21576,-15.057365379783938,290,233,57,0.0397789129888619,68891,97558,-28667,-20.006001730731654,700,1085,-385,68515,17944,50571,25,2026-09-29
2021-05-18,2021-05-22,MICRO E-MINI NASDAQ-100 INDEX - CHICAGO MERCANTILE EXCHANGE,209747,147087,273,25494,-25221,-17.146994635827774,318,209,109,0.07410580132846546,65832,95796,-29964,-20.371616798221464,300,990,-690,75333,19567,55766,27,2026-09-29
2021-05-25,2021-05-29,MICRO E-MINI NASDAQ-100 INDEX - CHICAGO MERCANTILE EXCHANGE,209747,147903,0,26180,-26180,-17.70079038288608,356,0,356,0.24069829550448607,66581,93621,-27040,-18.28225255741939,1105,880,225,75125,22486,52639,23,2026-09-29
2021-06-01,2021-06-05,MICRO E-MINI NASDAQ-100 INDEX - CHICAGO MERCANTILE EXCHANGE,209747,155048,0,27202,-27202,-17.54424436303596,252,0,252,0.16253031319333366,71449,101292,-29843,-19.24758784376451,1080,840,240,77395,20842,56553,25,2026-09-29
2021-06-08,2021-06-12,MICRO E-MINI NASDAQ-100 INDEX - CHICAGO MERCANTILE EXCHANGE,209747,156117,0,28100,-28100,-17.99932102205397,333,0,333,0.2133015622898211,74159,99514,-25355,-16.241024359935178,550,953,-403,75936,22411,53525,22,2026-09-29
2021-06-15,2021-06-19,MICRO E-MINI NASDAQ-100 INDEX - CHICAGO MERCANTILE EXCHANGE,209747,161681,0,27409,-27409,-16.9525176118406,328,0,328,0.20286861164886413,77059,97376,-20317,-12.566102386798697,650,4271,-3621,75261,24242,51019,28,2026-09-29
2021-06-29,2021-07-03,MICRO E-MINI NASDAQ-100 INDEX - CHICAGO MERCANTILE EXCHANGE,209747,42454,541,0,541,1.2743204409478495,553,0,553,1.302586328732275,12768,1448,11320,26.66415414330805,2970,3101,-131,25023,37306,-12283,24,2026-09-29
2021-07-06,2021-07-10,MICRO E-MINI NASDAQ-100 INDEX - CHICAGO MERCANTILE EXCHANGE,209747,47253,301,1903,-1602,-3.3902609358135996,328,0,328,0.6941358220642075,16443,2238,14205,30.061583391530693,3070,3616,-546,26049,38434,-12385,23,2026-09-29
2021-07-13,2021-07-17,MICRO E-MINI NASDAQ-100 INDEX - CHICAGO MERCANTILE EXCHANGE,209747,59407,233,1223,-990,-1.6664702812799839,304,0,304,0.5117242075849647,16874,16130,744,1.2523776659316244,3070,3240,-170,36387,36275,112,21,2026-09-29
2021-07-20,2021-07-24,MICRO E-MINI NASDAQ-100 INDEX - CHICAGO MERCANTILE EXCHANGE,209747,61926,466,1573,-1107,-1.7876174789264607,261,342,-81,-0.1308012789458386,14279,21650,-7371,-11.902916384071311,4050,3697,353,41505,33299,8206,26,2026-09-29
2021-07-27,2021-07-31,MICRO E-MINI NASDAQ-100 INDEX - CHICAGO MERCANTILE EXCHANGE,209747,72128,456,1354,-898,-1.2450088731144633,322,278,44,0.06100266193433895,23129,39007,-15878,-22.013642413487133,3180,3803,-623,44097,26742,17355,26,2026-09-29
2021-08-03,2021-08-07,MICRO E-MINI NASDAQ-100 INDEX - CHICAGO MERCANTILE EXCHANGE,209747,81790,0,2821,-2821,-3.4490769042670255,303,299,4,0.004890573419733464,33457,43212,-9755,-11.926885927374984,3370,4379,-1009,44029,30448,13581,26,2026-09-29
2021-08-10,2021-08-14,MICRO E-MINI NASDAQ-100 INDEX - CHICAGO MERCANTILE EXCHANGE,209747,94495,0,7847,-7847,-8.304143076353245,327,647,-320,-0.338642256204032,37475,51531,-14056,-14.874861103762104,4060,4340,-280,51807,29304,22503,25,2026-09-29
2021-08-17,2021-08-21,MICRO E-MINI NASDAQ-100 INDEX - CHICAGO MERCANTILE EXCHANGE,209747,104472,0,6089,-6089,-5.828355923118156,317,296,21,0.020101079715138984,40940,64174,-23234,-22.23945171912091,3900,4585,-685,57865,27878,29987,27,2026-09-29
2021-08-24,2021-08-28,MICRO E-MINI NASDAQ-100 INDEX - CHICAGO MERCANTILE EXCHANGE,209747,113055,0,8922,-8922,-7.891734111715537,342,0,342,0.3025076290301181,56695,58901,-2206,-1.9512626597673697,3800,5074,-1274,51230,39170,12060,27,2026-09-29
2021-08-31,2021-09-04,MICRO E-MINI NASDAQ-100 INDEX - CHICAGO MERCANTILE EXCHANGE,209747,117908,0,11620,-11620,-9.855141296604133,506,0,506,0.42914814940462054,60328,62120,-1792,-1.519829019235336,4130,6234,-2104,51753,36743,15010,28,2026-09-29
2021-09-07,2021-09-11,MICRO E-MINI NASDAQ-100 INDEX - CHICAGO MERCANTILE EXCHANGE,209747,117609,0,9473,-9473,-8.054655681112841,498,265,233,0.19811408990808524,65922,63270,2652,2.2549294696834425,3760,4936,-1176,46478,38714,7764,28,2026-09-29
2021-09-14,2021-09-18,MICRO E-MINI NASDAQ-100 INDEX - CHICAGO MERCANTILE EXCHANGE,209747,120017,0,4863,-4863,-4.051925977153237,496,545,-49,-0.040827549430497344,64032,76206,-12174,-10.143562995242341,3050,5064,-2014,48408,29308,19100,29,2026-09-29
2021-09-21,2021-09-25,MICRO E-MINI NASDAQ-100 INDEX - CHICAGO MERCANTILE EXCHANGE,209747,38290,2259,247,2012,5.254635675110995,572,362,210,0.5484460694698354,4866,16805,-11939,-31.180464873335072,1840,3024,-1184,28264,17363,10901,21,2026-09-29
2021-09-28,2021-10-02,MICRO E-MINI NASDAQ-100 INDEX - CHICAGO MERCANTILE EXCHANGE,209747,60189,2029,1040,989,1.6431573875625116,408,707,-299,-0.4967685125188988,16498,38738,-22240,-36.95027330575355,487,4291,-3804,39921,14567,25354,29,2026-09-29
2021-10-05,2021-10-09,MICRO E-MINI NASDAQ-100 INDEX - CHICAGO MERCANTILE EXCHANGE,209747,53826,420,3061,-2641,-4.906550737561774,363,0,363,0.6743952736595696,17993,24569,-6576,-12.217144131089066,887,4536,-3649,32089,19586,12503,28,2026-09-29
2021-10-12,2021-10-16,MICRO E-MINI NASDAQ-100 INDEX - CHICAGO MERCANTILE EXCHANGE,209747,66967,420,4826,-4406,-6.579359983275344,405,0,405,0.6047754864336166,24502,40865,-16363,-24.434422924724117,2247,3484,-1237,37215,15614,21601,25,2026-09-29
2021-10-19,2021-10-23,MICRO E-MINI NASDAQ-100 INDEX - CHICAGO MERCANTILE EXCHANGE,209747,69594,420,4415,-3995,-5.740437394028221,429,0,429,0.6164324510733684,37558,29086,8472,12.173463229588757,1098,3315,-2217,26768,29457,-2689,24,2026-09-29
2021-10-26,2021-10-30,MICRO E-MINI NASDAQ-100 INDEX - CHICAGO MERCANTILE EXCHANGE,209747,77468,420,4636,-4216,-5.442247121392059,319,0,319,0.4117829297258223,43713,42579,1134,1.4638302266742396,1793,3119,-1326,30119,26030,4089,28,2026-09-29
2021-11-02,2021-11-06,MICRO E-MINI NASDAQ-100 INDEX - CHICAGO MERCANTILE EXCHANGE,209747,92895,420,7334,-6914,-7.442811776737177,277,0,277,0.29818612411862855,58586,48074,10512,11.316001937671565,1249,3305,-2056,31386,33205,-1819,31,2026-09-29
2021-11-09,2021-11-13,MICRO E-MINI NASDAQ-100 INDEX - CHICAGO MERCANTILE EXCHANGE,209747,106967,420,4140,-3720,-3.4777080781923395,323,0,323,0.3019622874344424,61137,65953,-4816,-4.5023231463909426,2767,3657,-890,41863,32760,9103,37,2026-09-29
2021-11-16,2021-11-20,MICRO E-MINI NASDAQ-100 INDEX - CHICAGO MERCANTILE EXCHANGE,209747,114342,632,4312,-3680,-3.2184149306466563,642,0,642,0.5614734743139004,68174,76357,-8183,-7.15660037431565,2485,4015,-1530,41991,29240,12751,38,2026-09-29
2021-11-23,2021-11-27,MICRO E-MINI NASDAQ-100 INDEX - CHICAGO MERCANTILE EXCHANGE,209747,128334,721,6630,-5909,-4.604391665497841,674,251,423,0.32960867735752025,75905,90416,-14511,-11.307213988498761,3313,4583,-1270,46457,25190,21267,38,2026-09-29
2021-11-30,2021-12-04,MICRO E-MINI NASDAQ-100 INDEX - CHICAGO MERCANTILE EXCHANGE,209747,130883,729,7806,-7077,-5.407119335589802,688,0,688,0.5256603225781805,83229,90449,-7220,-5.516377222404743,2367,4532,-2165,39883,24109,15774,34,2026-09-29
2021-12-07,2021-12-11,MICRO E-MINI NASDAQ-100 INDEX - CHICAGO MERCANTILE EXCHANGE,209747,150370,1038,8408,-7370,-4.901243599122165,582,0,582,0.3870452882888874,103163,100556,2607,1.733723482077542,3179,4843,-1664,33916,28071,5845,38,2026-09-29
2021-12-14,2021-12-18,MICRO E-MINI NASDAQ-100 INDEX - CHICAGO MERCANTILE EXCHANGE,209747,163226,1301,2333,-1032,-0.632252214720694,649,0,649,0.3976082241799714,105504,128161,-22657,-13.880754291595702,5099,3712,1387,41454,19801,21653,38,2026-09-29
2021-12-21,2021-12-25,MICRO E-MINI NASDAQ-100 INDEX - CHICAGO MERCANTILE EXCHANGE,209747,58427,3652,442,3210,5.4940352919027164,829,0,829,1.4188645660396733,12896,35939,-23043,-39.43895801598576,2599,1738,861,36239,18096,18143,28,2026-09-29
2021-12-28,2022-01-01,MICRO E-MINI NASDAQ-100 INDEX - CHICAGO MERCANTILE EXCHANGE,209747,59282,994,547,447,0.7540231436186363,904,0,904,1.5249148139401505,21576,32546,-10970,-18.504773793056913,2632,1451,1181,30849,22411,8438,34,2026-09-29
2022-01-04,2022-01-08,MICRO E-MINI NASDAQ-100 INDEX - CHICAGO MERCANTILE EXCHANGE,209747,70927,1721,1346,375,0.5287126200177648,900,0,900,1.2689102880426355,27479,44563,-17084,-24.086737067689317,3366,500,2866,34845,21902,12943,34,2026-09-29
2022-01-11,2022-01-15,MICRO E-MINI NASDAQ-100 INDEX - CHICAGO MERCANTILE EXCHANGE,209747,97064,2465,322,2143,2.207821643451743,1098,0,1098,1.1312123959449436,37563,74718,-37155,-38.278867551306355,4964,1531,3433,47994,17513,30481,37,2026-09-29
2022-01-18,2022-01-22,MICRO E-MINI NASDAQ-100 INDEX - CHICAGO MERCANTILE EXCHANGE,209747,117737,4333,471,3862,3.2801922929920075,1146,0,1146,0.9733558694378148,47757,98027,-50270,-42.69685825186645,6733,551,6182,54938,15858,39080,37,2026-09-29
2022-01-25,2022-01-29,MICRO E-MINI NASDAQ-100 INDEX - CHICAGO MERCANTILE EXCHANGE,209747,120585,6635,0,6635,5.502342745780984,1112,0,1112,0.9221710826388025,50679,101039,-50360,-41.76307169216735,4524,1140,3384,53914,14685,39229,37,2026-09-29
2022-02-01,2022-02-05,MICRO E-MINI NASDAQ-100 INDEX - CHICAGO MERCANTILE EXCHANGE,209747,145359,632,6321,-5689,-3.913758350016167,1174,0,1174,0.8076555287254314,61860,107142,-45282,-31.151837863496585,4283,1002,3281,73891,27375,46516,42,2026-09-29
2022-02-08,2022-02-12,MICRO E-MINI NASDAQ-100 INDEX - CHICAGO MERCANTILE EXCHANGE,209747,161292,737,9886,-9149,-5.672321007861518,1289,431,858,0.5319544676735362,82410,122894,-40484,-25.099818961882796,3128,921,2207,68991,22423,46568,40,2026-09-29
2022-02-15,2022-02-19,MICRO E-MINI NASDAQ-100 INDEX - CHICAGO MERCANTILE EXCHANGE,209747,165717,814,15773,-14959,-9.026834905290345,1434,522,912,0.5503358134651243,87664,119096,-31432,-18.967275536004152,3305,464,2841,67085,24447,42638,40,2026-09-29
2022-02-22,2022-02-26,MICRO E-MINI NASDAQ-100 INDEX - CHICAGO MERCANTILE EXCHANGE,209747,165978,1939,14252,-12313,-7.418453047994313,1693,689,1004,0.6048994445046934,87867,123931,-36064,-21.728180843244285,4024,1117,2907,66118,21652,44466,42,2026-09-29
2022-03-01,2022-03-05,MICRO E-MINI NASDAQ-100 INDEX - CHICAGO MERCANTILE EXCHANGE,209747,172570,2073,16673,-14600,-8.460334936547488,1659,747,912,0.528481196036391,13527,124079,-110552,-64.06211971953411,4606,2827,1779,145848,23387,122461,44,2026-09-29
2022-03-08,2022-03-12,MICRO E-MINI NASDAQ-100 INDEX - CHICAGO MERCANTILE EXCHANGE,209747,154007,1911,17386,-15475,-10.048244560312193,1423,524,899,0.5837397001435,28321,110878,-82557,-53.6060049218542,4928,2556,2372,112048,17287,94761,39,2026-09-29
2022-03-15,2022-03-19,MICRO E-MINI NASDAQ-100 INDEX - CHICAGO MERCANTILE EXCHANGE,209747,166709,1909,17421,-15512,-9.304836571510837,1457,548,909,0.5452615035780911,44585,112281,-67696,-40.607285749419646,6219,1420,4799,100997,23497,77500,41,2026-09-29
2022-03-22,2022-03-26,MICRO E-MINI NASDAQ-100 INDEX - CHICAGO MERCANTILE EXCHANGE,209747,67039,585,1335,-750,-1.1187517713569712,1369,290,1079,1.6095108817255628,13823,31150,-17327,-25.846149256402988,2792,783,2009,46701,31712,14989,32,2026-09-29
2022-03-29,2022-04-02,MICRO E-MINI NASDAQ-100 INDEX - CHICAGO MERCANTILE EXCHANGE,209747,80284,747,2073,-1326,-1.6516366897513826,1316,466,850,1.0587414677893476,18597,39221,-20624,-25.688804743161775,2871,641,2230,54896,36026,18870,32,2026-09-29
2022-04-05,2022-04-09,MICRO E-MINI NASDAQ-100 INDEX - CHICAGO MERCANTILE EXCHANGE,209747,88585,929,5108,-4179,-4.71750296325563,1484,223,1261,1.4234915617768245,18550,53654,-35104,-39.62747643506237,3608,1300,2308,62310,26596,35714,35,2026-09-29
2022-04-12,2022-04-16,MICRO E-MINI NASDAQ-100 INDEX - CHICAGO MERCANTILE EXCHANGE,209747,94821,374,4720,-4346,-4.583372881534681,1872,359,1513,1.5956380970460131,23832,65013,-41181,-43.43025279210301,3941,1510,2431,62884,21301,41583,32,2026-09-29
2022-04-19,2022-04-23,MICRO E-MINI NASDAQ-100 INDEX - CHICAGO MERCANTILE EXCHANGE,209747,104916,1101,3560,-2459,-2.3437797857333487,1284,472,812,0.773952495329597,37296,73973,-36677,-34.95844294483206,3766,1840,1926,59801,23403,36398,33,2026-09-29
2022-04-26,2022-04-30,MICRO E-MINI NASDAQ-100 INDEX - CHICAGO MERCANTILE EXCHANGE,209747,98644,1181,1180,1,0.0010137464012002757,1231,473,758,0.768419772109809,18170,75023,-56853,-57.63452414743928,6156,1125,5031,69660,18597,51063,41,2026-09-29
2022-05-03,2022-05-07,MICRO E-MINI NASDAQ-100 INDEX - CHICAGO MERCANTILE EXCHANGE,209747,93410,2842,1139,1703,1.8231452735253184,838,522,316,0.33829354458837385,27872,66146,-38274,-40.97419976447918,6340,2628,3712,52725,20182,32543,38,2026-09-29
2022-05-10,2022-05-14,MICRO E-MINI NASDAQ-100 INDEX - CHICAGO MERCANTILE EXCHANGE,209747,89076,5808,921,4887,5.486326283173919,945,577,368,0.41313036059095604,23472,64976,-41504,-46.59391979882347,7590,1014,6576,48618,18945,29673,39,2026-09-29
2022-05-17,2022-05-21,MICRO E-MINI NASDAQ-100 INDEX - CHICAGO MERCANTILE EXCHANGE,209747,79441,5061,1866,3195,4.021852695711282,949,519,430,0.5412822094384512,24061,49113,-25052,-31.53535328105135,8434,940,7494,38345,24412,13933,36,2026-09-29
2022-05-24,2022-05-28,MICRO E-MINI NASDAQ-100 INDEX - CHICAGO MERCANTILE EXCHANGE,209747,98015,11444,681,10763,10.980972300158138,952,592,360,0.3672907208080396,15456,73546,-58090,-59.26643881038617,10775,1302,9473,56689,19195,37494,41,2026-09-29
2022-05-31,2022-06-04,MICRO E-MINI NASDAQ-100 INDEX - CHICAGO MERCANTILE EXCHANGE,209747,104069,10330,1591,8739,8.397313320969742,970,703,267,0.2565605511727796,16638,73130,-56492,-54.2832159432684,9966,865,9101,62516,24131,38385,37,2026-09-29
2022-06-07,2022-06-11,MICRO E-MINI NASDAQ-100 INDEX - CHICAGO MERCANTILE EXCHANGE,209747,124638,11907,1786,10121,8.120316436399815,881,1062,-181,-0.14522055873810555,20570,90216,-69646,-55.87862449654198,9387,845,8542,79689,28525,51164,33,2026-09-29
2022-06-14,2022-06-18,MICRO E-MINI NASDAQ-100 INDEX - CHICAGO MERCANTILE EXCHANGE,209747,132953,10580,161,10419,7.836603912660865,1588,1393,195,0.14666837152978873,21676,85709,-64033,-48.162132482907495,10954,0,10954,74168,31703,42465,40,2026-09-29
2022-06-21,2022-06-25,MICRO E-MINI NASDAQ-100 INDEX - CHICAGO MERCANTILE EXCHANGE,209747,61488,2353,0,2353,3.826762945615405,1626,1711,-85,-0.1382383554514702,29579,11826,17753,28.872300286234715,528,1587,-1059,25795,44757,-18962,30,2026-09-29
2022-06-28,2022-07-02,MICRO E-MINI NASDAQ-100 INDEX - CHICAGO MERCANTILE EXCHANGE,209747,60315,2713,298,2415,4.00397910967421,1337,2189,-852,-1.4125839343446904,17615,11473,6142,10.183204841250104,520,1061,-541,31960,39124,-7164,32,2026-09-29
2022-07-05,2022-07-09,MICRO E-MINI NASDAQ-100 INDEX - CHICAGO MERCANTILE EXCHANGE,209747,55842,4222,1185,3037,5.438558790874253,1380,2595,-1215,-2.1757816697109704,17462,6705,10757,19.26327853586906,900,1758,-858,27701,39422,-11721,31,2026-09-29
2022-07-12,2022-07-16,MICRO E-MINI NASDAQ-100 INDEX - CHICAGO MERCANTILE EXCHANGE,209747,54869,3949,1447,2502,4.55995188539977,1130,2814,-1684,-3.069128287375385,5978,20861,-14883,-27.124605879458347,656,1793,-1137,40219,25017,15202,33,2026-09-29
2022-07-19,2022-07-23,MICRO E-MINI NASDAQ-100 INDEX - CHICAGO MERCANTILE EXCHANGE,209747,63250,5194,783,4411,6.973913043478261,1049,2816,-1767,-2.793675889328063,14231,18369,-4138,-6.5422924901185775,874,1790,-916,38887,36477,2410,34,2026-09-29
2022-07-26,2022-07-30,MICRO E-MINI NASDAQ-100 INDEX - CHICAGO MERCANTILE EXCHANGE,209747,63280,3102,422,2680,4.235145385587864,1142,2914,-1772,-2.800252844500632,15257,29346,-14089,-22.264538558786345,689,1399,-710,40233,26342,13891,33,2026-09-29
2022-08-02,2022-08-06,MICRO E-MINI NASDAQ-100 INDEX - CHICAGO MERCANTILE EXCHANGE,209747,84548,5177,776,4401,5.205327151440602,1557,2730,-1173,-1.3873775843307945,26987,36356,-9369,-11.081279273312202,1871,1698,173,45909,39941,5968,35,2026-09-29
2022-08-09,2022-08-13,MICRO E-MINI NASDAQ-100 INDEX - CHICAGO MERCANTILE EXCHANGE,209747,101905,5449,1027,4422,4.3393356557578135,1676,2924,-1248,-1.2246700358176734,24109,56316,-32207,-31.604926156714587,1736,2159,-423,65445,35989,29456,40,2026-09-29
2022-08-16,2022-08-20,MICRO E-MINI NASDAQ-100 INDEX - CHICAGO MERCANTILE EXCHANGE,209747,112055,5755,1224,4531,4.043550042389898,1846,2695,-849,-0.7576636473160502,37205,55595,-18390,-16.41158359734059,2535,1877,658,62368,48318,14050,38,2026-09-29
2022-08-23,2022-08-27,MICRO E-MINI NASDAQ-100 INDEX - CHICAGO MERCANTILE EXCHANGE,209747,129961,8371,1186,7185,5.528581651418502,1791,3946,-2155,-1.6581897646216943,40364,86177,-45813,-35.25134463415947,2816,1923,893,72989,33099,39890,37,2026-09-29
2022-08-30,2022-09-03,MICRO E-MINI NASDAQ-100 INDEX - CHICAGO MERCANTILE EXCHANGE,209747,155568,8317,2622,5695,3.6607785662861256,3266,4947,-1681,-1.0805564126298468,44667,110695,-66028,-42.44317597449347,3806,1390,2416,91554,31956,59598,40,2026-09-29
2022-09-06,2022-09-10,MICRO E-MINI NASDAQ-100 INDEX - CHICAGO MERCANTILE EXCHANGE,209747,179834,6493,1560,4933,2.7430852897672295,1916,5808,-3892,-2.1642181122590833,56386,136846,-80460,-44.74126138549996,6824,1264,5560,103662,29803,73859,42,2026-09-29
2022-09-13,2022-09-17,MICRO E-MINI NASDAQ-100 INDEX - CHICAGO MERCANTILE EXCHANGE,209747,223447,2330,3728,-1398,-0.6256517205422315,975,1120,-145,-0.06489234583592529,52908,158532,-105624,-47.270269907405336,6363,1979,4384,133498,30715,102783,41,2026-09-29
2022-09-20,2022-09-24,MICRO E-MINI NASDAQ-100 INDEX - CHICAGO MERCANTILE EXCHANGE,209747,104774,2236,3683,-1447,-1.3810678221696222,1037,0,1037,0.9897493653005516,39988,68471,-28483,-27.18517952927253,1072,1930,-858,59392,29641,29751,33,2026-09-29
2022-09-27,2022-10-01,MICRO E-MINI NASDAQ-100 INDEX - CHICAGO MERCANTILE EXCHANGE,209747,128799,0,4670,-4670,-3.6258045481719576,2022,0,2022,1.5698879649686721,32685,93843,-61158,-47.48328791372604,3263,2623,640,89601,26435,63166,42,2026-09-29
2022-10-04,2022-10-08,MICRO E-MINI NASDAQ-100 INDEX - CHICAGO MERCANTILE EXCHANGE,209747,126285,3366,2198,1168,0.9248921091182644,1494,0,1494,1.1830383656016155,26318,85175,-58857,-46.60648533079938,3215,2356,859,90126,34790,55336,34,2026-09-29
2022-10-11,2022-10-15,MICRO E-MINI NASDAQ-100 INDEX - CHICAGO MERCANTILE EXCHANGE,209747,127646,4448,2913,1535,1.2025445372357926,1022,0,1022,0.8006518026416809,23378,94137,-70759,-55.43377779170518,4626,2461,2165,92852,26815,66037,35,2026-09-29
2022-10-18,2022-10-22,MICRO E-MINI NASDAQ-100 INDEX - CHICAGO MERCANTILE EXCHANGE,209747,103316,7120,1543,5577,5.3980022455379615,1347,0,1347,1.3037670835107824,19667,66096,-46429,-44.938828448643,1335,4292,-2957,72987,30525,42462,38,2026-09-29
2022-10-25,2022-10-29,MICRO E-MINI NASDAQ-100 INDEX - CHICAGO MERCANTILE EXCHANGE,209747,130148,11024,1834,9190,7.061191873866675,1149,0,1149,0.8828410732396963,23904,89110,-65206,-50.10142299535914,1237,4370,-3133,92037,34037,58000,35,2026-09-29
2022-11-01,2022-11-05,MICRO E-MINI NASDAQ-100 INDEX - CHICAGO MERCANTILE EXCHANGE,209747,137692,5881,2013,3868,2.80916828864422,1149,0,1149,0.834471138482991,25191,104424,-79233,-57.54364814223049,2970,4006,-1036,100856,25604,75252,36,2026-09-29
2022-11-08,2022-11-12,MICRO E-MINI NASDAQ-100 INDEX - CHICAGO MERCANTILE EXCHANGE,209747,129650,6292,2508,3784,2.9186270728885457,1151,0,1151,0.8877747782491323,19048,95654,-76606,-59.086772078673356,3878,4345,-467,98119,25981,72138,40,2026-09-29
2022-11-15,2022-11-19,MICRO E-MINI NASDAQ-100 INDEX - CHICAGO MERCANTILE EXCHANGE,209747,112262,4539,2374,2165,1.9285243448361868,1370,0,1370,1.2203595161319056,11734,71523,-59789,-53.25844898540913,5711,3596,2115,87353,33214,54139,40,2026-09-29
2022-11-22,2022-11-26,MICRO E-MINI NASDAQ-100 INDEX - CHICAGO MERCANTILE EXCHANGE,209747,116761,5893,3031,2862,2.4511609184573615,2016,0,2016,1.7266039174039276,15782,79421,-63639,-54.50364419626417,6063,4097,1966,85429,28634,56795,39,2026-09-29
2022-11-29,2022-12-03,MICRO E-MINI NASDAQ-100 INDEX - CHICAGO MERCANTILE EXCHANGE,209747,127302,6432,2636,3796,2.9818855948846053,1932,0,1932,1.5176509402837348,16707,94047,-77340,-60.75316962812839,6384,4272,2112,94587,25087,69500,44,2026-09-29
2022-12-06,2022-12-10,MICRO E-MINI NASDAQ-100 INDEX - CHICAGO MERCANTILE EXCHANGE,209747,129170,6719,2949,3770,2.9186343578230236,2034,0,2034,1.5746690407989472,15678,95699,-80021,-61.9501432221104,6225,4308,1917,95240,22940,72300,39,2026-09-29
2022-12-13,2022-12-17,MICRO E-MINI NASDAQ-100 INDEX - CHICAGO MERCANTILE EXCHANGE,209747,138496,7784,1516,6268,4.52576247689464,2156,0,2156,1.5567236598890941,19197,94686,-75489,-54.50626732902033,6109,2780,3329,87636,23900,63736,35,2026-09-29
2022-12-20,2022-12-24,MICRO E-MINI NASDAQ-100 INDEX - CHICAGO MERCANTILE EXCHANGE,209747,76374,3741,434,3307,4.330007594207453,2308,0,2308,3.0219708277686124,9149,53260,-44111,-57.75656637075445,1928,343,1585,56656,19745,36911,34,2026-09-29
2022-12-27,2022-12-31,MICRO E-MINI NASDAQ-100 INDEX - CHICAGO MERCANTILE EXCHANGE,209747,77345,4309,779,3530,4.563966642963346,2446,0,2446,3.162453940138341,7373,53656,-46283,-59.83967935871743,2233,0,2233,58075,20001,38074,29,2026-09-29
2023-01-03,2023-01-07,MICRO E-MINI NASDAQ-100 INDEX - CHICAGO MERCANTILE EXCHANGE,209747,75287,4423,1072,3351,4.450967630533824,2676,0,2676,3.554398501733367,9874,49497,-39623,-52.62927198586741,3221,851,2370,51948,20722,31226,33,2026-09-29
2023-01-10,2023-01-14,MICRO E-MINI NASDAQ-100 INDEX - CHICAGO MERCANTILE EXCHANGE,209747,73577,6162,2095,4067,5.527542574445818,2037,0,2037,2.768528208543431,10760,41899,-31139,-42.321649428489884,4915,875,4040,47211,26216,20995,38,2026-09-29
2023-01-17,2023-01-21,MICRO E-MINI NASDAQ-100 INDEX - CHICAGO MERCANTILE EXCHANGE,209747,92297,4181,3231,950,1.0292858922825228,2169,0,2169,2.3500222109060966,20818,51225,-30407,-32.9447327648786,5909,1918,3991,55889,32592,23297,37,2026-09-29
2023-01-24,2023-01-28,MICRO E-MINI NASDAQ-100 INDEX - CHICAGO MERCANTILE EXCHANGE,209747,106785,5563,3115,2448,2.292456805731142,2039,243,1796,1.6818841597602658,27001,62162,-35161,-32.926909210095054,5142,428,4714,64867,38664,26203,35,2026-09-29
2023-01-31,2023-02-04,MICRO E-MINI NASDAQ-100 INDEX - CHICAGO MERCANTILE EXCHANGE,209747,120271,7776,4029,3747,3.115464243250659,1783,345,1438,1.195633195034547,25033,73135,-48102,-39.994678683972026,5209,580,4629,78018,39730,38288,38,2026-09-29
2023-02-07,2023-02-11,MICRO E-MINI NASDAQ-100 INDEX - CHICAGO MERCANTILE EXCHANGE,209747,141198,7556,6238,1318,0.9334409835833368,2113,826,1287,0.9114859983852462,42688,86294,-43606,-30.88287369509483,2265,1249,1016,83507,43522,39985,41,2026-09-29
2023-02-14,2023-02-18,MICRO E-MINI NASDAQ-100 INDEX - CHICAGO MERCANTILE EXCHANGE,209747,151297,8618,6957,1661,1.097840670998103,2460,1124,1336,0.8830313885932967,30950,97039,-66089,-43.68163281492693,690,1534,-844,105677,41741,63936,40,2026-09-29
2023-02-21,2023-02-25,MICRO E-MINI NASDAQ-100 INDEX - CHICAGO MERCANTILE EXCHANGE,209747,176984,14784,8087,6697,3.783957871898025,2416,1544,872,0.49269990507616507,29449,128912,-99463,-56.19886543416354,760,1655,-895,125818,33029,92789,38,2026-09-29
2023-02-28,2023-03-04,MICRO E-MINI NASDAQ-100 INDEX - CHICAGO MERCANTILE EXCHANGE,209747,179774,14267,7553,6714,3.7346891096599064,2472,1356,1116,0.6207794230533892,31606,132089,-100483,-55.89406699522734,1703,2223,-520,127155,33982,93173,41,2026-09-29
2023-03-07,2023-03-11,MICRO E-MINI NASDAQ-100 INDEX - CHICAGO MERCANTILE EXCHANGE,209747,189522,14690,8698,5992,3.161638226696637,2179,1164,1015,0.5355578771857621,28673,129517,-100844,-53.209653760513284,1781,3428,-1647,131838,36354,95484,41,2026-09-29
2023-03-14,2023-03-18,MICRO E-MINI NASDAQ-100 INDEX - CHICAGO MERCANTILE EXCHANGE,209747,185692,15812,10694,5118,2.756176895073563,4664,0,4664,2.51168601770674,33571,124682,-91111,-49.065657109622386,1393,3033,-1640,120192,37223,82969,40,2026-09-29
2023-03-21,2023-03-25,MICRO E-MINI NASDAQ-100 INDEX - CHICAGO MERCANTILE EXCHANGE,209747,61676,0,4299,-4299,-6.9702963875737725,3505,0,3505,5.682923665607367,32415,14595,17820,28.89292431415786,1802,2940,-1138,23475,39363,-15888,41,2026-09-29
2023-03-28,2023-04-01,MICRO E-MINI NASDAQ-100 INDEX - CHICAGO MERCANTILE EXCHANGE,209747,70957,0,4489,-4489,-6.326366672773652,3223,0,3223,4.542187522020378,23966,30704,-6738,-9.495891878179743,2377,1804,573,40253,32822,7431,38,2026-09-29
2023-04-04,2023-04-08,MICRO E-MINI NASDAQ-100 INDEX - CHICAGO MERCANTILE EXCHANGE,209747,77224,0,6013,-6013,-7.7864394488759965,3408,0,3408,4.413135812700715,36417,21597,14820,19.19092510100487,1666,3213,-1547,34072,44740,-10668,40,2026-09-29
2023-04-11,2023-04-15,MICRO E-MINI NASDAQ-100 INDEX - CHICAGO MERCANTILE EXCHANGE,209747,58126,1956,4699,-2743,-4.719058596841345,3119,0,3119,5.3659291883150395,11776,11183,593,1.0201975019784606,2126,3408,-1282,37201,36888,313,40,2026-09-29
2023-04-18,2023-04-22,MICRO E-MINI NASDAQ-100 INDEX - CHICAGO MERCANTILE EXCHANGE,209747,65765,1636,6056,-4420,-6.720900174865049,3130,0,3130,4.7593704858207255,21133,15196,5937,9.02759826655516,1666,3311,-1645,36870,39872,-3002,41,2026-09-29
2023-04-25,2023-04-29,MICRO E-MINI NASDAQ-100 INDEX - CHICAGO MERCANTILE EXCHANGE,209747,75457,5308,8641,-3333,-4.417085227348026,3031,0,3031,4.016857282955855,21159,25639,-4480,-5.937156261181865,2017,4267,-2250,42216,35184,7032,45,2026-09-29
2023-05-02,2023-05-06,MICRO E-MINI NASDAQ-100 INDEX - CHICAGO MERCANTILE EXCHANGE,209747,89919,7016,9505,-2489,-2.7680467976734615,2807,0,2807,3.121698417464607,31067,26377,4690,5.215805335913433,1379,4465,-3086,42285,44207,-1922,40,2026-09-29
2023-05-09,2023-05-13,MICRO E-MINI NASDAQ-100 INDEX - CHICAGO MERCANTILE EXCHANGE,209747,94262,7154,10298,-3144,-3.335384354246674,2734,0,2734,2.9004264709002565,37233,28893,8340,8.847679870997856,1308,5319,-4011,42833,46752,-3919,40,2026-09-29
2023-05-16,2023-05-20,MICRO E-MINI NASDAQ-100 INDEX - CHICAGO MERCANTILE EXCHANGE,209747,104298,6805,11538,-4733,-4.53795854187041,3083,0,3083,2.9559531342882894,59544,22570,36974,35.45034420602504,2028,6537,-4509,29197,60012,-30815,53,2026-09-29
2023-05-23,2023-05-27,MICRO E-MINI NASDAQ-100 INDEX - CHICAGO MERCANTILE EXCHANGE,209747,104077,5495,14853,-9358,-8.991419814176043,2730,0,2730,2.6230579282646502,55499,23292,32207,30.945357763963223,1975,7172,-5197,34698,55080,-20382,42,2026-09-29
2023-05-30,2023-06-03,MICRO E-MINI NASDAQ-100 INDEX - CHICAGO MERCANTILE EXCHANGE,209747,116646,6258,15694,-9436,-8.089432985271678,2689,0,2689,2.3052655041750256,72937,22345,50592,43.372254513656706,1660,9339,-7679,28111,64277,-36166,41,2026-09-29
2023-06-06,2023-06-10,MICRO E-MINI NASDAQ-100 INDEX - CHICAGO MERCANTILE EXCHANGE,209747,113487,7646,13455,-5809,-5.118647950866619,2873,0,2873,2.5315674923118947,69579,20419,49160,43.31773683329368,1873,10775,-8902,25834,63156,-37322,45,2026-09-29
2023-06-13,2023-06-17,MICRO E-MINI NASDAQ-100 INDEX - CHICAGO MERCANTILE EXCHANGE,209747,132498,7981,14207,-6226,-4.698938851907199,3857,0,3857,2.9109873356578966,68842,29717,39125,29.528747603737415,2003,13253,-11250,30074,55580,-25506,50,2026-09-29
2023-06-20,2023-06-24,MICRO E-MINI NASDAQ-100 INDEX - CHICAGO MERCANTILE EXCHANGE,209747,74478,1358,3568,-2210,-2.9673192083568303,3913,0,3913,5.253900480678858,35446,21648,13798,18.526276215795267,1073,2585,-1512,31604,45593,-13989,39,2026-09-29
2023-06-27,2023-07-01,MICRO E-MINI NASDAQ-100 INDEX - CHICAGO MERCANTILE EXCHANGE,209747,91515,492,2445,-1953,-2.1340763809211607,3660,0,3660,3.999344369775447,44776,40396,4380,4.786100639239469,1894,5260,-3366,39821,42542,-2721,38,2026-09-29
2023-07-03,2023-07-07,MICRO E-MINI NASDAQ-100 INDEX - CHICAGO MERCANTILE EXCHANGE,209747,104450,1011,4027,-3016,-2.88750598372427,4142,0,4142,3.965533748204883,59429,49672,9757,9.34131163235998,840,5962,-5122,37628,43389,-5761,41,2026-09-29
2023-07-11,2023-07-15,MICRO E-MINI NASDAQ-100 INDEX - CHICAGO MERCANTILE EXCHANGE,209747,122997,1530,3915,-2385,-1.939071684675236,3895,496,3399,2.763482036147223,73814,72241,1573,1.278892981129621,1744,5233,-3489,40532,39630,902,44,2026-09-29
2023-07-18,2023-07-22,MICRO E-MINI NASDAQ-100 INDEX - CHICAGO MERCANTILE EXCHANGE,209747,143491,1241,4084,-2843,-1.9813089322675288,4478,496,3982,2.7750869392505453,102919,77465,25454,17.739091650347408,1513,7614,-6101,32081,52573,-20492,50,2026-09-29
2023-07-25,2023-07-29,MICRO E-MINI NASDAQ-100 INDEX - CHICAGO MERCANTILE EXCHANGE,209747,122874,2904,5269,-2365,-1.9247359083288573,4225,649,3576,2.9102983544118364,74745,69138,5607,4.563211094291714,630,7716,-7086,37991,37723,268,46,2026-09-29
2023-08-01,2023-08-05,MICRO E-MINI NASDAQ-100 INDEX - CHICAGO MERCANTILE EXCHANGE,209747,136237,3729,5079,-1350,-0.9909202345911904,4020,0,4020,2.950740254115989,81442,79430,2012,1.4768381570351665,860,10288,-9428,44425,39679,4746,44,2026-09-29
2023-08-08,2023-08-12,MICRO E-MINI NASDAQ-100 INDEX - CHICAGO MERCANTILE EXCHANGE,209747,138496,4348,6215,-1867,-1.3480533733826248,4299,0,4299,3.104060767097967,64436,88738,-24302,-17.547077171903883,2891,8513,-5622,60721,33229,27492,50,2026-09-29
2023-08-15,2023-08-19,MICRO E-MINI NASDAQ-100 INDEX - CHICAGO MERCANTILE EXCHANGE,209747,137982,4476,6963,-2487,-1.8024090098708527,4364,0,4364,3.162731370758505,57779,90084,-32305,-23.41247409082344,2837,8133,-5296,65551,29827,35724,49,2026-09-29
2023-08-22,2023-08-26,MICRO E-MINI NASDAQ-100 INDEX - CHICAGO MERCANTILE EXCHANGE,209747,151884,4467,6558,-2091,-1.3767085407284507,5716,0,5716,3.763398382976482,68671,100851,-32180,-21.1872218271839,2547,11033,-8486,66746,29705,37041,54,2026-09-29
2023-08-29,2023-09-02,MICRO E-MINI NASDAQ-100 INDEX - CHICAGO MERCANTILE EXCHANGE,209747,163040,4102,6315,-2213,-1.3573356231599607,5835,0,5835,3.57887634936212,79902,93425,-13523,-8.29428361138371,2373,12914,-10541,66924,46482,20442,45,2026-09-29
2023-09-05,2023-09-09,MICRO E-MINI NASDAQ-100 INDEX - CHICAGO MERCANTILE EXCHANGE,209747,170074,4609,7021,-2412,-1.4182061925985159,6361,0,6361,3.7401366464009786,86134,97960,-11826,-6.953443795053918,1587,15845,-14258,67646,45511,22135,46,2026-09-29
2023-09-12,2023-09-16,MICRO E-MINI NASDAQ-100 INDEX - CHICAGO MERCANTILE EXCHANGE,209747,163043,7215,5941,1274,0.7813889587409457,3800,0,3800,2.330673503308943,77404,111605,-34201,-20.976674864912937,2084,3186,-1102,63011,32782,30229,43,2026-09-29
2023-09-19,2023-09-23,MICRO E-MINI NASDAQ-100 INDEX - CHICAGO MERCANTILE EXCHANGE,209747,57030,3825,1978,1847,3.2386463264948278,2330,1059,1271,2.228651586884096,9161,20253,-11092,-19.449412589864984,1371,4521,-3150,37931,26807,11124,39,2026-09-29
2023-09-26,2023-09-30,MICRO E-MINI NASDAQ-100 INDEX - CHICAGO MERCANTILE EXCHANGE,209747,77092,7893,1151,6742,8.745395112333316,3262,873,2389,3.098894826959996,4650,39814,-35164,-45.613033777823894,2570,6347,-3777,53627,23817,29810,47,2026-09-29
2023-10-03,2023-10-07,MICRO E-MINI NASDAQ-100 INDEX - CHICAGO MERCANTILE EXCHANGE,209747,88238,9065,1584,7481,8.478206668328838,3028,0,3028,3.4316280967383666,21242,49550,-28308,-32.081416169904124,2332,9181,-6849,48970,24322,24648,42,2026-09-29
2023-10-10,2023-10-14,MICRO E-MINI NASDAQ-100 INDEX - CHICAGO MERCANTILE EXCHANGE,209747,78451,6074,3538,2536,3.2325910440912162,3175,0,3175,4.047112210169406,31554,19306,12248,15.612293023670826,1691,13391,-11700,31337,37596,-6259,43,2026-09-29
2023-10-17,2023-10-21,MICRO E-MINI NASDAQ-100 INDEX - CHICAGO MERCANTILE EXCHANGE,209747,83900,5796,5247,549,0.6543504171632897,3073,1233,1840,2.193087008343266,37173,16407,20766,24.750893921334924,1560,14950,-13390,29718,39483,-9765,45,2026-09-29
2023-10-24,2023-10-28,MICRO E-MINI NASDAQ-100 INDEX - CHICAGO MERCANTILE EXCHANGE,209747,95089,6923,6664,259,0.27237640526243834,2820,0,2820,2.9656427136682475,42105,34005,8100,8.518335454153478,1526,17221,-15695,37062,32546,4516,46,2026-09-29
2023-10-31,2023-11-04,MICRO E-MINI NASDAQ-100 INDEX - CHICAGO MERCANTILE EXCHANGE,209747,110189,7219,4919,2300,2.0873226910127145,2520,0,2520,2.2869796440661045,51405,50311,1094,0.9928395756382217,2081,20093,-18012,41070,28972,12098,54,2026-09-29
2023-11-07,2023-11-11,MICRO E-MINI NASDAQ-100 INDEX - CHICAGO MERCANTILE EXCHANGE,209747,106264,3854,7097,-3243,-3.0518331702175714,2792,0,2792,2.627418504855831,66042,10983,55059,51.81340811563653,1257,21228,-19971,25678,60315,-34637,45,2026-09-29
2023-11-14,2023-11-18,MICRO E-MINI NASDAQ-100 INDEX - CHICAGO MERCANTILE EXCHANGE,209747,109309,2571,8616,-6045,-5.5301942200550736,2862,0,2862,2.6182656505868684,70738,5747,64991,59.456220439305085,1413,21845,-20432,23946,65322,-41376,51,2026-09-29
2023-11-21,2023-11-25,MICRO E-MINI NASDAQ-100 INDEX - CHICAGO MERCANTILE EXCHANGE,209747,107150,1029,8931,-7902,-7.374708352776481,3663,0,3663,3.418572095193654,66653,4609,62044,57.90387307512832,1439,22465,-21026,29699,66478,-36779,44,2026-09-29
2023-11-28,2023-12-02,MICRO E-MINI NASDAQ-100 INDEX - CHICAGO MERCANTILE EXCHANGE,209747,113163,1813,8314,-6501,-5.744810582964396,3490,0,3490,3.084046905790762,74446,2931,71515,63.19645113685569,1089,24068,-22979,27208,72733,-45525,44,2026-09-29
2023-12-05,2023-12-09,MICRO E-MINI NASDAQ-100 INDEX - CHICAGO MERCANTILE EXCHANGE,209747,104872,4360,8000,-3640,-3.4708978564345108,2968,0,2968,2.8301167137081396,64813,2163,62650,59.739491952093985,865,26593,-25728,28128,64378,-36250,45,2026-09-29
2023-12-12,2023-12-16,MICRO E-MINI NASDAQ-100 INDEX - CHICAGO MERCANTILE EXCHANGE,209747,115529,3878,8633,-4755,-4.115849700075306,2340,590,1750,1.5147711829930146,76209,5774,70435,60.967376156636,1039,5034,-3995,24878,88313,-63435,48,2026-09-29
2023-12-19,2023-12-23,MICRO E-MINI NASDAQ-100 INDEX - CHICAGO MERCANTILE EXCHANGE,209747,67402,0,2382,-2382,-3.5340197620248657,2161,0,2161,3.206136316429779,32364,12812,19552,29.00804130441233,489,4181,-3692,31500,47139,-15639,32,2026-09-29
2023-12-26,2023-12-30,MICRO E-MINI NASDAQ-100 INDEX - CHICAGO MERCANTILE EXCHANGE,209747,81693,447,2606,-2159,-2.642821294358146,2230,0,2230,2.729732045585301,43666,28141,15525,19.00407623664206,1267,5718,-4451,33270,44415,-11145,38,2026-09-29
2024-01-02,2024-01-06,MICRO E-MINI NASDAQ-100 INDEX - CHICAGO MERCANTILE EXCHANGE,209747,88050,2916,2799,117,0.13287904599659284,2711,584,2127,2.4156729131175467,31292,40664,-9372,-10.643952299829643,1053,5667,-4614,43561,31819,11742,41,2026-09-29
2024-01-09,2024-01-13,MICRO E-MINI NASDAQ-100 INDEX - CHICAGO MERCANTILE EXCHANGE,209747,96681,4029,540,3489,3.608775250566296,2303,0,2303,2.382060591015815,46501,50925,-4424,-4.575873232589651,1302,7277,-5975,40659,36052,4607,35,2026-09-29
2024-01-16,2024-01-20,MICRO E-MINI NASDAQ-100 INDEX - CHICAGO MERCANTILE EXCHANGE,209747,111904,4621,2729,1892,1.6907349156419789,2278,0,2278,2.035673434372319,64109,58458,5651,5.049864169287961,571,9169,-8598,39021,40244,-1223,35,2026-09-29
2024-01-23,2024-01-27,MICRO E-MINI NASDAQ-100 INDEX - CHICAGO MERCANTILE EXCHANGE,209747,130642,4411,4560,-149,-0.11405214249628756,2463,0,2463,1.8853048789822568,85471,65075,20396,15.612130861438128,377,14264,-13887,36238,45061,-8823,41,2026-09-29
2024-01-30,2024-02-03,MICRO E-MINI NASDAQ-100 INDEX - CHICAGO MERCANTILE EXCHANGE,209747,147645,7144,6050,1094,0.7409665075011006,2416,0,2416,1.6363574790883537,96929,83556,13373,9.057536658877712,547,15020,-14473,37736,40146,-2410,42,2026-09-29
2024-02-06,2024-02-10,MICRO E-MINI NASDAQ-100 INDEX - CHICAGO MERCANTILE EXCHANGE,209747,162798,9374,7193,2181,1.3396970478752812,2388,0,2388,1.466848487082151,109356,96815,12541,7.703411589822971,932,16909,-15977,37989,39122,-1133,47,2026-09-29
2024-02-13,2024-02-17,MICRO E-MINI NASDAQ-100 INDEX - CHICAGO MERCANTILE EXCHANGE,209747,169393,11491,7948,3543,2.0915858388481223,2540,0,2540,1.499471642865998,115572,93439,22133,13.066065303761077,1803,18639,-16836,35104,46484,-11380,44,2026-09-29
2024-02-20,2024-02-24,MICRO E-MINI NASDAQ-100 INDEX - CHICAGO MERCANTILE EXCHANGE,209747,178424,14319,8607,5712,3.2013630453302246,2804,517,2287,1.2817782361117338,117901,102521,15380,8.619916603147558,2156,20512,-18356,37124,42147,-5023,47,2026-09-29
2024-02-27,2024-03-02,MICRO E-MINI NASDAQ-100 INDEX - CHICAGO MERCANTILE EXCHANGE,209747,194773,16467,9529,6938,3.5620953622935416,2791,526,2265,1.1628921873154903,138798,111769,27029,13.87718010196485,985,21095,-20110,31277,47399,-16122,43,2026-09-29
2024-03-05,2024-03-09,MICRO E-MINI NASDAQ-100 INDEX - CHICAGO MERCANTILE EXCHANGE,209747,208258,17738,9974,7764,3.7280680694139,3381,1867,1514,0.7269828770083262,137141,132825,4316,2.072429390467593,2291,22521,-20230,42574,35938,6636,48,2026-09-29
2024-03-12,2024-03-16,MICRO E-MINI NASDAQ-100 INDEX - CHICAGO MERCANTILE EXCHANGE,209747,216086,22361,8125,14236,6.5881176938811405,2725,0,2725,1.2610719806003166,147761,132872,14889,6.890312190516738,872,24292,-23420,34697,43127,-8430,37,2026-09-29
2024-03-19,2024-03-23,MICRO E-MINI NASDAQ-100 INDEX - CHICAGO MERCANTILE EXCHANGE,209747,57409,3899,323,3576,6.228988486125869,2747,0,2747,4.784964030030134,8364,17701,-9337,-16.26400041805292,1893,3135,-1242,38876,34620,4256,38,2026-09-29
2024-03-26,2024-03-30,MICRO E-MINI NASDAQ-100 INDEX - CHICAGO MERCANTILE EXCHANGE,209747,61004,3268,966,2302,3.773523047669005,2677,0,2677,4.3882368369287255,9287,17259,-7972,-13.067995541275982,1807,3677,-1870,41660,36797,4863,38,2026-09-29
2024-04-02,2024-04-06,MICRO E-MINI NASDAQ-100 INDEX - CHICAGO MERCANTILE EXCHANGE,209747,71840,6135,1576,4559,6.346046770601337,3043,0,3043,4.235801781737194,9383,32941,-23558,-32.792316258351896,2126,4417,-2291,49661,31414,18247,44,2026-09-29
2024-04-09,2024-04-13,MICRO E-MINI NASDAQ-100 INDEX - CHICAGO MERCANTILE EXCHANGE,209747,65939,7470,1923,5547,8.41232047801756,2562,0,2562,3.8854092418750668,14969,18702,-3733,-5.66129301323951,2259,6955,-4696,37092,36772,320,47,2026-09-29
2024-04-16,2024-04-20,MICRO E-MINI NASDAQ-100 INDEX - CHICAGO MERCANTILE EXCHANGE,209747,74357,7287,1467,5820,7.827104374840298,2688,1162,1526,2.0522613876299474,4008,34243,-30235,-40.66194171362481,2785,7844,-5059,56775,28827,27948,44,2026-09-29
2024-04-23,2024-04-27,MICRO E-MINI NASDAQ-100 INDEX - CHICAGO MERCANTILE EXCHANGE,209747,68853,9211,1518,7693,11.173078878189767,3491,0,3491,5.0702220673028044,7979,24230,-16251,-23.602457409263213,1981,9715,-7734,45449,32648,12801,45,2026-09-29
2024-04-30,2024-05-04,MICRO E-MINI NASDAQ-100 INDEX - CHICAGO MERCANTILE EXCHANGE,209747,88075,9027,3549,5478,6.219699120068124,3399,886,2513,2.853250070962248,20780,46618,-25838,-29.336361055918253,1906,9850,-7944,52036,26245,25791,47,2026-09-29
2024-05-07,2024-05-11,MICRO E-MINI NASDAQ-100 INDEX - CHICAGO MERCANTILE EXCHANGE,209747,77482,10084,2453,7631,9.848739061975685,4210,0,4210,5.4335200433649105,25674,16504,9170,11.83500684029839,1873,10854,-8981,32786,44816,-12030,48,2026-09-29
2024-05-14,2024-05-18,MICRO E-MINI NASDAQ-100 INDEX - CHICAGO MERCANTILE EXCHANGE,209747,81365,8667,4281,4386,5.390524181158975,4036,779,3257,4.0029496712345605,33428,16681,16747,20.58256006882566,3204,13298,-10094,29811,44107,-14296,52,2026-09-29
2024-05-21,2024-05-25,MICRO E-MINI NASDAQ-100 INDEX - CHICAGO MERCANTILE EXCHANGE,209747,84902,8303,4651,3652,4.3014298838661045,4019,779,3240,3.816164519092601,36128,15439,20689,24.3680949800947,2970,15298,-12328,30668,45921,-15253,53,2026-09-29
2024-05-28,2024-06-01,MICRO E-MINI NASDAQ-100 INDEX - CHICAGO MERCANTILE EXCHANGE,209747,115887,9716,5497,4219,3.640615427097086,4192,779,3413,2.9451103229870474,42415,17639,24776,21.379447220136857,3659,16712,-13053,52732,72087,-19355,55,2026-09-29
2024-06-04,2024-06-08,MICRO E-MINI NASDAQ-100 INDEX - CHICAGO MERCANTILE EXCHANGE,209747,80914,12867,3479,9388,11.602442099018711,4350,0,4350,5.376078305361247,24704,20570,4134,5.109128210198483,3434,17202,-13768,33506,37610,-4104,54,2026-09-29
2024-06-11,2024-06-15,MICRO E-MINI NASDAQ-100 INDEX - CHICAGO MERCANTILE EXCHANGE,209747,96580,13402,3525,9877,10.226755021743632,4226,657,3569,3.695382066680472,46893,18603,28290,29.291778836197967,2777,20956,-18179,27734,51291,-23557,54,2026-09-29
2024-06-18,2024-06-22,MICRO E-MINI NASDAQ-100 INDEX - CHICAGO MERCANTILE EXCHANGE,209747,110833,15716,4431,11285,10.181985509730856,3766,718,3048,2.750083458897621,50198,20777,29421,26.54534299351276,3969,21340,-17371,27700,54083,-26383,57,2026-09-29
2024-06-25,2024-06-29,MICRO E-MINI NASDAQ-100 INDEX - CHICAGO MERCANTILE EXCHANGE,209747,62384,2202,3769,-1567,-2.5118620159015133,3616,2547,1069,1.7135804052321106,21472,12408,9064,14.529366504231856,1534,4152,-2618,30690,36638,-5948,51,2026-09-29
2024-07-02,2024-07-06,MICRO E-MINI NASDAQ-100 INDEX - CHICAGO MERCANTILE EXCHANGE,209747,67783,5184,3977,1207,1.7806824720062553,3582,798,2784,4.107224525323459,26458,4282,22176,32.71616777067997,3079,5771,-2692,28243,51718,-23475,48,2026-09-29
2024-07-09,2024-07-13,MICRO E-MINI NASDAQ-100 INDEX - CHICAGO MERCANTILE EXCHANGE,209747,71727,3896,2384,1512,2.1079928060562967,3749,798,2951,4.114210827164108,28708,6705,22003,30.676035523582474,2825,6476,-3651,31036,53851,-22815,47,2026-09-29
2024-07-16,2024-07-20,MICRO E-MINI NASDAQ-100 INDEX - CHICAGO MERCANTILE EXCHANGE,209747,78630,7889,2115,5774,7.343253211242528,3192,0,3192,4.059519267455169,25053,20088,4965,6.314383822968332,4211,8011,-3800,36268,46399,-10131,51,2026-09-29
2024-07-23,2024-07-27,MICRO E-MINI NASDAQ-100 INDEX - CHICAGO MERCANTILE EXCHANGE,209747,82736,7415,1847,5568,6.729839489460453,3268,0,3268,3.949912976213498,15171,22847,-7676,-9.277702572036356,6378,9982,-3604,45941,43497,2444,57,2026-09-29
2024-07-30,2024-08-03,MICRO E-MINI NASDAQ-100 INDEX - CHICAGO MERCANTILE EXCHANGE,209747,101969,12720,1715,11005,10.792495758514843,3021,0,3021,2.96266512371407,15400,33167,-17767,-17.42392295697712,7591,13362,-5771,58892,49380,9512,60,2026-09-29
2024-08-06,2024-08-10,MICRO E-MINI NASDAQ-100 INDEX - CHICAGO MERCANTILE EXCHANGE,209747,83983,15086,2115,12971,15.444792398461594,2271,0,2271,2.7041186906874013,16214,13169,3045,3.625733779455366,5938,10680,-4742,39360,52905,-13545,53,2026-09-29
2024-08-13,2024-08-17,MICRO E-MINI NASDAQ-100 INDEX - CHICAGO MERCANTILE EXCHANGE,209747,89181,14862,2798,12064,13.527545104899025,2510,0,2510,2.814500846592884,26837,18466,8371,9.386528520649016,4359,12370,-8011,34878,49812,-14934,56,2026-09-29
2024-08-20,2024-08-24,MICRO E-MINI NASDAQ-100 INDEX - CHICAGO MERCANTILE EXCHANGE,209747,89025,16262,2799,13463,15.122718337545631,2921,0,2921,3.2811008143779836,25173,26914,-1741,-1.955630440887391,3377,12172,-8795,35922,41770,-5848,57,2026-09-29
2024-08-27,2024-08-31,MICRO E-MINI NASDAQ-100 INDEX - CHICAGO MERCANTILE EXCHANGE,209747,91514,13594,2599,10995,12.014555150031688,2739,0,2739,2.9929846799396813,25736,30602,-4866,-5.31721922328824,3534,14047,-10513,39463,37818,1645,59,2026-09-29
2024-09-03,2024-09-07,MICRO E-MINI NASDAQ-100 INDEX - CHICAGO MERCANTILE EXCHANGE,209747,98843,19995,2951,17044,17.243507380391126,2713,0,2713,2.7447568365994557,18590,22115,-3525,-3.566261647258784,3699,15191,-11492,46646,51386,-4740,63,2026-09-29
2024-09-10,2024-09-14,MICRO E-MINI NASDAQ-100 INDEX - CHICAGO MERCANTILE EXCHANGE,209747,100549,19280,2700,16580,16.48947279435897,3077,0,3077,3.060199504719092,27613,19258,8355,8.309381495589214,3812,15052,-11240,36602,53374,-16772,60,2026-09-29
2024-09-17,2024-09-21,MICRO E-MINI NASDAQ-100 INDEX - CHICAGO MERCANTILE EXCHANGE,209747,109218,20164,3108,17056,15.616473475068213,2754,0,2754,2.521562379827501,33589,27506,6083,5.569594755443242,2421,14253,-11832,37626,51687,-14061,51,2026-09-29
2024-09-24,2024-09-28,MICRO E-MINI NASDAQ-100 INDEX - CHICAGO MERCANTILE EXCHANGE,209747,50770,4800,1207,3593,7.077013984636596,2781,0,2781,5.4776442781169985,5773,19843,-14070,-27.713216466417173,2767,2046,721,32906,25931,6975,44,2026-09-29
2024-10-01,2024-10-05,MICRO E-MINI NASDAQ-100 INDEX - CHICAGO MERCANTILE EXCHANGE,209747,55426,1140,785,355,0.6404936311478368,2372,0,2372,4.27957998051456,9667,23463,-13796,-24.890845451593115,1870,4088,-2218,37799,24512,13287,46,2026-09-29
2024-10-08,2024-10-12,MICRO E-MINI NASDAQ-100 INDEX - CHICAGO MERCANTILE EXCHANGE,209747,68856,10894,2230,8664,12.582781456953644,2600,204,2396,3.479725804577669,11649,30552,-18903,-27.45294527710003,1748,2937,-1189,38418,29386,9032,47,2026-09-29
2024-10-15,2024-10-19,MICRO E-MINI NASDAQ-100 INDEX - CHICAGO MERCANTILE EXCHANGE,209747,79125,14090,3310,10780,13.624012638230647,2329,223,2106,2.661611374407583,10910,42112,-31202,-39.433807266982626,2099,4314,-2215,45383,24852,20531,48,2026-09-29
2024-10-22,2024-10-26,MICRO E-MINI NASDAQ-100 INDEX - CHICAGO MERCANTILE EXCHANGE,209747,88954,16966,6128,10838,12.18382534793264,2059,223,1836,2.0639881286957302,22411,43557,-21146,-23.771837129302785,3014,5472,-2458,39297,28367,10930,51,2026-09-29
2024-10-29,2024-11-02,MICRO E-MINI NASDAQ-100 INDEX - CHICAGO MERCANTILE EXCHANGE,209747,103675,19512,7556,11956,11.53219194598505,2066,0,2066,1.9927658548348204,36310,53031,-16721,-16.12828550759585,3124,6245,-3121,37280,31460,5820,51,2026-09-29
2024-11-05,2024-11-09,MICRO E-MINI NASDAQ-100 INDEX - CHICAGO MERCANTILE EXCHANGE,209747,107764,23090,7871,15219,14.122527003451987,2263,2139,124,0.11506625589250584,34909,57935,-23026,-21.367061356297093,3620,7276,-3656,37788,26449,11339,55,2026-09-29
2024-11-12,2024-11-16,MICRO E-MINI NASDAQ-100 INDEX - CHICAGO MERCANTILE EXCHANGE,209747,114223,24267,11280,12987,11.369864212986878,2510,1141,1369,1.1985326948162804,46818,54714,-7896,-6.9127933953757115,2227,7746,-5519,31859,32800,-941,55,2026-09-29
2024-11-19,2024-11-23,MICRO E-MINI NASDAQ-100 INDEX - CHICAGO MERCANTILE EXCHANGE,209747,122700,27811,12356,15455,12.595762021189893,2312,0,2312,1.8842705786471066,38744,67830,-29086,-23.704971475142624,4992,8142,-3150,40768,26299,14469,50,2026-09-29
2024-11-26,2024-11-30,MICRO E-MINI NASDAQ-100 INDEX - CHICAGO MERCANTILE EXCHANGE,209747,133750,32477,11191,21286,15.914766355140186,2337,1905,432,0.32299065420560746,48072,76524,-28452,-21.27252336448598,4235,8548,-4313,38037,26990,11047,48,2026-09-29
2024-12-03,2024-12-07,MICRO E-MINI NASDAQ-100 INDEX - CHICAGO MERCANTILE EXCHANGE,209747,141068,32847,13082,19765,14.010973431253012,2257,0,2257,1.5999376187370629,54946,73555,-18609,-13.191510477216662,4902,9622,-4720,36478,35171,1307,51,2026-09-29
2024-12-10,2024-12-14,MICRO E-MINI NASDAQ-100 INDEX - CHICAGO MERCANTILE EXCHANGE,209747,150262,33557,14833,18724,12.460901625161384,2814,0,2814,1.8727289667380975,60334,77932,-17598,-11.711543836765118,4101,12203,-8102,37879,33717,4162,54,2026-09-29
2024-12-17,2024-12-21,MICRO E-MINI NASDAQ-100 INDEX - CHICAGO MERCANTILE EXCHANGE,209747,155234,38734,16213,22521,14.50777535849105,2848,0,2848,1.834649625726323,59452,75555,-16103,-10.373371812876044,6049,13922,-7873,36734,38127,-1393,56,2026-09-29
2024-12-24,2024-12-28,MICRO E-MINI NASDAQ-100 INDEX - CHICAGO MERCANTILE EXCHANGE,209747,56789,3831,1438,2393,4.213844230396732,2168,0,2168,3.8176407402842103,15511,4674,10837,19.08292098821955,2261,1729,532,30331,46261,-15930,39,2026-09-29
2024-12-31,2025-01-04,MICRO E-MINI NASDAQ-100 INDEX - CHICAGO MERCANTILE EXCHANGE,209747,56209,2175,1553,622,1.1065843548186234,2423,0,2423,4.310697575121422,7089,10935,-3846,-6.842320624810973,2819,2198,621,39824,39644,180,40,2026-09-29
2025-01-07,2025-01-11,MICRO E-MINI NASDAQ-100 INDEX - CHICAGO MERCANTILE EXCHANGE,209747,66460,11365,1651,9714,14.61631056274451,2459,2592,-133,-0.20012037315678605,8531,20540,-12009,-18.069515498043938,3901,2563,1338,37798,36708,1090,48,2026-09-29
2025-01-14,2025-01-18,MICRO E-MINI NASDAQ-100 INDEX - CHICAGO MERCANTILE EXCHANGE,209747,75820,12728,1582,11146,14.700606700079137,2431,2879,-448,-0.5908731205486679,9642,30259,-20617,-27.19203376417832,4465,3931,534,41675,32290,9385,56,2026-09-29
2025-01-21,2025-01-25,MICRO E-MINI NASDAQ-100 INDEX - CHICAGO MERCANTILE EXCHANGE,209747,90781,12582,1637,10945,12.056487591015742,2750,1828,922,1.0156310241129751,29703,35630,-5927,-6.5288992189995705,2935,4088,-1153,36189,40976,-4787,52,2026-09-29
2025-01-28,2025-02-01,MICRO E-MINI NASDAQ-100 INDEX - CHICAGO MERCANTILE EXCHANGE,209747,116345,16389,1721,14668,12.607331642958442,2871,2336,535,0.4598392711332674,50391,52686,-2295,-1.9725815462632685,2451,6927,-4476,38544,46976,-8432,53,2026-09-29
2025-02-04,2025-02-08,MICRO E-MINI NASDAQ-100 INDEX - CHICAGO MERCANTILE EXCHANGE,209747,122843,15975,1665,14310,11.649015409913467,2852,2081,771,0.6276303900100128,60410,58816,1594,1.297591234339767,3794,10182,-6388,33595,43882,-10287,59,2026-09-29
2025-02-11,2025-02-15,MICRO E-MINI NASDAQ-100 INDEX - CHICAGO MERCANTILE EXCHANGE,209747,128569,26555,1352,25203,19.60270360662368,1756,1676,80,0.06222339755306489,56938,62064,-5126,-3.986964198212633,3265,10252,-6987,33748,46918,-13170,56,2026-09-29
2025-02-18,2025-02-22,MICRO E-MINI NASDAQ-100 INDEX - CHICAGO MERCANTILE EXCHANGE,209747,139550,27176,1564,25612,18.353278394840558,1784,472,1312,0.9401648154783232,68037,69248,-1211,-0.8677893228233609,3788,10964,-7176,33511,52048,-18537,54,2026-09-29
2025-02-25,2025-03-01,MICRO E-MINI NASDAQ-100 INDEX - CHICAGO MERCANTILE EXCHANGE,209747,152770,52499,1655,50844,33.28140341690122,2286,378,1908,1.2489363094848467,24982,94618,-69636,-45.58224782352556,4685,9885,-5200,60286,38202,22084,63,2026-09-29
2025-03-04,2025-03-08,MICRO E-MINI NASDAQ-100 INDEX - CHICAGO MERCANTILE EXCHANGE,209747,162442,70212,1979,68233,42.00453084793342,1962,200,1762,1.084694844929267,22398,111787,-89389,-55.028256239149975,5008,10298,-5290,54539,29855,24684,64,2026-09-29
2025-03-11,2025-03-15,MICRO E-MINI NASDAQ-100 INDEX - CHICAGO MERCANTILE EXCHANGE,209747,163362,60037,2601,57436,35.15872724378987,3862,0,3862,2.3640748766543016,20874,106955,-86081,-52.69340483098885,4135,13101,-8966,64726,30977,33749,66,2026-09-29
2025-03-18,2025-03-22,MICRO E-MINI NASDAQ-100 INDEX - CHICAGO MERCANTILE EXCHANGE,209747,189594,73439,6197,67242,35.46631222507041,2167,0,2167,1.14296865934576,21557,124307,-102750,-54.194752998512605,2875,16460,-13585,66957,20031,46926,58,2026-09-29
2025-03-25,2025-03-29,MICRO E-MINI NASDAQ-100 INDEX - CHICAGO MERCANTILE EXCHANGE,209747,70401,3950,3378,572,0.8124884589707534,2645,0,2645,3.7570489055553185,22582,18152,4430,6.292524253916848,3015,3605,-590,37227,44284,-7057,53,2026-09-29
2025-04-01,2025-04-05,MICRO E-MINI NASDAQ-100 INDEX - CHICAGO MERCANTILE EXCHANGE,209747,94587,13160,4539,8621,9.114360324357468,1635,0,1635,1.7285673506930128,27514,45733,-18219,-19.26163214818104,2975,4759,-1784,48456,38709,9747,48,2026-09-29
2025-04-08,2025-04-12,MICRO E-MINI NASDAQ-100 INDEX - CHICAGO MERCANTILE EXCHANGE,209747,121946,34791,4439,30352,24.889705279385957,2030,0,2030,1.6646712479294112,39845,78455,-38610,-31.661555114558904,4250,3461,789,39082,33643,5439,59,2026-09-29
2025-04-15,2025-04-19,MICRO E-MINI NASDAQ-100 INDEX - CHICAGO MERCANTILE EXCHANGE,209747,142627,36986,3509,33477,23.471712929529474,2641,0,2641,1.8516830614119346,27363,112815,-85452,-59.91291971365871,1552,2997,-1445,72513,21734,50779,54,2026-09-29
2025-04-22,2025-04-26,MICRO E-MINI NASDAQ-100 INDEX - CHICAGO MERCANTILE EXCHANGE,209747,151870,38569,3508,35061,23.086192138012773,2522,1745,777,0.5116217817870548,15278,121281,-106003,-69.79851188516494,2050,1983,67,91366,21268,70098,54,2026-09-29
2025-04-29,2025-05-03,MICRO E-MINI NASDAQ-100 INDEX - CHICAGO MERCANTILE EXCHANGE,209747,189289,51684,3587,48097,25.40929478205284,3268,1874,1394,0.7364400467010761,15350,147971,-132621,-70.06270834544004,3418,2594,824,112907,30601,82306,54,2026-09-29
2025-05-06,2025-05-10,MICRO E-MINI NASDAQ-100 INDEX - CHICAGO MERCANTILE EXCHANGE,209747,222016,67143,3956,63187,28.46056140098011,3870,2801,1069,0.48149682905736524,13111,174500,-161389,-72.69250864802537,3430,3922,-492,130783,33158,97625,61,2026-09-29
2025-05-13,2025-05-17,MICRO E-MINI NASDAQ-100 INDEX - CHICAGO MERCANTILE EXCHANGE,209747,238228,71881,4605,67276,28.240173279379416,2668,2242,426,0.17882028980640394,10039,176410,-166371,-69.83687895629397,3707,6243,-2536,144322,43117,101205,60,2026-09-29
2025-05-20,2025-05-24,MICRO E-MINI NASDAQ-100 INDEX - CHICAGO MERCANTILE EXCHANGE,209747,217420,47775,7303,40472,18.614662864501884,3532,3638,-106,-0.04875356452948211,10666,153893,-143227,-65.87572440437862,3454,5762,-2308,147747,42578,105169,58,2026-09-29
2025-05-27,2025-05-31,MICRO E-MINI NASDAQ-100 INDEX - CHICAGO MERCANTILE EXCHANGE,209747,204499,27228,6152,21076,10.306162866322085,2719,751,1968,0.9623518941412915,18259,144476,-126217,-61.720106210788316,2658,6098,-3440,148779,42166,106613,61,2026-09-29
2025-06-03,2025-06-07,MICRO E-MINI NASDAQ-100 INDEX - CHICAGO MERCANTILE EXCHANGE,209747,210920,24715,24713,2,0.0009482268158543524,3661,755,2906,1.377773563436374,30553,135683,-105130,-49.84354257538403,2217,6633,-4416,146600,39962,106638,64,2026-09-29
2025-06-10,2025-06-14,MICRO E-MINI NASDAQ-100 INDEX - CHICAGO MERCANTILE EXCHANGE,209747,217827,29461,27023,2438,1.1192368255542242,4559,3162,1397,0.6413346371202835,33197,141715,-108518,-49.818433894788065,2907,6036,-3129,145594,37782,107812,66,2026-09-29
2025-06-17,2025-06-21,MICRO E-MINI NASDAQ-100 INDEX - CHICAGO MERCANTILE EXCHANGE,209747,231581,32913,37338,-4425,-1.9107785180994985,1891,3090,-1199,-0.5177454108929489,38841,145282,-106441,-45.9627516937918,3716,2594,1122,148513,37570,110943,59,2026-09-29
2025-06-24,2025-06-28,MICRO E-MINI NASDAQ-100 INDEX - CHICAGO MERCANTILE EXCHANGE,209747,66181,2758,12814,-10056,-15.194693340989105,2256,3799,-1543,-2.3314848672579744,27931,3972,23959,36.20223326936734,1855,2650,-795,30918,42483,-11565,49,2026-09-29
2025-07-01,2025-07-05,MICRO E-MINI NASDAQ-100 INDEX - CHICAGO MERCANTILE EXCHANGE,209747,87750,7781,29772,-21991,-25.060968660968662,2832,3660,-828,-0.9435897435897437,40543,8879,31664,36.084330484330486,866,4116,-3250,33757,39352,-5595,58,2026-09-29
2025-07-08,2025-07-12,MICRO E-MINI NASDAQ-100 INDEX - CHICAGO MERCANTILE EXCHANGE,209747,94661,10868,32396,-21528,-22.742206399678857,2785,2885,-100,-0.10564012634559111,46840,10557,36283,38.32940704197082,1865,4258,-2393,30679,42941,-12262,53,2026-09-29
2025-07-15,2025-07-19,MICRO E-MINI NASDAQ-100 INDEX - CHICAGO MERCANTILE EXCHANGE,209747,102323,15418,35243,-19825,-19.374920594587728,2718,2857,-139,-0.13584433607302368,50045,11157,38888,38.00514058422838,2830,6267,-3437,30569,46056,-15487,60,2026-09-29
2025-07-22,2025-07-26,MICRO E-MINI NASDAQ-100 INDEX - CHICAGO MERCANTILE EXCHANGE,209747,105626,23824,31652,-7828,-7.411054096529264,3025,875,2150,2.0354836877284,42233,17758,24475,23.17137825914074,2106,7996,-5890,33406,46313,-12907,62,2026-09-29
2025-07-29,2025-08-02,MICRO E-MINI NASDAQ-100 INDEX - CHICAGO MERCANTILE EXCHANGE,209747,118827,26407,31475,-5068,-4.26502394237,3341,1001,2340,1.9692494130121942,52776,23919,28857,24.284884748415763,638,9867,-9229,34714,51614,-16900,61,2026-09-29
2025-08-05,2025-08-09,MICRO E-MINI NASDAQ-100 INDEX - CHICAGO MERCANTILE EXCHANGE,209747,127775,46897,23010,23887,18.694580316963414,3748,2533,1215,0.9508902367442771,39505,45672,-6167,-4.8264527489728035,506,1816,-1310,35722,53347,-17625,63,2026-09-29
2025-08-12,2025-08-16,MICRO E-MINI NASDAQ-100 INDEX - CHICAGO MERCANTILE EXCHANGE,209747,132352,44120,28813,15307,11.565371131528046,3448,3030,418,0.31582446808510634,53889,33958,19931,15.05908486460348,1152,1902,-750,28595,63501,-34906,60,2026-09-29
2025-08-19,2025-08-23,MICRO E-MINI NASDAQ-100 INDEX - CHICAGO MERCANTILE EXCHANGE,209747,148813,49984,35025,14959,10.05221318030011,2613,3405,-792,-0.5322115675377823,51772,52859,-1087,-0.7304469367595573,1165,1961,-796,41347,53631,-12284,65,2026-09-29
2025-08-26,2025-08-30,MICRO E-MINI NASDAQ-100 INDEX - CHICAGO MERCANTILE EXCHANGE,209747,139670,28680,34837,-6157,-4.40824801317391,2380,1952,428,0.3064366005584592,67517,41735,25782,18.459225316818216,1242,2268,-1026,36507,55534,-19027,67,2026-09-29
2025-09-02,2025-09-06,MICRO E-MINI NASDAQ-100 INDEX - CHICAGO MERCANTILE EXCHANGE,209747,138361,36441,28028,8413,6.080470652857381,2658,2933,-275,-0.1987554296369642,58032,51966,6066,4.384183404282998,1187,1860,-673,38262,51793,-13531,75,2026-09-29
2025-09-09,2025-09-13,MICRO E-MINI NASDAQ-100 INDEX - CHICAGO MERCANTILE EXCHANGE,209747,134277,43466,16112,27354,20.37132196876606,2541,1216,1325,0.9867661624850123,53057,55189,-2132,-1.5877626101268274,681,2644,-1963,31152,55736,-24584,73,2026-09-29
2025-09-16,2025-09-20,MICRO E-MINI NASDAQ-100 INDEX - CHICAGO MERCANTILE EXCHANGE,209747,144704,49208,20919,28289,19.549563246351173,3033,1029,2004,1.3848960636886334,51707,56758,-5051,-3.4905738611233965,577,3473,-2896,31157,53503,-22346,76,2026-09-29
2025-09-23,2025-09-27,MICRO E-MINI NASDAQ-100 INDEX - CHICAGO MERCANTILE EXCHANGE,209747,64670,9262,8818,444,0.6865625483222514,3151,804,2347,3.6291943714241532,12386,11002,1384,2.140095871346838,450,2816,-2366,37550,39359,-1809,61,2026-09-29
2025-09-30,2025-10-04,MICRO E-MINI NASDAQ-100 INDEX - CHICAGO MERCANTILE EXCHANGE,209747,76012,17464,9312,8152,10.724622428037678,3061,673,2388,3.141609219596906,15198,26167,-10969,-14.430616218491817,250,1642,-1392,37921,36100,1821,61,2026-09-29
2025-10-07,2025-10-11,MICRO E-MINI NASDAQ-100 INDEX - CHICAGO MERCANTILE EXCHANGE,209747,88841,23841,5676,18165,20.44664062763814,3456,830,2626,2.9558424601253925,18214,41782,-23568,-26.52829211737824,988,2487,-1499,41109,36833,4276,70,2026-09-29
2025-10-14,2025-10-18,MICRO E-MINI NASDAQ-100 INDEX - CHICAGO MERCANTILE EXCHANGE,209747,111697,42781,4968,37813,33.85319211796199,3730,884,2846,2.547964582755132,21777,69982,-48205,-43.15693348970876,148,3182,-3034,41489,30909,10580,65,2026-09-29
2025-10-21,2025-10-25,MICRO E-MINI NASDAQ-100 INDEX - CHICAGO MERCANTILE EXCHANGE,209747,105092,34276,4329,29947,28.495984470749434,3839,3216,623,0.5928139154264834,27535,54547,-27012,-25.703193392456136,166,2670,-2504,37156,38210,-1054,67,2026-09-29
2025-10-28,2025-11-01,MICRO E-MINI NASDAQ-100 INDEX - CHICAGO MERCANTILE EXCHANGE,209747,113693,29324,3788,25536,22.460485693930146,4122,643,3479,3.0599948985425662,45995,55306,-9311,-8.189598304205184,148,2581,-2433,32674,49945,-17271,68,2026-09-29
2025-11-04,2025-11-08,MICRO E-MINI NASDAQ-100 INDEX - CHICAGO MERCANTILE EXCHANGE,209747,120513,37195,5127,32068,26.609577389991124,4891,509,4382,3.6361222440732535,29124,75377,-46253,-38.3800917743314,1247,2482,-1235,45635,34597,11038,66,2026-09-29
2025-11-10,2025-11-14,MICRO E-MINI NASDAQ-100 INDEX - CHICAGO MERCANTILE EXCHANGE,209747,132432,53817,4327,49490,37.370122024888246,4222,390,3832,2.893560468768878,30358,89303,-58945,-44.50963513350248,656,2301,-1645,40436,33168,7268,69,2026-09-29
2025-11-18,2025-11-22,MICRO E-MINI NASDAQ-100 INDEX - CHICAGO MERCANTILE EXCHANGE,209747,159579,68053,5812,62241,39.00325230763446,4496,598,3898,2.442677294631499,29977,124480,-94503,-59.22019814637264,1011,1610,-599,52818,23855,28963,68,2026-09-29
2025-11-25,2025-11-29,MICRO E-MINI NASDAQ-100 INDEX - CHICAGO MERCANTILE EXCHANGE,209747,187145,99473,4239,95234,50.887814261668765,4358,2806,1552,0.8293034812578481,24522,144167,-119645,-63.931710705602605,727,2683,-1956,54546,29731,24815,71,2026-09-29
2025-12-02,2025-12-06,MICRO E-MINI NASDAQ-100 INDEX - CHICAGO MERCANTILE EXCHANGE,209747,203707,110129,4577,105552,51.81559789305228,4166,509,3657,1.7952254954419828,29783,158877,-129094,-63.37239270128174,1521,2511,-990,54105,33230,20875,68,2026-09-29
2025-12-09,2025-12-13,MICRO E-MINI NASDAQ-100 INDEX - CHICAGO MERCANTILE EXCHANGE,209747,217362,122978,4869,118109,54.337464690240246,5943,409,5534,2.5459831985351626,26416,174293,-147877,-68.03259079323894,1138,2971,-1833,56089,30022,26067,69,2026-09-29
2025-12-16,2025-12-20,MICRO E-MINI NASDAQ-100 INDEX - CHICAGO MERCANTILE EXCHANGE,209747,251741,131602,4319,127283,50.56109255147155,6253,0,6253,2.483902105735657,28502,198256,-169754,-67.43200352743494,2214,1919,295,62460,26537,35923,71,2026-09-29
2025-12-23,2025-12-27,MICRO E-MINI NASDAQ-100 INDEX - CHICAGO MERCANTILE EXCHANGE,209747,87530,7099,18304,-11205,-12.801325259910886,5853,0,5853,6.686850222780761,34344,15285,19059,21.774248828972922,2253,445,1808,36842,52357,-15515,60,2026-09-29
2025-12-30,2026-01-03,MICRO E-MINI NASDAQ-100 INDEX - CHICAGO MERCANTILE EXCHANGE,209747,99122,8722,28551,-19829,-20.004640745747665,5712,1462,4250,4.2876455277335,43247,17288,25959,26.18893888339622,2009,1450,559,38741,49680,-10939,63,2026-09-29
2026-01-06,2026-01-10,MICRO E-MINI NASDAQ-100 INDEX - CHICAGO MERCANTILE EXCHANGE,209747,101243,11176,31029,-19853,-19.609256936282016,5930,0,5930,5.857195065337851,43030,8228,34802,34.3747222030165,2316,267,2049,37182,60110,-22928,64,2026-09-29
2026-01-13,2026-01-17,MICRO E-MINI NASDAQ-100 INDEX - CHICAGO MERCANTILE EXCHANGE,209747,85251,10514,26580,-16066,-18.845526738689284,5968,0,5968,7.000504392910348,31511,9549,21962,25.761574644285695,1900,270,1630,34217,47711,-13494,62,2026-09-29
2026-01-20,2026-01-24,MICRO E-MINI NASDAQ-100 INDEX - CHICAGO MERCANTILE EXCHANGE,209747,88478,11885,16555,-4670,-5.278148240240512,4768,0,4768,5.3889102375731825,16155,31238,-15083,-17.047175569068017,1806,418,1388,52487,38890,13597,61,2026-09-29
2026-01-27,2026-01-31,MICRO E-MINI NASDAQ-100 INDEX - CHICAGO MERCANTILE EXCHANGE,209747,90897,14822,16788,-1966,-2.16288766405932,5992,221,5771,6.348944409606477,33397,25811,7586,8.345709979427264,1672,739,933,33048,45372,-12324,70,2026-09-29
2026-02-03,2026-02-07,MICRO E-MINI NASDAQ-100 INDEX - CHICAGO MERCANTILE EXCHANGE,209747,109610,29200,8714,20486,18.689900556518566,7307,223,7084,6.462913967703676,20404,65859,-45455,-41.46975640908676,1414,460,954,48318,31387,16931,67,2026-09-29
2026-02-10,2026-02-14,MICRO E-MINI NASDAQ-100 INDEX - CHICAGO MERCANTILE EXCHANGE,209747,113838,41974,5921,36053,31.67044396422987,7112,1255,5857,5.145030657601152,18368,64806,-46438,-40.79305680001406,750,560,190,42740,38402,4338,61,2026-09-29
2026-02-17,2026-02-21,MICRO E-MINI NASDAQ-100 INDEX - CHICAGO MERCANTILE EXCHANGE,209747,144386,63269,4570,58699,40.654218553045304,7143,1903,5240,3.6291607219536517,21687,95074,-73387,-50.82694998130013,877,345,532,47249,38333,8916,62,2026-09-29
2026-02-24,2026-02-28,MICRO E-MINI NASDAQ-100 INDEX - CHICAGO MERCANTILE EXCHANGE,209747,145659,71457,3960,67497,46.33905216979383,8898,227,8671,5.952944891836412,18534,95567,-77033,-52.88584982733645,872,1005,-133,41502,40504,998,60,2026-09-29
2026-03-03,2026-03-07,MICRO E-MINI NASDAQ-100 INDEX - CHICAGO MERCANTILE EXCHANGE,209747,170836,91454,3871,87583,51.26729729096912,10588,238,10350,6.058442014563675,22133,130058,-107925,-63.17462361563136,477,1937,-1460,41268,29816,11452,62,2026-09-29
2026-03-10,2026-03-14,MICRO E-MINI NASDAQ-100 INDEX - CHICAGO MERCANTILE EXCHANGE,209747,154685,78639,4346,74293,48.028574199178976,11206,238,10968,7.090538836991304,19841,107606,-87765,-56.73788667291593,0,2492,-2492,37806,32810,4996,58,2026-09-29
2026-03-17,2026-03-21,MICRO E-MINI NASDAQ-100 INDEX - CHICAGO MERCANTILE EXCHANGE,209747,170606,82535,3902,78633,46.09040713691195,11646,245,11401,6.682648910354853,15666,111455,-95789,-56.14632545162538,222,1900,-1678,49559,42126,7433,57,2026-09-29
2026-03-24,2026-03-28,MICRO E-MINI NASDAQ-100 INDEX - CHICAGO MERCANTILE EXCHANGE,209747,87744,17340,1632,15708,17.902078774617067,12118,243,11875,13.533688913202042,20910,53379,-32469,-37.004239606126916,1041,1479,-438,35828,30504,5324,58,2026-09-29
2026-03-31,2026-04-04,MICRO E-MINI NASDAQ-100 INDEX - CHICAGO MERCANTILE EXCHANGE,209747,110359,39998,3003,36995,33.522413215052694,9648,244,9404,8.521280548029612,21289,66030,-44741,-40.541324223670024,1290,1269,21,35380,37059,-1679,61,2026-09-29
2026-04-07,2026-04-11,MICRO E-MINI NASDAQ-100 INDEX - CHICAGO MERCANTILE EXCHANGE,209747,118694,58177,3853,54324,45.768109592734255,9776,244,9532,8.030734493740207,17899,79957,-62058,-52.28402446627462,1022,1801,-779,30428,31447,-1019,57,2026-09-29
2026-04-14,2026-04-18,MICRO E-MINI NASDAQ-100 INDEX - CHICAGO MERCANTILE EXCHANGE,209747,163351,93824,4409,89415,54.737956914864306,10172,247,9925,6.075873425935562,16044,108287,-92243,-56.469198229579256,1137,2155,-1018,39547,45626,-6079,66,2026-09-29
2026-04-21,2026-04-25,MICRO E-MINI NASDAQ-100 INDEX - CHICAGO MERCANTILE EXCHANGE,209747,225959,140629,5445,135184,59.82678273492093,15135,0,15135,6.698117800131882,18145,170529,-152384,-67.43878314207444,1352,1639,-287,47749,45397,2352,68,2026-09-29
2026-04-28,2026-05-02,MICRO E-MINI NASDAQ-100 INDEX - CHICAGO MERCANTILE EXCHANGE,209747,264672,173094,5278,167816,63.40527143029864,15191,2134,13057,4.933275903760126,12198,209328,-197130,-74.48086688429453,1832,1983,-151,59042,42634,16408,70,2026-09-29
2026-05-05,2026-05-09,MICRO E-MINI NASDAQ-100 INDEX - CHICAGO MERCANTILE EXCHANGE,209747,277639,187061,3682,183379,66.04943829937436,15453,238,15215,5.480137876883291,12145,214533,-202388,-72.89609889100595,2287,2138,149,56118,52473,3645,73,2026-09-29
2026-05-12,2026-05-16,MICRO E-MINI NASDAQ-100 INDEX - CHICAGO MERCANTILE EXCHANGE,209747,284748,171042,4470,166572,58.498040372539926,14509,247,14262,5.008639217834717,15443,232402,-216959,-76.19333586188489,2228,1953,275,76573,40723,35850,72,2026-09-29
2026-05-19,2026-05-23,MICRO E-MINI NASDAQ-100 INDEX - CHICAGO MERCANTILE EXCHANGE,209747,268580,144793,4098,140695,52.38476431603246,14140,351,13789,5.1340382753741896,14786,219296,-204510,-76.1449102688212,2361,1392,969,86605,37548,49057,74,2026-09-29
2026-05-26,2026-05-30,MICRO E-MINI NASDAQ-100 INDEX - CHICAGO MERCANTILE EXCHANGE,209747,276274,142094,11404,130690,47.304487573930224,14160,201,13959,5.052592715926942,21118,211081,-189963,-68.75891325278528,2251,1552,699,90127,45512,44615,72,2026-09-29
2026-06-02,2026-06-06,MICRO E-MINI NASDAQ-100 INDEX - CHICAGO MERCANTILE EXCHANGE,209747,308653,154867,11943,142924,46.3057219596116,13658,1773,11885,3.8506024564802543,26725,238608,-211883,-68.64763990630254,4313,1970,2343,102090,47359,54731,80,2026-09-29
2026-06-09,2026-06-13,MICRO E-MINI NASDAQ-100 INDEX - CHICAGO MERCANTILE EXCHANGE,209747,292218,126856,2969,123887,42.395403431684564,13603,2903,10700,3.6616498641425235,22902,247380,-224478,-76.81867646756874,4830,895,3935,117077,31121,85956,75,2026-09-29
2026-06-16,2026-06-20,MICRO E-MINI NASDAQ-100 INDEX - CHICAGO MERCANTILE EXCHANGE,209747,308130,131013,2532,128481,41.69701100184987,9347,1249,8098,2.628111511375069,24801,257944,-233143,-75.66384318307207,4190,1016,3174,121137,27747,93390,78,2026-09-29
2026-06-23,2026-06-27,MICRO E-MINI NASDAQ-100 INDEX - CHICAGO MERCANTILE EXCHANGE,209747,117242,12467,2863,9604,8.191603691509869,9053,354,8699,7.419696013374047,26148,89562,-63414,-54.08812541580662,2212,545,1667,66361,22917,43444,66,2026-09-29
2026-06-30,2026-07-04,MICRO E-MINI NASDAQ-100 INDEX - CHICAGO MERCANTILE EXCHANGE,209747,180763,69131,2395,66736,36.91905976333653,9422,570,8852,4.897019854726907,26846,140114,-113268,-62.661053423543535,503,1883,-1380,72667,33607,39060,69,2026-09-29
2026-07-07,2026-07-11,MICRO E-MINI NASDAQ-100 INDEX - CHICAGO MERCANTILE EXCHANGE,209747,180661,77402,5384,72018,39.86361195830865,9493,570,8923,4.939084805242969,13527,148182,-134655,-74.53462562478897,723,1501,-778,77593,23101,54492,73,2026-09-29
2026-07-14,2026-07-18,MICRO E-MINI NASDAQ-100 INDEX - CHICAGO MERCANTILE EXCHANGE,209747,223835,90454,6841,83613,37.35474791699242,9162,569,8593,3.8389885406661155,24005,185608,-161603,-72.19737753255745,1318,1440,-122,96131,26612,69519,74,2026-09-29
2026-07-21,2026-07-25,MICRO E-MINI NASDAQ-100 INDEX - CHICAGO MERCANTILE EXCHANGE,209747,246195,94039,5271,88768,36.055971892199274,10261,570,9691,3.936310648063527,44192,203166,-158974,-64.5723918032454,853,2314,-1461,93405,31429,61976,71,2026-09-29
2026-07-28,2026-08-01,MICRO E-MINI NASDAQ-100 INDEX - CHICAGO MERCANTILE EXCHANGE,209747,249950,105878,8063,97815,39.13382676535307,10029,216,9813,3.9259851970394077,26254,212882,-186628,-74.66613322664533,1305,1565,-260,101664,22404,79260,78,2026-09-29
2026-08-04,2026-08-08,MICRO E-MINI NASDAQ-100 INDEX - CHICAGO MERCANTILE EXCHANGE,209747,311244,107665,9012,98653,31.69635398594029,9479,548,8931,2.869452905116243,36183,259262,-223079,-71.67334952641657,670,2502,-1832,153754,36427,117327,73,2026-09-29
2026-08-11,2026-08-15,MICRO E-MINI NASDAQ-100 INDEX - CHICAGO MERCANTILE EXCHANGE,209747,196776,110491,4677,105814,53.77383420742367,9726,489,9237,4.694170020734236,25471,101491,-76020,-38.63276009269423,1293,1797,-504,44713,83240,-38527,70,2026-09-29
2026-08-18,2026-08-22,MICRO E-MINI NASDAQ-100 INDEX - CHICAGO MERCANTILE EXCHANGE,209747,203158,106184,6594,99590,49.0209590564979,10044,3098,6946,3.419013772531724,29908,89285,-59377,-29.227005581862393,1381,1347,34,50230,97423,-47193,74,2026-09-29
2026-08-25,2026-08-29,MICRO E-MINI NASDAQ-100 INDEX - CHICAGO MERCANTILE EXCHANGE,209747,202030,92829,7111,85718,42.42835222491709,10369,216,10153,5.025491263673712,39102,69944,-30842,-15.266049596594566,457,825,-368,53988,118649,-64661,66,2026-09-29
2026-09-01,2026-09-05,MICRO E-MINI NASDAQ-100 INDEX - CHICAGO MERCANTILE EXCHANGE,209747,202614,98233,7645,90588,44.70964494062602,10312,216,10096,4.982873838925247,36647,76068,-39421,-19.456207369678307,456,508,-52,50539,111750,-61211,70,2026-09-29
2026-09-08,2026-09-12,MICRO E-MINI NASDAQ-100 INDEX - CHICAGO MERCANTILE EXCHANGE,209747,187902,99376,8282,91094,48.479526561718345,10550,216,10334,5.499675362689061,28932,79057,-50125,-26.67613968983832,777,1328,-551,43596,94348,-50752,69,2026-09-29
2026-09-15,2026-09-19,MICRO E-MINI NASDAQ-100 INDEX - CHICAGO MERCANTILE EXCHANGE,209747,201017,99304,6534,92770,46.150325594352715,9982,216,9766,4.858295567041593,20330,86973,-66643,-33.152917414945,952,727,225,47755,83873,-36118,71,2026-09-29
2026-09-22,2026-09-26,MICRO E-MINI NASDAQ-100 INDEX - CHICAGO MERCANTILE EXCHANGE,209747,119984,37757,1809,35948,29.96066142152287,10935,216,10719,8.933691158821176,22602,72470,-49868,-41.56220829443926,868,1487,-619,46456,42636,3820,72,2026-09-29
2026-09-29,2026-10-03,MICRO E-MINI NASDAQ-100 INDEX - CHICAGO MERCANTILE EXCHANGE,209747,133964,45223,2726,42497,31.722701621331105,10797,221,10576,7.8946582663999285,7505,98089,-90584,-67.61816607446777,670,1447,-777,69129,30841,38288,65,2026-09-29
