Date,NBars,FirstBar,LastBar,Open930,P1500,P1530,P1550,P1555,P1600,SessionHigh,SessionLow,DataCollectedAt
2026-07-17,78,09:30,15:55,84.62000274658203,84.56500244140625,84.5436019897461,84.51499938964844,84.52220153808594,84.52999877929688,84.81999969482422,84.49019622802734,2026-10-08
2026-07-20,78,09:30,15:55,84.30000305175781,83.875,83.9749984741211,83.95500183105469,83.96499633789062,83.91999816894531,84.33999633789062,83.81500244140625,2026-10-08
2026-07-21,78,09:30,15:55,83.73500061035156,83.69000244140625,83.69499969482422,83.68499755859375,83.69499969482422,83.66999816894531,83.7699966430664,83.43160247802734,2026-10-08
2026-07-22,78,09:30,15:55,83.61000061035156,83.49500274658203,83.41000366210938,83.42500305175781,83.43499755859375,83.41999816894531,83.69999694824219,83.38009643554688,2026-10-08
2026-07-23,78,09:30,15:55,82.98999786376953,83.13009643554688,83.16999816894531,83.1449966430664,83.17009735107422,83.16999816894531,83.25,82.95999908447266,2026-10-08
2026-07-24,78,09:30,15:55,83.30999755859375,83.30999755859375,83.33499908447266,83.3499984741211,83.33999633789062,83.25,83.65499877929688,83.2300033569336,2026-10-08
2026-07-27,78,09:30,15:55,83.7300033569336,83.80000305175781,83.80999755859375,83.84500122070312,83.86000061035156,83.76000213623047,83.87000274658203,83.5199966430664,2026-10-08
2026-07-28,78,09:30,15:55,83.87000274658203,84.19000244140625,84.22000122070312,84.23500061035156,84.24500274658203,84.2300033569336,84.33999633789062,83.84500122070312,2026-10-08
2026-07-29,78,09:30,15:55,84.1050033569336,83.62000274658203,82.83999633789062,82.94499969482422,82.84500122070312,82.86499786376953,84.15129852294922,82.69999694824219,2026-10-08
2026-07-30,78,09:30,15:55,82.80500030517578,82.80500030517578,82.7750015258789,82.8469009399414,82.8499984741211,82.79000091552734,82.9000015258789,82.51499938964844,2026-10-08
2026-07-31,78,09:30,15:55,82.44499969482422,81.96499633789062,82.0250015258789,82.0999984741211,82.13500213623047,82.23500061035156,82.44999694824219,81.88999938964844,2026-10-08
2026-08-03,78,09:30,15:55,82.25,82.21499633789062,82.22000122070312,82.19999694824219,82.19499969482422,82.19999694824219,82.3499984741211,82.01000213623047,2026-10-08
2026-08-04,78,09:30,15:55,82.6449966430664,82.76499938964844,82.79499816894531,82.76499938964844,82.76499938964844,82.82499694824219,82.83999633789062,82.56999969482422,2026-10-08
2026-08-05,78,09:30,15:55,82.94000244140625,82.97000122070312,82.94499969482422,82.96499633789062,82.95010375976562,83.01000213623047,83.1500015258789,82.80000305175781,2026-10-08
2026-08-06,78,09:30,15:55,82.75,82.4749984741211,82.41999816894531,82.4749984741211,82.52649688720703,82.51000213623047,82.91999816894531,82.4000015258789,2026-10-08
2026-08-07,78,09:30,15:55,82.80500030517578,82.54000091552734,82.75,82.75499725341797,82.7249984741211,82.75,82.8499984741211,82.4801025390625,2026-10-08
2026-08-10,78,09:30,15:55,82.4000015258789,82.13009643554688,82.06500244140625,82.07499694824219,82.07499694824219,82.04499816894531,82.44499969482422,82.02999877929688,2026-10-08
2026-08-11,78,09:30,15:55,82.2699966430664,82.25,82.16500091552734,82.15499877929688,82.15989685058594,82.19499969482422,82.45680236816406,82.12000274658203,2026-10-08
2026-08-12,78,09:30,15:55,82.44000244140625,82.13500213623047,82.13500213623047,82.09010314941406,82.1050033569336,82.11000061035156,82.4749984741211,82.05000305175781,2026-10-08
2026-08-13,78,09:30,15:55,82.5999984741211,82.59500122070312,82.58499908447266,82.55500030517578,82.57499694824219,82.58499908447266,83.0,82.48999786376953,2026-10-08
2026-08-14,78,09:30,15:55,82.2300033569336,81.92310333251953,82.03500366210938,82.01499938964844,82.0250015258789,82.03500366210938,82.36000061035156,81.81999969482422,2026-10-08
2026-08-17,78,09:30,15:55,81.76000213623047,81.38829803466797,81.3949966430664,81.41500091552734,81.3949966430664,81.36499786376953,81.8563003540039,81.31500244140625,2026-10-08
2026-08-18,78,09:30,15:55,81.25,81.70500183105469,81.68499755859375,81.68499755859375,81.66000366210938,81.63999938964844,81.75,81.16999816894531,2026-10-08
2026-08-19,78,09:30,15:55,82.80500030517578,82.9083023071289,82.92620086669922,82.87999725341797,82.90010070800781,83.0199966430664,83.05999755859375,82.61000061035156,2026-10-08
2026-08-20,78,09:30,15:55,82.3550033569336,82.41000366210938,82.48500061035156,82.375,82.3550033569336,82.3489990234375,82.7699966430664,82.1500015258789,2026-10-08
2026-08-21,78,09:30,15:55,82.16999816894531,81.9832992553711,81.98100280761719,82.00499725341797,82.0250015258789,82.04000091552734,82.2699966430664,81.90010070800781,2026-10-08
2026-08-24,78,09:30,15:55,82.5,82.59500122070312,82.59500122070312,82.59989929199219,82.58999633789062,82.56500244140625,82.87999725341797,82.44999694824219,2026-10-08
2026-08-25,78,09:30,15:55,83.11000061035156,83.31500244140625,83.3550033569336,83.36499786376953,83.46399688720703,83.46499633789062,83.4800033569336,82.55999755859375,2026-10-08
2026-08-26,78,09:30,15:55,83.2750015258789,83.17500305175781,83.19499969482422,83.24500274658203,83.2249984741211,83.29000091552734,83.30000305175781,83.06999969482422,2026-10-08
2026-08-27,78,09:30,15:55,83.19000244140625,83.1095962524414,83.0999984741211,83.125,83.0999984741211,83.12999725341797,83.3499984741211,83.0,2026-10-08
2026-08-28,78,09:30,15:55,83.05000305175781,82.91999816894531,82.81500244140625,82.80500030517578,82.82499694824219,82.875,83.59870147705078,82.78009796142578,2026-10-08
2026-08-31,78,09:30,15:55,82.46499633789062,82.3949966430664,82.4292984008789,82.44000244140625,82.41500091552734,82.52999877929688,82.52999877929688,82.1449966430664,2026-10-08
2026-09-01,78,09:30,15:55,81.8949966430664,81.84500122070312,81.8385009765625,81.81790161132812,81.82230377197266,81.87000274658203,82.3499984741211,81.77999877929688,2026-10-08
2026-09-02,78,09:30,15:55,81.9800033569336,81.86499786376953,81.8550033569336,81.91609954833984,81.93499755859375,81.94999694824219,82.04759979248047,81.74500274658203,2026-10-08
2026-09-03,78,09:30,15:55,82.33999633789062,82.18399810791016,82.13500213623047,82.0999984741211,82.07499694824219,82.06999969482422,82.43000030517578,82.05999755859375,2026-10-08
2026-09-04,78,09:30,15:55,82.29000091552734,82.20500183105469,82.21499633789062,82.20500183105469,82.19499969482422,82.22000122070312,82.5,82.18000030517578,2026-10-08
2026-09-08,78,09:30,15:55,82.44000244140625,81.99500274658203,82.11000061035156,82.17500305175781,82.14990234375,82.19499969482422,82.45989990234375,81.93499755859375,2026-10-08
2026-09-09,78,09:30,15:55,82.18499755859375,81.75499725341797,81.80500030517578,81.7249984741211,81.70999908447266,81.73500061035156,82.30000305175781,81.36000061035156,2026-10-08
2026-09-10,78,09:30,15:55,80.99800109863281,80.79000091552734,80.69499969482422,80.72000122070312,80.7699966430664,80.79000091552734,81.36000061035156,80.66500091552734,2026-10-08
2026-09-11,78,09:30,15:55,81.30999755859375,80.88500213623047,80.88500213623047,80.875,80.87999725341797,80.86499786376953,81.4749984741211,80.80999755859375,2026-10-08
2026-09-14,78,09:30,15:55,80.81999969482422,81.18499755859375,81.04570007324219,81.01499938964844,80.9999008178711,80.94999694824219,81.3550033569336,80.45999908447266,2026-10-08
2026-09-15,78,09:30,15:55,80.625,80.76010131835938,80.75499725341797,80.76499938964844,80.72000122070312,80.71499633789062,80.84500122070312,80.51000213623047,2026-10-08
2026-09-16,78,09:30,15:55,80.94499969482422,81.01499938964844,80.91500091552734,80.94999694824219,80.91000366210938,80.88999938964844,81.55999755859375,80.86000061035156,2026-10-08
2026-09-17,78,09:30,15:55,81.54000091552734,81.65499877929688,81.7750015258789,81.75509643554688,81.76010131835938,81.77999877929688,81.79000091552734,81.41999816894531,2026-10-08
2026-09-18,78,09:30,15:55,81.44999694824219,81.27999877929688,81.16500091552734,81.20500183105469,81.20500183105469,81.2300033569336,81.47000122070312,81.09010314941406,2026-10-08
2026-09-21,78,09:30,15:55,81.70999908447266,81.6989974975586,81.7750015258789,81.80999755859375,81.79000091552734,81.79499816894531,81.81999969482422,81.54000091552734,2026-10-08
2026-09-22,78,09:30,15:55,81.9000015258789,81.63999938964844,81.75499725341797,81.8550033569336,81.7699966430664,81.76000213623047,81.93499755859375,81.54000091552734,2026-10-08
2026-09-23,78,09:30,15:55,81.4749984741211,80.37999725341797,80.404296875,80.46499633789062,80.43000030517578,80.46499633789062,81.50499725341797,80.2249984741211,2026-10-08
2026-09-24,78,09:30,15:55,80.34500122070312,79.65499877929688,79.51000213623047,79.45999908447266,79.43499755859375,79.42500305175781,80.55000305175781,79.41999816894531,2026-10-08
2026-09-25,78,09:30,15:55,79.36499786376953,79.19499969482422,79.29000091552734,79.37999725341797,79.37200164794922,79.33000183105469,79.45999908447266,78.83000183105469,2026-10-08
2026-09-28,78,09:30,15:55,78.6449966430664,78.5199966430664,78.54499816894531,78.61499786376953,78.61499786376953,78.625,78.86959838867188,78.2697982788086,2026-10-08
2026-09-29,78,09:30,15:55,78.51799774169922,78.15499877929688,78.16899871826172,78.18550109863281,78.25,78.26000213623047,78.5199966430664,77.83999633789062,2026-10-08
2026-09-30,78,09:30,15:55,78.1780014038086,77.68000030517578,77.68000030517578,77.69499969482422,77.67500305175781,77.83999633789062,78.20999908447266,77.55000305175781,2026-10-08
2026-10-01,78,09:30,15:55,76.94200134277344,77.76000213623047,77.70999908447266,77.62000274658203,77.63500213623047,77.70999908447266,78.05000305175781,76.76000213623047,2026-10-08
2026-10-02,78,09:30,15:55,77.92500305175781,77.48999786376953,77.44989776611328,77.33499908447266,77.37000274658203,77.48500061035156,78.31999969482422,77.27999877929688,2026-10-08
2026-10-05,78,09:30,15:55,77.16500091552734,77.11499786376953,77.1050033569336,77.125,77.08000183105469,77.0999984741211,77.26000213623047,76.68499755859375,2026-10-08
2026-10-06,78,09:30,15:55,77.16200256347656,77.40499877929688,77.38500213623047,77.2750015258789,77.30500030517578,77.27999877929688,77.57630157470703,77.06999969482422,2026-10-08
2026-10-07,78,09:30,15:55,76.45500183105469,77.21499633789062,77.11419677734375,77.08999633789062,77.08999633789062,77.1500015258789,77.31500244140625,76.43119812011719,2026-10-08
2026-10-08,78,09:30,15:55,77.19000244140625,77.83499908447266,77.84500122070312,77.86499786376953,77.86499786376953,77.86000061035156,77.91000366210938,77.06999969482422,2026-10-08
